guid	name	zh	en	race	portrait	army	faction	brain	cp	vis	weapon	armor	prefabRefs	proto
0001faed92f34314acf2a5783692a796	KhorneBloodletter_UralonSummon					NewDaemonArmy	HelpingPlayer	KhorneBloodletter_Uralon_Basic_Brain		KhorneBloodletter_VisualSettings	KhorneBloodletterSword_Weapon		1	
000e162f531c487b950e0aa66d4e31f6	CombatServitorMelta_Ranged_PasqualQuest					NewHumanAdMechArmy	CutsceneNeutrals			CombatServitor_VisualSettings	ServitorMelta_PasqualQuest_Item		1	
00139c8a9635489f8aa8a55cfea9bc58	InfernusCH04LTState1_Ranged_Swarm					NewGenestealersCultArmy	Mobs	RangedPositionalInfernusBaseBrain	Infernus_Base_CP	GeneCultistMale_VisualSettings	LasgunT2CH4_Item	ArmoredBodyglove4_Item	1	
001493476bf347ddbfdd8af057cf82a8	NobleInPalace_Zauerback_Male				Mutant1_Portrait		CutsceneNeutrals,Mobs		ZauerbeckNobleMale_CP	Character_smallWHTest_VisualSettings		GuardFlakChestplate_Item	2	Character_smallWHTest
0015fa49d5f91114896ec429727fa9d6	JungleBeastAlpha				GardenWorldBeast_Portrait	NewCreaturesArmy	Mobs	RushBaseBrain		JungleBeast_VisualSettings	ClawsJBeastAlphaWeapon,BiteJBeastComWeapon		2	JungleBeastPrototype
007f3c03c4b44645b66514ac097d5d82	FootfallBanditSupport_AnverLair_LeaderHeavy					NewHumanBanditsArmy	Mobs	FootfallBanditLeaderSupport_Brain		FootfallBanditRingleader_VisualSettings	PowerSword_Item		1	
008638aa60ce4a9c8481e7561bb3219c	4GenestealerMagusDestruction_MeleeRanged_LowerTunnels					NewGenestealersCultArmy	Mobs	GenestealerMagusDestruction_MeleeRanged_LowerTunnels_brain			GenestealerDaggerT1CH4_Item		3	
0089d1204b034d6a8f2fe2b595d88b87	SurvivorCamp_NPC_Priest					NewHumanImperiumArmy	CutsceneNeutrals	TreasureWorld_Arbites_ShieldNShotgun_Brain	ArbitesTrooper14_CP	0Zarkov_Civilian_SurvivorCamp_VisualSettings_Male		ArbitesHeavyArmourCommon_Item	1	
00a797c3eb694a0bbc0c3e6bc7fdd682	DrukhariHaemonculus_MeleeRanged_Lab				Haemonculus	NewDrukhariArmy	CutsceneNeutrals	DrukhariHaemonculus_Lab_Brain		Haemonculus_VisualSettings	DrukhariHaemonculus_PistolSpecial_Item,DrukhariHaemonculus_HandsSpecial_Item	KabaliteArmourT2_Item	1	
00ac5fe6a92a434aa89518306180b30e	HighFactotum				YanrisDanrock_Portrait,BCT_HumanM_RebelLeaderBogul_Portrait	NewHumanImperiumArmy	CutsceneNeutrals,Mobs	JungleWorldRebelLeader_Bogul_Brain		JungleWorldRebelLeader_Bogul_VisualSettings	PatternT2ShurikenPistol_Item	GuardFlakArmour_Item	2	JungleWorldRebelLeader_Bogul
00c21eeb18a54a46aacc03ebd1809231	PlayerRTFighterStartGame			HumanRace	RogueTraderMaleCommissaryPortrait,PlayerAasimarPaladin01_Portrait		Player			Character_VisualSettings	StubRevolverSingleShot_Item	GuardFlakChestplate_Item	2	Character
00c849aa82384a4981032f4331deb084	AbelardCompanionCh02Middle			HumanRace	Abeliard_Portrait,PlayerAasimarPaladin01_Portrait		Player			CompanionAbelardPrototype_VisualSettings,Character_VisualSettings	ThunderHammer_Item,Melta_Item,PowerMaul_Item	EnforcerCarapace_Item,EnforcerLightCarapace_Item	3	CompanionAbelardPrototype>Character
00cfa92f77714ee59a2bfb46d5f1569b	Footfall_FreakshowFakeDrukhari02				RoleSpecialist1_Portrait	NewHumanBanditsArmy	CutsceneNeutrals,Mobs			Lair3RebelLeader_VisualSettings	Hellgun_Item	RadiantChestplate_Item	2	Lair3RebelLeader
00d770d33dba46ea858d3ea3d7e8f71d	OldMasterofDiscipline						CutsceneNeutrals			BridgeCrewMemberNavy_VisualSettings	AutopistolTier2_Item		1	
0105b454341e4905bb855b7b213a734c	ChaosCultist_Range				JungleWorldRebel_Portrait	NewHumanCultistsArmy	Mobs			Lair3RebelRanged_VisualSettings	Bolter_Item		1	
01078dcc62a044df9c0c8948f8b33034	ShipServicemanMutantPyromancer				RoleSpecialist1_Portrait	NewHumanImperiumArmy	Mobs			-ShipServicemanMutantPyromancer_VisualSettings		GuardFlakChestplate_Item	1	
0118900fb174499b9932f2fa4b623896	AdministratumQueueMemberM2				JungleWorldRebel_Portrait		CutsceneNeutrals		PlebMale_CP	Servant_VisualSettings	Knife_Item		1	
012519fc0dd64f508d8d13e168d7a4ca	OperaServant				JungleWorldEldarRanger_Portrait	NewDrukhariArmy	CutsceneNeutrals,Mobs	DrukhariWych_BaseBrain	OperaServant_CP,RTWyches_CP	DrukhariWych_VisualSettings	HekatariiBlade_Item	WychArmour_Item	2	DrukhariWych
01515ee463384fb58f37179e99d16bb9	CultistRangeKhorneRandomEncounter_NoGrenades				BCT_FreakshowMutant02_Portrait	NewHumanCultistsArmy	Mobs		KhorneVoidsman_CP	CultistRange_VisualSettings	Autogun_Item	ScrapChainmail_Item	1	
01580f3ff9a6497daa5040d8fe7a0020	LariaVoigtvir					HumanFortressBornArmy	CutsceneNeutrals			2Zarkov_Civilian_SurvivorCamp_VisualSettings_Female	LasPistolUnlootable_Item		1	
01ac228fdbfd43899206d01b932e643f	EnforcerNeofitCH04LT_Melee_Common					NewGenestealersCultArmy	CutsceneNeutrals		ValantiusEnforcerCarapace_CP	GeneCultistMale_VisualSettings	ShockBatonT2_Item	ReinforcedEnforcerCarapace_Item	1	
01ca1920ba114383b07bc29b4ff3476a	Footfall_GenericVendor						CutsceneNeutrals		PlebMale_CP	Footfall_GenericVendor_VisualSettings			1	
01ce582f7e9c4764b7e9830651c51ae2	MadTechPriest_MutantCutscene				Mechanicus1_Portrait	NewHumanAdMechArmy	CutsceneNeutrals,Mobs			CorruptedTechPriestMelee_VisualSettings	ChainSword_Item		1	CorruptedTechPriestMelee
01fd41f53a3d4ec098f948a50bab2a15	VC2_LadyMolles			HumanRace		NewHumanImperiumArmy	CutsceneNeutrals	VC2_Noble_Brain		NobleInPalace_Female_VisualSettings	PlasmaRifleT2CH4_Item_Unlootable	-ArmoredBodyglove2_BoardedShip_Unlootable_Item	1	
02094127ee4c402fbedbce1aff086e62	DLC3_DL_Guard_Ranged_Ally_Unit					NewHumanImperiumArmy	NeutralGuards	DLC3_DL_Guard_Ranged_Brain	ValantiusSoldier_CP	RogueTraderGuardPeaceful_VisualSettings	DLC3_DL_Guard_Lasgun_Item	DLC3_DL_Guard_GuardFlakArmour_Item	1	
021dd97b536e4f9198958948bdca8297	Vivisector				Martinax		CutsceneNeutrals						1	
025220f8f8e04e589e615cda803cb2c3	PlayerRT_Level42_OlegParty_ExportedPregen			HumanRace	PlayerAasimarPaladin01_Portrait		Player			Character_VisualSettings	SniperRifleT2_Item,SanctifiedStaff_Item	PsykerTempestusCarapace_Item	2	Character
02587040f9464eb4bc7b585251e79bb4	HorrorOfTzeentchBlue_RandomEncounter				HorrorOfTzeentch_Blue_v01_Portrait	NewDaemonArmy	Mobs	RE_HorrorOfTzeentchBlueMelee_Brain		DemonHorror_Blue_VisualSettings	TalonedHands_Item		1	
025f34cfc51e49d78f48b18ea7065cd6	NobleInPalace_Knife				Mutant1_Portrait		CutsceneNeutrals,Mobs			Character_smallWHTest_VisualSettings	Knife_Item		2	Character_smallWHTest
02777b877fc3419e8d908cc54871aa36	DemonSlaaneshDaemonette_Melee_UlfarQuest					NewDaemonArmy	Mobs	MeleeFlankerBaseBrain		DemonSlaaneshDaemonette_VisualSettings	DaemonetteClawBasic_UlfarQuest_Item		1	
02835d88d9a541ce8bcebf0683681e93	VeteranAssassinTechpriest				Mechanicus2_Portrait	NewHumanAdMechArmy	Mobs			VeteranAssassinTechpriest_VisualSettings	SniperRifle_Item	GuardFlakArmour_Item	1	
028525e7022c44cdb95dcd3d0752f39b	MB_Enforcer_Sniper						CutsceneNeutrals				SniperRifle_Item		1	
0286efcc789042838222a3d1454e561c	NurglePlaguebearer_MeleeRanged_Perils					NewDaemonArmy	Mobs	NurglePlaguebearer_Perils_Brain,PlaguebearerBrawler_BaseBrain		Plaguebearer_VisualSettings	Plaguebearer_Plaguesword_Weapon,Plaguesword_Item		2	Plaguebearer
0297e832a75543df932eb2fe010f2e4f	PascalCompanion_TrailerCinematic			HumanRace	Pascal_Portrait,PlayerAasimarPaladin01_Portrait	NewHumanImperiumArmy	HelpingPlayer,Player			CompanionPascalPrototype_VisualSettings,Character_VisualSettings	OmnissiahAxe_Item,PlasmaRifle_Item,Melta_Item,Autogun_Item	EnforcerCarapace_Item,GuardFlakArmour_Item	4	PascalCompanion>CompanionPascalPrototype>Character
02a1dd2c64d548098a46067fa950c41e	LT_Fighter_Faith					NewHumanBanditsArmy	Mobs	FootfallSewers_Bandit_Melee_brain	HoboBoxersMale_CP	FootfallBandit_VisualSettings	ShockBaton_Item		1	
02a58862b048439aabe00131b52396ad	MadTechPriest_Final				Mechanicus2_Portrait	NewHumanAdMechArmy	CutsceneNeutrals,Mobs			-FabricatorsLeutenantTechPriest_VisualSettings	Lasgun_Item	ForgeArmour_Item	2	FabricatorsLeutenantTechPriest
02b725200cb84248a8b1354e51d87662	RTPalaceServant_Female3						CutsceneNeutrals		ValantiusServantFemale_CP	RTPalaceServant_Female_VisualSettings			1	
02f2b3c0ef2846c2ae54287b10399c5c	CW_NaviTraditionalistLeader				BCT_ReginaSauerbeck_Portrait	HumanShrineWorldArmy	CutsceneNeutrals	NaviRadicalLeaderBrain		-NaviTraditionalistLeaderFemale_VisualSettings	HellPistol_Item	ArmoredBodyglove4_Item	1	
030029956e2945489f68973f604584f6	DemonForgeFiend_NoMaster					NewDaemonArmy	CutsceneNeutrals,Mobs	ForgeFienddBasic_Brain		DaemonForgeFiend_VisualSettings	ChaosEngine_BiteWeapon,ChaosEngine_TwinPlasma_Weapon		2	Daemon_ForgeFiend_ForgeWorld
03108ebe40514ffa88f3781067cc5533	CorruptedElectropriest				Mutant1_Portrait		CutsceneNeutrals,Mobs			ElectropriestNinja_VisualSettings,Character_smallWHTest_VisualSettings			2	Character_smallWHTest
03197fa2a7784835b0bb214fc6d693ab	Footfall_Worker						CutsceneNeutrals		PlebMale_CP	Footfall_Worker_VisualSettings		GuardFlakChestplate_Item	1	
0335de8b16274ecb9e5275edcf37e75b	ReportingOfficer				Ravor_Portrait		CutsceneNeutrals			YoungGuard_VisualSettings			1	
038fcb5cc8704d18a33af117ec13c46f	Exhibition_ChaosSpacemarine_Ranged1			SpaceMarineStandardRace	Spacemarine1_Portrait	NewChaosSpaceMarineArmy	Mobs	Exhibition_ChaosSpacemarine_Ranged_Brain		ChaosSpacemarine_VisualSettings	Exhibition_ChaosSpaceMarineBolter_Item,ChaosSpaceMarineBolter_Item		2	ChaosSpacemarine
03c8e2a1196242d38abc3e0982c103c9	CorruptedTechPriestTough				Mechanicus1_Portrait	NewHumanAdMechArmy	Mobs			CorruptedTechPriestTough_VisualSettings	Bolter_Item	ForgeArmour_Item	1	
03d80aa2d49843558ab724cbacdb7b25	RE_MadCombatServitor				Soldier1_Portrait	NewHumanAdMechArmy	Mobs	MadServitorRandomEncounter_Brain		CombatServitor_VisualSettings	RE_ServitorBolter_Item	ScrapChainmail_Item	1	
03f4029c4e814309a7822b030366a0b4	Summon01_Epitaph					NewNecronArmy	Mobs	Summon01_Epitaph_Brain		Ctan_VisualSettings	CtanTailWeak_Weapon		1	
0403d7993eb34663a2279062a1645ec4	Amalgam_Enforcer						CutsceneNeutrals,Mobs			Character_MeleeWHTest_VisualSettings			3	Character_MeleeWHTest
0417c8fa7de5458c8d743f3c8d388c2b	ToriannaGaprak						CutsceneNeutrals			TorianaGaprak_VisualSettings			1	
04254b711a9344f7ae5eca31cfbc57ad	Herald3						CutsceneNeutrals			ServoSkullHerald_03_VisualSettings,ServoSkullRogueTrader_VisualSettings			2	HeraldPrototype
0431c308a11743bfaaf62e71133b2e24	OfficerDeckGuest_Male				Mutant1_Portrait		CutsceneNeutrals,Mobs		NobleMale_CP_Correct	BridgeCrewMemberNavy2_VisualSettings,Character_smallWHTest_VisualSettings			3	NobleInPalace>Character_smallWHTest
0434f8b8eba546d6a33cde4795157db6	LT_CommonerFemale						CutsceneNeutrals		LowliferFemale_CP	Footfall_CommonerFemale_VisualSettings			1	
046f593cd65e49708955bd4d873c0b8c	Footfall_SpaceVendor_Fake				SpaceVendor		CutsceneNeutrals			Footfall_Delegate_VisualSettings		GuardFlakChestplate_Item	1	
048897b27a8643b59a79e217b73c161a	PlayerRTLeader_Gamescom			HumanRace	ComissarMale,PlayerAasimarPaladin01_Portrait		Player			Character_VisualSettings	Bolter_Item,ShurikenPistol_Item,EliteChainSword_Item,ChainSword_Item	EnforcerLightCarapace_Item	3	PlayerRTFighter>Character
04b2a8f3bf5a4a0d8c8b454a2f9d0fa2	NobleInPalace_Gaprak_Male				Mutant1_Portrait		CutsceneNeutrals,Mobs		GaprakNobleMale_CP	Character_smallWHTest_VisualSettings		GuardFlakChestplate_Item	2	Character_smallWHTest
04eba6c22455422cb863abe7ac899df1	4ArgentaCompanion_Level25_TesseraParty_ExportedPregen			HumanRace	Argenta_Portrait,PlayerAasimarPaladin01_Portrait		Player			CompanionArgentaPrototype_VisualSettings,Character_VisualSettings	ImperialPride_Bolter_Item,Focus_Flamer_Item,Bolter_Item,Flamer_Item	FireproofCarapace_Item,EnforcerLightCarapace_Item	3	CompanionArgentaPrototype>Character
0536f7b0e91c43bc9409b5509cf19bc5	MutantPyromancerRandomEncounter				BCT_Human_Male_Cultist2_Portrait	NewHumanImperiumArmy	Mobs	Pyromancer_Brain		.MutantPyromancerRandomEncounter_VisualSettings	LasPistol_Item	HeavyLeathersArmour_Item	1	
05394cf139794e57b8fe15ef2483ab10	TreasureWorld_FeralGuard_Ranged_NoExp					NewHumanImperiumArmy	CutsceneNeutrals	TreasureWorld_FeralGuard_Ranged_Brain	JanusRebel_RegularMale_CP		LasgunTrophy_Item	GuardFlakChestplate4_Item	2	TreasureWorld_FeralGuard_Ranged
055a54fc25a1444b83bec92e9f343f11	DrukhariPilot1					NewDrukhariArmy	Mobs	DrukhariLeaderF_GrandSpectacle_brain		DrukhariKabalite_VisualSettings	ShardcarbineT2CH04_Item,SplinterRifleKabalite_Item		2	DrukhariLeaderF
0577f93a391e49a08f4f200dd2488101	SurvivorCamp_NPC_Dankosh					NewHumanImperiumArmy	CutsceneNeutrals	TreasureWorld_Arbites_ShieldNShotgun_Brain	ArbitesTrooper14_CP	0Zarkov_Civilian_SurvivorCamp_VisualSettings_Male	ArbitesFoehammer_Item	ArbitesHeavyArmourCommon_Item	4	
057bbeb83a1c4578b911f726460d9ad4	TheAlly_MeleeRanged_VoidshipTempleAmbush					NewHumanBanditsArmy	HelpingPlayer			BridgeCrewMemberNavy_VisualSettings	LasgunT2CH2_Item	CarapaceChestplate_Item	1	
058a224afeab4b818dc49c3991a7bb64	.TarzusTechPriestStubcarbine_Technomat_ArcAdept					NewHumanAdMechArmy	CutsceneNeutrals	4TarzusMadTechPriestStubcarbine_Technomat_Adept_brain		MadTechPriest_VisualSettings	ArcRifleT1CH2_Item		1	
05a09bb846b1442f86893294cb6081df	DrukhariWychPrototype					NewDrukhariArmy	Mobs	DrukhariWych_BaseBrain		DrukhariWychPrototype_VisualSettings	SplinterRifle_Item	KabaliteArmour_Item	1	
05a25fe4441041179ac194d3a40fbc3f	VoidshipReactor_Officer					NewHumanImperiumArmy	HelpingPlayer	Officer_Brain	ReactorOfficer_CP	BridgeCrewMemberNavy_VisualSettings	Autopistol_Item		1	
05bc58d25fd64db389c79efa3f3bcb4d	NecronWarrior_PortalSummoned					NewNecronArmy	Mobs	NecronWarrior_PortalSummoned_brain		NecronWarrior_VisualSettings	NecronWarriorRange_Weapon,NecronWarriorMelee_Weapon		1	
05cb592790a04b068fb152ddff4d172a	GenestealerMagusBuffer_MeleeRanged_LowerTunnels					NewGenestealersCultArmy	Mobs	5GenestealerMagusBuffer_MeleeRanged_LowerTunnels_brain		GeneCultistMale_VisualSettings	GenestealerDaggerT1CH4_Item		1	
05fb3e16ea894ab2bb7093add8f08e07	SC_DW_Beast_Wart					NewBeastLimpArmy_NotStat	Neutrals	DW_Beast_Wart_Brain		DW_Beast_Wart_VisualSettings			1	
06073d1426d240db921fed2c5f9eedc0	RT35Yremerissss_ExportedPregen			HumanRace	PlayerAasimarPaladin01_Portrait		Player			Character_VisualSettings	VenomBladeT2CH04_Item,BlackhazeVenomBlade_Item,BloodseekerKlaive_Item	Assault_EnforcerLightCarapace_Item	2	Character
060c515ae9e8438d91825d6f71dd768e	RogueTraderGuardSergantPeaceful				BCT_RTPalaceSergeant_Male_Portrait,JungleWorldRebel_Portrait	HumanFortressBornArmy	CutsceneNeutrals	RangedPositionalBaseBrain	ValantiusSoldier_CP	RogueTraderGuardPeaceful_VisualSettings	Autopistol_Item,Lasgun_Item	GuardFlakArmour_Item	2	RogueTraderGuardPeaceful
06659b11f7b9474ba3d193c813ff11fc	LT_Foreman					NewHumanImperiumArmy	NeutralGuards			Footfall_Worker_VisualSettings	ShockBaton_Item		1	
068660bd2dc140d6a3ca36eef70ba3c1	Archive				BCT_Eldar_Male_Guardian2_Portrait	NewAeldariArmy	Mobs	JungleWorldEldarRange_Brain		JungleWorldEldarUnit_VisualSettings	ShurikenCatapult_Item	EldarRangerArmour_Item	1	
0694f7ac7aa6432da08aa65307e36ef5	StarportRebelMeleeSwarm					NewHumanImperiumArmy	Mobs	RushBaseBrain	RaycadRebel_Unarmored_CP	JungleWorldRebelMeleeTough_VisualSettings	Knife_Item	ArmoredBodyglove_Item	1	
069793cb2a9e444b96fe44a96dbc0fa2	FW_OrchestraServitor_4					NewHumanAdMechArmy	CutsceneNeutrals,Mobs	RushBaseBrain		ServitorBaseMale01_VisualSettings	PincersServitorWeapon		3	MadServitor>Servitor_FWSH
06de40c7003d4db79116ceea9cf3aedb	NurgleZombieSwarm01_RandomEncounter				BCT_LowerdecksNurgleZombieFlak_Portrait	NewHumanImperiumArmy	Mobs		Zombie_Enforcer_CP,Zombie_VoidWorker_CP	PlagueZombieFighter_VisualSettings	Axe_Item,Knife_Item,MutantSwordHands_Item	GuardFlakArmour_Item	3	NurgleAmbushZombie_RandomEncounter>PlagueZombieFighter
070bdc3226ce4858964e30403f93e58f	EvilCodeGramofonVar2				EvilCodeGramofon_Portrait	NewMachineArmy	Mobs	EvilCodeGramofonBrain		EvilCodeGramofon_VisualSettings			2	EvilCodeGramofon
072ed311f1ac41358dbd95c1c15fddb5	HumanGladiator_Ranged_Arena_01					NewHumanImperiumArmy	Neutrals	RangedPositionalBaseBrain	ChasmGladiators_Shooter_CP		Ripper_Autogun_Item	XenoMesh_Item	1	
0732b0bb09c64a708fd76019d8e74501	WrackServantNoName				JungleWorldEldarRanger_Portrait	NewDrukhariArmy	CutsceneNeutrals,Mobs	KabalitePositionalBaseBrain		DrukhariAcothyst_VisualSettings	Hexrifle_Item	KabaliteArmour_Item	2	DrukhariAcothyst
073fa559757244e0b3c01447fe81b661	Footfall_FreakshowMaster				RoleSpecialist1_Portrait	NewHumanBanditsArmy	CutsceneNeutrals,Mobs			Lair3RebelLeader_VisualSettings	Hellgun_Item	RadiantChestplate_Item	2	Lair3RebelLeader
0749af52a3c244419f33ac7da14790ba	DrukhariKabaliteForCoronation					NewDrukhariArmy	CutsceneNeutrals,Mobs	KabalitePositionalBaseBrain	RTSoldier_CP	DrukhariKabalite_VisualSettings	SplinterRifle_Item		2	DrukhariKabalite
0757c35732754a689d6ae5f28e0b84ff	Comissar				CommorraghCommissar_Portrait	HumanDeathWorldArmy	CutsceneNeutrals				Hellgun_Item	RadiantChestplate_Item	1	
07681860145746beb9f60912df872487	YrlietCompanionCh02Middle			EldarStandardRace,HumanRace	Yrliet_Portrait,PlayerAasimarPaladin01_Portrait		Player			CompanionYrlietPrototype_VisualSettings,Character_VisualSettings	LongRifle_Item	EldarRangerArmour_Item	3	CompanionYrlietPrototype>Character
078e50dd590c4da193a16e6a5cac8b3b	Trazyn_Timelord_Boss				Trazyn	NewNecronArmy	Mobs	Trazyn_Timelord_Brain,Trazyn_Collector_Brain		Trazyn_VisualSettings	Trazyn_EmpathicObliterator_Ranged_Item,Trazyn_EmpathicObliterator_Melee_Item		2	Trazyn_Collector_Boss
079cf273febe47c9bd636fb2e315e31a	FW_Hungry_Horse_Old					NewCreaturesArmy	CutsceneNeutrals	FeudalWorld_CyberLacerax_Melee_Brain			FW_CAL_Claws_Weapon,BiteJBeastComWeapon		1	
07bbf1e88b524a9a8baf324f76c8feec	BoardedShip_Reactor_Melee_Common_Unit					NewHumanBanditsArmy	Mobs	BoardedShip_EndureCharge_Brain	CommonPirate1_CP	FootfallPirate_VisualSettings	ChainAxe_BoardedShip_Unlootable_Item	-ArmoredBodyglove2_BoardedShip_Unlootable_Item	1	
07d9fa1314a144f7be713ee76bde80d2	CassiaCompanion_Level7_EtelParty_ExportedPregen			HumanRace	Cassia_Portrait,PlayerAasimarPaladin01_Portrait		Player			CompanionCassiaPrototype_VisualSettings,Character_VisualSettings	StaffOfHouseOrsellio,SniperRifleT1Tutorial_Item,Longlas_Item,Autopistol_Item	ArmoredBodyglove2_Item,GuardFlakArmour_Item	3	CompanionCassiaPrototype>Character
07df097def384ae6bb863580f559173a	MB_Augmented_Noble						CutsceneNeutrals		NavyOfficer_CP				1	
07e47703b55e48c09b6abf9266689e68	CommorraghBeast				GardenWorldBeast_Portrait	NewCreaturesArmy	Mobs	RushBaseBrain		JungleBeast_VisualSettings	ClawsJBeastAlphaWeapon,BiteJBeastComWeapon		3	JungleBeastAlpha>JungleBeastPrototype
07eff44589864af0a18ca575f05e2443	OfficersDeckTechnomat						CutsceneNeutrals		Technomat_CP	RaycadMinoris_Technician_VisualSettings			1	
07f0b8c256df40b6807e339ae4fb60ca	Tech_BoardedShip_Bridge3					NewMachineArmy	TrueNeutrals			Tech_BoardedShip_VisualSettings			10	
086a87568425489bbd807bae3dfb113e	PainedFarseer					NewAeldariArmy	CutsceneNeutrals			Farseer_VisualSettings			2	0cd55320
086c604d50414a8aaaa04d46b07772f2	DemonSlaaneshDaemonette_MarazhaiQ1				Daemonette_Portrait	NewDaemonArmy	CutsceneNeutrals	DemonSlaaneshDaemonette_MarazhaiQ1_brain		DemonSlaaneshDaemonette_VisualSettings	WhipSlaaneshDaemonetteWeapon		5	
088bf0d11c3d49fb8e370022f2af9910	KelemorphAvenger_Ranged_Boss					NewGenestealersCultArmy	CutsceneNeutrals	KelemorphAvenger_Brain		KelemorphAvenger_Ranged_Boss_VisualSettings	SuppressorStubRevolver_Item,LiberatorStubRevolver_Item,DeadShotStubRevolver_Item,SuppressorStubRevolveUnlootable_Item	ArmoredBodyglove3_Item	1	
08946c3602fc4e38b45fa25b2e972085	NomosDemonEngine				NomosCorruption		CutsceneNeutrals			DaemonForgeFiend_VisualSettings			1	
08993ef5eb354213b990781c4bf029ae	SicarianRuststalkerChaos_UlfarQuest					NewHumanAdMechArmy	Mobs	Sicarian_BaseBrain		SicarianRuststalkerChaos_VisualSettings	TransonicBlade		1	
089a307658944f628493dd27cbc260a5	JuvennaFakeForVox					HumanFortressBornArmy	CutsceneNeutrals				LasPistolUnlootable_Item		1	
08a712b256a04eb589a59e2644c98f9e	ServitorWarehouseJaeQ1					NewHumanAdMechArmy	Mobs			ServitorBaseMale02_VisualSettings	PincersServitorWeapon		1	
08aae1b32d5a41628dff03cb9e33d696	3CassiaCompanion_Level25_TesseraParty_ExportedPregen			HumanRace	Cassia_Portrait,PlayerAasimarPaladin01_Portrait		Player			CompanionCassiaPrototype_VisualSettings,Character_VisualSettings	StaffOfHouseOrsellio,BloodhoundNavigatorStaff,Longlas_Item,Autopistol_Item	HeadhunterLightCarapace_Item,GuardFlakArmour_Item	3	CompanionCassiaPrototype>Character
08c96f2ea8ed4f2787694f997191156a	7Latyshev_Idira_Overseer_Augments_Level25_ExportedPregen			HumanRace	Idira_Portrait,PlayerAasimarPaladin01_Portrait		Player			CompanionIdiraPrototype_VisualSettings,Character_VisualSettings	ChargedStaffItem,SniperRifle_Item,Autopistol_Item,Longlas_Item	PsychicBodyglove_Item,GuardFlakArmour_Item	3	CompanionIdiraPrototype>Character
08f1d68bcd4747b4a11b25f48aa19554	Eogann_45_Q2_ExportedPregen						Player			CompanionPascalPrototype_VisualSettings	DoombringerSword_Item,ArcRifleUniqueCh4V1_Item,PlasmaRifleT3_Item		1	
0901b2a14ee442a8a24c1428c5acda17	ImmortalSkitariiAlpha_ArcShip					NewHumanAdMechArmy	CutsceneNeutrals	ImmortalSkitariiAlpha_Brain		CorruptedTechPriest_VisualSettings	ArcRifleT1CH2_Item		1	
0906bb5f77e04bf0bebc87ade9c79e7d	TaintedStreetsBlindMadmanM				JungleWorldRebelSniper_Portrait	NewHumanImperiumArmy	TrueNeutrals		PlebMale_CP	TaintedStreetsBlindMadmanM_VisualSettings			1	
092f53c575e2423bb58314e980c1a5dc	EnforcerNeofitCH04LT_Melee_Common_Uniq					NewGenestealersCultArmy	CutsceneNeutrals			GeneCultistMale_VisualSettings	PowerMaulT2CH5_Item	ReinforcedEnforcerCarapace_Item	1	
0963357349374da8abfd269497f4bc10	AdministratumMenas				JungleWorldRebel_Portrait		CutsceneNeutrals			Servant_VisualSettings	Knife_Item		1	
098dab4e0a30439e97be92ebd3dcdc37	NecronLokhustHeavyDestroyer_Ranged_Epitaph				DarkMechanicus_Portrait	NewNecronArmy	Mobs	NecronLokhustHeavyDestroyer_Default_Brain		NecronLokhustHeavyDestroyer_VisualSettings	GaussGun_Epitaph_Item,GaussGun_Weapon		2	NecronLokhustHeavyDestroyer_Prototype
099647f5498c4777a73ffd5e56ddf42a	DLC1_NPC_VIP_OldLady				BCT_Female_Lowerdecks_LeaderOld_Portrait	HumanVoidBornArmy	CutsceneNeutrals			BridgeCrewMemberNavyFemale_VisualSettings,RabbleLeaderOld_VisualSettings	LasPistol_Item		2	RabbleLeaderOld
09a3e33f3d574d02b8f0a333b880d0ae	StarportRebelRangeSwarm1					NewHumanImperiumArmy	Mobs	StarportRebelRangeSwarm_Brain	RaycadRebel_Unarmored_CP	JungleWorldRebelMeleeTough_VisualSettings	ScrappyAutogun_Item		1	
09ce003f693e4b2d8bc1a3815ad56c46	Daemon_ForgeFiend_ForgeWorld					NewDaemonArmy	Mobs	ForgeFienddBasic_Brain		DaemonForgeFiend_VisualSettings	ChaosEngine_BiteWeapon,ChaosEngine_TwinPlasma_Weapon		1	
09dacd35116745cf8574b030a3d4ebce	ArenaGladiator1				BCT_Male_PenalWorld_Gladiator_Portrait	NewHumanImperiumArmy	Neutrals,CutsceneNeutrals		ChasmGladiators_Heavy_CP,VheabosGladiators_CP	Gladiator_VisualSettings	SerratedKnife_Item,StubRevolver_Item	Chainmail_Item	2	Gladiator
09de569052de4bc2951b402e04dd7cfe	AbelardCompanion_Ch04_Lvl40				Abeliard_Portrait		Player			CompanionAbelardPrototype_VisualSettings	PowerMaul_Item,AutopistolTier2_Item,MeltaUltima_Item	FireproofCarapace_Item	1	
09eb6bdebe934a6fa6ee13c4be61d268	VasiliyPascal_15LvL_ExportedPregen			HumanRace	Pascal_Portrait,PlayerAasimarPaladin01_Portrait		Player			CompanionPascalPrototype_VisualSettings,Character_VisualSettings	OmnissiahAxe_Item,PlasmaPistol_Item,PlasmaRifle_Item,Autogun_Item	HolyVestment_Item,EnforcerCarapace_Item,GuardFlakArmour_Item	4	PascalCompanion>CompanionPascalPrototype>Character
0a2267c35c704966b2ab3bd9bd609285	MB_Patient						CutsceneNeutrals		MedbayPatient_CP		LasPistol_Item		1	
0a4b82accdfb4e53aae77a06d7276a4a	TalosPainEngine_StingerPod					NewDrukhariArmy	Mobs	Talos_FlailStinger_Brain		DrukhariTalosPainEngine_VisualSettings	TalosChainFlails_Item,TalosStingerPod_Item		1	
0a51a4a887db48a1bc66aa8b4d03e008	PossessedTechnomat					NewHumanAdMechArmy	Mobs	RangedPositionalBaseBrain		PossessedTechnomat_VisualSettings	LasgunT1CH02_Item		1	
0a695bb316334e61988ca4364d3480f9	madmen						CutsceneNeutrals		Hobo_CP	Footfall_CommonerFemale_VisualSettings			1	
0a6ecb23680d49e496083e0a17bb1bef	NavisNobilite_Commander_CassiaRoom					NewHumanImperiumArmy	CutsceneNeutrals	NavisNobilite_Commander_Brain		NavisNobilite_VisualSettings	Lasgun_Item	EnforcerLightCarapace1_Item	1	
0a6fc0f537b04a869ff2bd1d6c2d62eb	HeinrixCompanion_Ch05_TrueStart			HumanRace	Heinrix_Portrait,PlayerAasimarPaladin01_Portrait		Player			CompanionHeinrixPrototype_VisualSettings,Character_VisualSettings	EvisceratorCH5Unique_Item,AssasinPistol_Item,ForceSword_Item,Shotgun_Item	ChaosEnforcerCarapace_Item,GuardFlakArmour_Item	3	CompanionHeinrixPrototype>Character
0a78ef1d4598483f9954a3201ab17c69	JungleWorldEldarCutscene				JungleWorldEldarRanger_Portrait	NewAeldariArmy	Mobs			JungleWorldEldarUnit_VisualSettings	LongRifle_Item	EldarRangerArmour_Item	1	
0a7e17bde9c943a6a4db4362da861ee1	MadTechPriestStubcarbine_Technomat					NewHumanAdMechArmy	Mobs	RangedPositionalBaseBrain	BattleTechnomat_CP	MadTechPriest_VisualSettings	Stubcarbine_Item	GuardFlakArmour_Item	1	
0a9464247f1b4b0ba3df276ec7707ca1	FW_Culprit_Swordman					NewHumanImperiumArmy	CutsceneNeutrals	FW_Culprit_Sword_Brain		SlumsMutantFast_VisualSettings	FW_Knight_Sword_Item		1	
0a950eee20c34539b06cb91291d720eb	GenestealerBrute_Melee_PatriarchVisions					NewGenestealersCultArmy	Mobs			Footfall_Enforcer_VisualSettings	ChainAxeT2CH02_Item	EnforcerCarapace_Item	1	
0abae138381842f4891e534ec540fdc8	OfficersDeckGuardMeeleeCutscene					NewHumanImperiumArmy	HelpingPlayer		ValantiusSoldier_CP	BridgeCrewMemberGuard_VisualSettings	SwordUnlootable_Item		1	
0af9f912a7b4483ebba44fcc222bc666	2Latyshev_Pasqal_BH_Augments_Level25_ExportedPregen			HumanRace	Pascal_Portrait,PlayerAasimarPaladin01_Portrait		Player			CompanionPascalPrototype_VisualSettings,Character_VisualSettings	AOO_OmnissiahAxe_Item,PlasmaRifle_Item,OmnissiahAxe_Item,Autogun_Item	FireproofCarapace_Item,EnforcerCarapace_Item,GuardFlakArmour_Item	4	PascalCompanion>CompanionPascalPrototype>Character
0afe643229294ac78bbc1effe8e97446	Footfall_Waiter						CutsceneNeutrals		CanteenaWaiter_CP,PlebMale_CP	Footfall_Commoner_VisualSettings			2	Footfall_Commoner
0b0a68ed66a94eb2b360f3f5bd215ce9	Quetza-al_ArchmilitantVillage					NewHumanImperiumArmy	CutsceneNeutrals,HelpingPlayer	Archmilitant_Brain		Quetza-al_Archmilitant_VisualSettings	HarbingerOfCarnage_item,HellPistol_Item	GladiatorsMeshArmour_Item	2	Quetza-al_Archmilitant
0b12fc24dea34088891319084bbb2387	InfernusCH04LTState2_Melee_Swarm					NewGenestealersCultArmy	CutsceneNeutrals		Infernus_Base_CP	GeneCultistMale_VisualSettings	AxeT2CH04_Item	ArmoredBodyglove4_Item	1	
0b17445f2cd74b12b22291cb293a8d06	OP_Technomat						CutsceneNeutrals						1	
0b1c64dd28f04d4fae66a35870240979	JaeGuard					NewHumanImperiumArmy,NewHumanBanditsArmy	NeutralGuards,Mobs	RangedRushBaseBrain	JaeBandit_CP,Anver_Common_CP	FootfallBandit_VisualSettings	Lasgun_Item,Axe_Item,ChainSword_Item,Autopistol_Item		2	FootfallAnver_MeleeRanged_Swarm
0b219f28f1bc4c58a46b6c7a296320d9	TreasureWorld_ContainerLarge						CutsceneNeutrals						1	
0b26ec3ff9054ff0a5a564998f786b6c	4y6_Sniper_35lvl_ExportedPregen			HumanRace	PlayerAasimarPaladin01_Portrait		Player			Character_VisualSettings	LongBarreledSniperRifle_Item,LongRifleRelic_Item	SlickBodyglove_Item	2	Character
0b2a5255e06d4d5997f1a078f71f6258	TrampMain					HumanVoidBornArmy	CutsceneNeutrals				Knife_Item,BeggarPistol_item		1	
0b402ce674494c609965f2170fa76352	VasiliyHeinrix_15LvL_ExportedPregen			HumanRace	Heinrix_Portrait,PlayerAasimarPaladin01_Portrait		Player			CompanionHeinrixPrototype_VisualSettings,Character_VisualSettings	ForceSwordCH1Unique2_Item,Autopistol_Item,BiomancersStaff_Item,ForceSword_Item	GuardFlakArmour_Item	3	CompanionHeinrixPrototype>Character
0b68e27a29694d299a987932176e88bf	BoardedShip_Captain_Normal_Boss					NewHumanImperiumArmy	Mobs	BoardedShip_Captain_Normal_Brain		FootfallBanditHeavy_VisualSettings	PyromancersStaff_Item	Chainmail_Item	1	
0b8c0cbb8ba0411991d30a9172e4061b	PlayerRTLeader_Chapter1_MIddle			HumanRace	RogueTraderMaleCommissaryPortrait,PlayerAasimarPaladin01_Portrait		Player			Character_VisualSettings	StubRevolver_Item,Sword_Item	GuardFlakChestplate_Item	2	Character
0bb2165e6a07476ba150541904262b06	TaintedStreetsTriumphGuardF				JungleWorldRebelSniper_Portrait	NewHumanImperiumArmy	NeutralGuards	RangedSoldier_Brain	Winterscale_Soldier_CP	TaintedStreetsHostagesF_VisualSettings	Lasgun_Item		1	
0bbdbfea081f452985baacd1962cdff3	Guard_Engineer_DargonusLoop				JungleWorldRebel_Portrait	NewHumanImperiumArmy,HumanFortressBornArmy	TrueNeutrals,CutsceneNeutrals	Guard_Engineer_DargonusLoop_Brain,RangedPositionalBaseBrain	MerovianSoldier_CP,ValantiusSoldier_CP	RogueTraderGuardPeaceful_VisualSettings	Lasgun_Item	GuardFlakArmour_Unlootable_Item,GuardFlakArmour_Item	2	RogueTraderGuardPeaceful
0bdf4930bca14529861286b4d821fba2	OfficerDeckGuardBetterBrains					NewHumanImperiumArmy	HelpingPlayer	OfficerDeckGuard_brain,Officer_Brain	ValantiusSoldier_CP	BridgeCrewMemberGuard_VisualSettings	LasgunUnlootable_Item		2	OfficersDeckGuard
0c0bbf24238b4a719c3dbd55040e4f0d	UlfarCompanion_GrandSpecticleNPC			SpaceMarineStandardRace,HumanRace	Ulfar_Portrait,Heinrix_Portrait,PlayerAasimarPaladin01_Portrait	NewSpaceMarineArmy	HelpingPlayer,Player	UlfarGrandSpecticle_brain		UlfarCompanion_VisualSettings,CompanionHeinrixPrototype_VisualSettings,Character_VisualSettings	AstartesBoltPistol_Item,AstartesCombatKnife_Item,AstartesBolter_Item,ForceSword_Item	UlfarArmor_Item,GuardFlakArmour_Item	4	UlfarCompanion>CompanionHeinrixPrototype>Character
0c1ddea4b6184e9994abc660a27623cc	ArgentaCompanion_Chapter1_Special			HumanRace	Argenta_Portrait,PlayerAasimarPaladin01_Portrait		Player			CompanionArgentaPrototype_VisualSettings,Character_VisualSettings	ArgentaStartBolter_Item,StubRevolver_Item,Axe_Item,Bolter_Item	GuardFlakChestplate_Item,EnforcerLightCarapace_Item	3	CompanionArgentaPrototype>Character
0c20b1b0fc8d4e62bc7603ad5c686141	HellBrute_UlfarQuest					NewDaemonArmy	Mobs	Helbrute_UlfarQuest_Brain		Helbrute_VisualSettings	HelbruteFist_UlfarQuest_Item,HelbruteAutocannon_UlfarQuest_Item		3	
0c3626316ad64d9985c71217c9f55584	RTNeutral					NewHumanImperiumArmy	CutsceneNeutrals			Character_VisualSettings	AntiVechicle_StubRevolver_Item,AutoStriking_PowerSword_Item	PanoplyOfAssassin_Item	1	
0c5704ff2fe54957b6f69a9095b32613							CutsceneNeutrals		Hobo_CP	Footfall_Commoner_VisualSettings			1	
0c5ca73259a281b4ebb5a22075964f94	PlayerRTFighter			HumanRace	ComissarMale,PlayerAasimarPaladin01_Portrait		Player			Character_VisualSettings	ChainSword_Item,PlasmaRifle_Item	EnforcerLightCarapace_Item	2	Character
0c8749b1549b7bf4d9a16398d69bc6fb	TrapActor_Lvl09						Traps			TrapActor_Lvl03_VisualSettings	TrapDagger_Lvl09,TrapDagger_Lvl03		2	TrapActor_Lvl03
0c9def3d9921451584ba0cfe74772fc6	GvedonYart						CutsceneNeutrals			BridgeCrewMemberTechnician_VisualSettings			1	
0ccfe0aeaac44bfa92d5dc7ba9b47d10	0PlayerMercenary_Level42_OlegParty_ExportedPregen			HumanRace	PlayerAasimarPaladin01_Portrait		Player			Character_VisualSettings	SplinterPistolAgony_Item,InfernoPistolT2CH04_Item,LonglasCH04_Item,StubRevolverSingleShot_Item	FancyUniform_Item	3	StartGame_Player_Unit>Character
0cd0aae977e249deb41cf5642d2ca882	VC2_Mercenary3Delta					NewHumanImperiumArmy	CutsceneNeutrals	VC2_Mercenary3Delta_Brain		VC2_MercenaryMale_VisualSetting	HellgunT2CH04_LowerDamage_Unlootable,PowerMaulT2CH4_Item_Unlootable	-ArmoredBodyglove2_BoardedShip_Unlootable_Item	1	
0cea9a31116b455390daa2156df3266b	StarPortGovernor				Mutant1_Portrait	NewHumanImperiumArmy	NeutralGuards			GovernorGuardCaptain_VisualSettings	ChainSword_Item		2	GovernorGuardCaptain
0cfbef80c9b248958b0cbac76053574f	LT_Clerk						CutsceneNeutrals		Clerk_CP	BridgeCrewMemberTechnician_VisualSettings	LasPistol_Item		1	
0d06984d5d9c49ee97ba134fdbac43d0	Nomos_Techpriest_IH-630						CutsceneNeutrals		Technomat_CP	Footfall_TechPriest_VisualSettings			2	BridgeCrewMemberTechpriest
0d13bca42bdf45029723a606ef2c67d2	NecronFlayedOne_Melee_SurvivorCamp_Hard					NewNecronArmy	Mobs	NecronFlayedOne_Hard_Brain		NecronFlayedOne_Melee_VisualSettings	NecronFlayedOne_Claws_Item		1	
0d3b2eff52a04accbb70e3ad50ea49af	AdministratumStrangeNobleLady				JungleWorldRebel_Portrait		CutsceneNeutrals			Servant_VisualSettings			1	
0d4ce03272a74b93baa910e471aa4dd9	Aishara_WarCouncil				Opticon_Portrait	HumanAgriWorldArmy	CutsceneNeutrals			Opticon22_VisualSettings	PincersServitorWeapon		2	Opticon22
0d5e9062d05b453aa6e9ee4b2671f742	HeinrixCompanion_Ch03_Fake				Heinrix_Portrait		Player			CompanionHeinrixPrototype_VisualSettings	AncientForceSword_Item,InfernoPistol_Item,Focus_Flamer_Item	PsykerTempestusCarapace_Item	1	
0d76848abe61420aa007de4c3696a1ef	4y6_Idira_22lvl_ExportedPregen			HumanRace	Idira_Portrait,PlayerAasimarPaladin01_Portrait		Player			CompanionIdiraPrototype_VisualSettings,Character_VisualSettings	ChargedStaffItem,TelepathsStaff_Item,Autopistol_Item,Longlas_Item	PsychicBodyglove_Item,GuardFlakArmour_Item	3	CompanionIdiraPrototype>Character
0d8f69e78eb14efb9cab54a08d042e9a	HaemonculusClone3				Haemonculus	NewDrukhariArmy	CutsceneNeutrals	DrukhariWrackLab_MeleeRanged_Brain		DrukhariWrack_VisualSettings	DrukhariHaemonculus_PistolSpecialClone_Item,DrukhariHaemonculus_HandsSpecialClone_Item	KabaliteArmour_Item	3	HaemonculusClone>.DrukhariWrack_MeleeRanged_Lab01_TiP_Dialogue00
0d90821de74b4746b88c9402a64c4bec	MB_TechPriest_ManipulusIntro						CutsceneNeutrals		Techpriest_CP				1	
0d93ca54560d4db1bea43b3609de8495	AcolyteCH04LT_AutopistolRanged_Hard					NewGenestealersCultArmy	CutsceneNeutrals	RangedPositionalInfernusBaseBrain	GenestealerAcolyte2MeleeRanged_CP	Acolyte_v2_VisualSettings	LasPistolT1CH04_Item,GenestealerDaggerT1CH04_Item,ToxicKnifeAcolyteCH04_Item,LasPistolAcolyteT1CH04_Item	ArmoredBodyglove4_Item	1	
0d9b1f4788fc4a60a92fdc21af7c924d	FW_Culprit_Enforcer					NewHumanImperiumArmy	CutsceneNeutrals	FW_Culprit_Uniq_Brain		Footfall_Worker_VisualSettings	FW_MutantHands_Item		1	
0da0b8513cf949c3ba0c528095128cc6	YrlietCompanion_Ch04_Lvl40			EldarStandardRace	Yrliet_Portrait		Player			CompanionYrlietPrototype_VisualSettings	AeldariScout_LongRifle_Item,EldarChainSword_Item,ShurikenPistol_Item	EldarRangerArmour_Item	1	
0da6c61f46b2465e9d8b0361e71eac2b	FootfallSewers_BanditGrenade_Melee				BCT_BanditMaleAnverNoArmor01_Portrait	NewHumanBanditsArmy	Mobs	FootfallSewers_Bandit_MeleeGrenade_brain	Bandit_Armored_CP	FootfallBandit_VisualSettings	KnifeT1_Item	HeavyLeathersArmour_Item	1	
0dbd2f82f2ce43a1813669c958821c42	NomosMalatek						CutsceneNeutrals						1	
0dc0bfefb2bf49fb82b53860a2460ba0	DrukhariKabalite_Melee_SwarmCh05				BCT_DrukhariKabalite_Male_Fighter01_Portrait	NewDrukhariArmy	Mobs	RushBaseBrain	SpecialistRT_CP	DrukhariKabaliteBlademaster_VisualSettings	VenomBlade_Item	KabaliteArmour_Item	1	
0df9a0a40e3348f58b5b421c6320e625	BridgeCrewMemberNavyFemale						CutsceneNeutrals		NavyOfficer_CP	BridgeCrewMemberNavyFemale_VisualSettings	LasPistol_Item		1	
0e29ae894bcd40119acf971aed70239c	NaviRepresentiveFemale				Mutant1_Portrait		CutsceneNeutrals,Mobs		OrsellioLoyal_NavigatorsF_CP,NobleMale_CP_Correct	-NaviTraditionalistLeaderFemale_VisualSettings,Character_smallWHTest_VisualSettings	ChainSword_Item		3	NobleInPalace>Character_smallWHTest
0e6d0d6998be423aadd5951428b049a9	PenalWorld_EX_Warden_NPC						CutsceneNeutrals		JailGuard1_CP				1	
0eeb1a00bc534beb9c6a53ea468d4fcb	ArgentaEvent_OrphanBad						CutsceneNeutrals			Footfall_Worker_VisualSettings		GuardFlakChestplate_Item	1	
0eef62b4cc164050954eaea5e7652fd9	VC_Mechanicus						CutsceneNeutrals		Technomat_CP	Footfall_Worker_VisualSettings			1	
0efe429614de4c828183bca1a9110022	RubanHroshavach					HumanFortressBornArmy	Friends	Guard_Leader_DargonusLoop_Brain			Autopistol_DargonusLoop_Unlootable_Item	GuardFlakArmour_Unlootable_Item	1	
0f162ef508534be584f17a12ff03d06b	Heinrix						CutsceneNeutrals			ScavengerLeader_VisualSettings	RipperAutopistol_Item	GuardFlakArmour_Item	1	
0f1c9043dfa4435fae07b97279517283	TaintedStreetsHostagesM				JungleWorldRebelSniper_Portrait		CutsceneNeutrals		PlebMale_CP	TaintedStreetsHostagesM_VisualSettings			1	
0fb54c75a01443aabfa6dbea49966e37	GenestealerBunker_Ranged_VoidshipCrypt					NewMachineArmy	CutsceneNeutrals			TarantulWarWorldBunker_VisualSettings	GenestealerBunkerWeapon_Item		1	
0fc6013c7f6a4a0890f2a90056cf8c3b	AdeptPsykerQA_lvl4			HumanRace	Idira_Portrait,PlayerAasimarPaladin01_Portrait		Player			CompanionIdiraPrototype_VisualSettings,Character_VisualSettings	Autogun10test_Item,Axe10test_Item,Autopistol_Item,Longlas_Item	GuardFlakArmour_Item	3	CompanionIdiraPrototype>Character
0fdbd88e9e984885805c24101298ad10	Pet_ArbitesCyberMastiff_TestExample					NewHumanImperiumArmy	Player						1	
1004c857b61d4b4c9ee3357f1822368e	ArthurWinterscale_Final						CutsceneNeutrals			Character_smallWHTest_VisualSettings	PowerAxe_Item	GuardFlakChestplate_Item	1	
1036fa8f3168404ba4f70d9278d3122b	Footfall_EnforcerFemale				BCT_Footfall_Female_Guard_Portrait	NewHumanImperiumArmy	NeutralGuards		VladaymEnforcer_CP	Footfall_EnforcerFemale_VisualSettings	ShockBaton_Item	GuardFlakArmour_Item	1	
10428e75eec04e8595941af7ff350005	1PascalCompanion_Level27_CyrusParty_ExportedPregen			HumanRace	Pascal_Portrait,PlayerAasimarPaladin01_Portrait		Player			CompanionPascalPrototype_VisualSettings,Character_VisualSettings	OmnissiahAxe_Item,PlasmaRifle_Item,Autogun_Item	HolyVestment_Item,EnforcerCarapace_Item,GuardFlakArmour_Item	4	PascalCompanion>CompanionPascalPrototype>Character
107f661d63544d278d2659d8f0055bd7	FW_Serfhog						CutsceneNeutrals			Footfall_Worker_VisualSettings			1	
10888c58c973456f958f5b0796d67d7c	JungleWorldRebelMeleeCharge					NewHumanImperiumArmy	Mobs	RushBaseBrain	JanusRebel_Melee_CP	JungleWorldRebelMelee_VisualSettings	AxeT2_Item	Chainmail_Item	1	
10aded1bf50248d99e0aca6f7eb0cedc	1HeinrixCompanion_Level42_OlegParty_ExportedPregen			HumanRace	Heinrix_Portrait,PlayerAasimarPaladin01_Portrait		Player			CompanionHeinrixPrototype_VisualSettings,Character_VisualSettings	HarbingerOfCarnage_item,ChainSwordT2CH4_Item,BlooddrinkingStaff_Item,ForceSword_Item	GuardFlakArmour_Item	3	CompanionHeinrixPrototype>Character
10cc118d24944f069da879b06d03d190	DrukhariKhymeraBase_Common					NewCreaturesArmy	Mobs	KhymeraBrain		DrukhariKhymera_VisualSettings	DrukhariKhymeraClawWeapon		1	
10d4223a1dab4deeb8cc044203038023	Quetza_EldarGuardianDefender_Leader				BCT_Eldar_Male_Guardian2_Portrait	NewAeldariArmy	CutsceneNeutrals	JungleWorldEldarRange_Brain	EldarSergeant_CP	JungleWorldEldarUnit_VisualSettings	ShurikenCatapult_Item	EldarRangerArmour_Item	1	
10e98256943f43c3b94ed22c16b13325	UlfarNPC_KTCQ1_NoArmor			SpaceMarineStandardRace	Ulfar_Portrait	NewSpaceMarineArmy	FriendlyUlfarQuest	Ulfar_UlfarQuest_Brain		UlfarCompanion_VisualSettings	UlfarBoltPistol_Special_Item,UlfarChainSword_Special_Item		2	UlfarNPC_ForgeHeart
1139005de66046d7b8afab205a862790	ScavengerCutter						CutsceneNeutrals		Scavengers_CP	ScavengerCutter_VisualSettings	Shotgun_Item	GuardFlakArmour_Item	1	
1145523003574803b95d581ab17980e0	WeakZombie_Melee_BlackShip					NewHumanImperiumArmy	Mobs		Zombie_BlackShipPsyker_CP	PlagueZombie_VisualSettings	WeakZombie_Claws_Weapon		1	
11567b68d0a74b9892fc78c17753cc4d	Scout				Mutant1_Portrait		CutsceneNeutrals,Mobs			Character_smallWHTest_VisualSettings	Lasgun_Item		2	Character_smallWHTest
115d147fe69b40119e7c9b82c372d634	IMFlamingHeart				Infernus		CutsceneNeutrals			GeneCultistMale_VisualSettings			2	InfernusMaster
11854f89a83c43ba8221e03990d32957	PlaguebearerRangedRandomEncounter					NewDaemonArmy	Mobs	PlaguebearerRangedRandomEncounterBrain,PlaguebearerBrawler_BaseBrain		Plaguebearer_VisualSettings	Plaguesword_Item		2	Plaguebearer
11c14d66ebcc4cb7aa0e3cf538e93a40	Chorda_JudgementOfFootfall				IndenciaChorda_Portrait	NewHumanImperiumArmy	CutsceneNeutrals	Ch04_Chorda_brain		Chorda_Companion_VisualSettings	InfernoPistolT2CH04_Item,PlasmaPistolT2CH04_Item	FancyUniform_Item	1	
11c8f16cca8a42d686dcd48fc76dfe23	SoulMark_Faith_Missionary_Female				BCT_HumanM_RebelLeaderBogul_Portrait	NewHumanImperiumArmy	CutsceneNeutrals,Mobs	JungleWorldRebelLeader_Bogul_Brain	EcclAcolyte_CP	JungleWorldRebelLeader_Bogul_VisualSettings	PatternT2ShurikenPistol_Item	GuardFlakArmour_Item	2	JungleWorldRebelLeader_Bogul
11cbd855084a4b5680b0af4209ccbb1d	PlayerRT_Level15_BladeDancer_ExportedPregen			HumanRace	PlayerAasimarPaladin01_Portrait		Player			Character_VisualSettings	ChainSwordT1CH01_Item,SwordT2CH01_Item,NobleSword_Item,ChainSwordCH1Unique_Item	DeathCultArmour_Item	2	Character
11e7c34ed6944a2393715baaba1bfb35	TribeCommonerFemale				Mutant1_Portrait	HumanForgeWorldArmy	CutsceneNeutrals	Magos_ScrapCode_Brain	TechSavageFemale_CP	CorruptedMagus_VisualSettings		CasingChestplate_Item	1	
11fc9ba9bf074ff7845920b5735ff11f	Torra				RoleSpecialist1_Portrait	NewHumanBanditsArmy	CutsceneNeutrals,Mobs			Lair3RebelLeader_VisualSettings	ShurikenCatapult_Item,PlasmaPistol_Item,Hellgun_Item	ArmoredBodyglove_Item,RadiantChestplate_Item	2	Lair3RebelLeader
11fd1bfee7df4f15ae5ed45bbb1a3047	NavisNobilite_Commander					NewHumanImperiumArmy	CutsceneNeutrals	NavisNobilite_CommanderBrain		NavisNobilite_VisualSettings	LasPistol_Item,Sword_Item	GuardFlakChestplate_Item	1	
12329932ab4243bc8c880d9388883028	LT_SecretaryServitor_Unique				Mutant1_Portrait		CutsceneNeutrals,Mobs			ServitorBaseMale01_VisualSettings,Character_smallWHTest_VisualSettings			2	Character_smallWHTest
123786b8b5144793aafd16e52d0fa709	Lowlifer_MeleeGrenade_Swarm					NewHumanImperiumArmy	CutsceneNeutrals	Lowlifer_MeleeGrenade_Brain	Neofit_Servants_CP	FootfallBandit_VisualSettings	SerratedKnife_Item	ScrapChainmail_Item	1	
124e4c40f7f4485497d8cd9d2584bad2	ArcheotechReactor_Column_BossFight					HumanHiveWorldArmy	CutsceneNeutrals			FootfallBanditHeavy_VisualSettings	ElectrostaticGauntlets_Item		1	
1259f9ad1631470eac7456a204f0e500	KibellahCompanion_Ch03_NPC_Cruelty			HumanRace	Kibellah_NoMask_Portrait,Argenta_Portrait,PlayerAasimarPaladin01_Portrait	HumanDeathWorldArmy	CutsceneNeutrals,Player			Kibellah_VisualSettings,CompanionArgentaPrototype_VisualSettings,Character_VisualSettings	DeathCultSword_Item,Bolter_Item,Flamer_Item	DeathCultBreastplate_Item,EnforcerLightCarapace_Item	4	KibellahCompanion>CompanionArgentaPrototype>Character
126a422803164d52a0b65e795b1e1a3c	Footfall_Hobo						CutsceneNeutrals		HoboMale_CP	Footfall_Hobo_VisualSettings	Knife_Item		1	
126d9cabb54846318cd4d458e85eb427	ChronosPainEngine_GrandSpecticle_unit					NewDrukhariArmy	Mobs	ChronosPainEngine_GrandSpecticle_brain		DrukhariCronosPainEngine_VisualSettings	CronosTentacle_Item		1	
127c7569b6cf4600a8eff478c56f2736	DrukhariLeaderM					NewDrukhariArmy	Mobs	DrukhariLeaderM_GrandSpectacle_brain		DrukhariKabalite_VisualSettings	SplinterCannonPiercing_Item,SplinterPistolKabalite_Item		1	
12c96fa5e9ff49ce9f4638427824a80b	Sayonara_23_Idira_ExportedPregen			HumanRace	Idira_Portrait,PlayerAasimarPaladin01_Portrait		Player			CompanionIdiraPrototype_VisualSettings,Character_VisualSettings	ChargedStaffItem,TelepathsStaff_Item,Autopistol_Item,Longlas_Item	PirateChainmail_Item,GuardFlakArmour_Item	3	CompanionIdiraPrototype>Character
12ccc50c34b84416b13188639eea58f5	JaeCompanionCh02End			HumanRace	Jae_Portrait,PlayerAasimarPaladin01_Portrait		Player			CompanionJaePrototype_VisualSettings,Character_VisualSettings	HuntingRifle_Item,AutopistolTier2_Item,SniperRifle_Item,ChainSword_Item	ArmoredBodyglove_Item,EnforcerLightCarapace_Item	3	CompanionJaePrototype>Character
13053c65c66041018d653927b67225a5	OP_Soldier						CutsceneNeutrals				Shotgun_Item		1	
133cc4f270bd4a6a9909cde4bba9fa2b	NurgleAmbushZombieFlak_RandomEncounter					NewHumanImperiumArmy	Mobs		Zombie_Enforcer_CP,Zombie_VoidWorker_CP	PlagueZombieFighter_VisualSettings	Axe_Item,Knife_Item,MutantSwordHands_Item	GuardFlakArmour_Item	3	NurgleAmbushZombie_RandomEncounter>PlagueZombieFighter
13b0df5c193e4f8a9b8d636791211b98	Latyshev_Argenta_Arch_Level25_ExportedPregen			HumanRace	Argenta_Portrait,PlayerAasimarPaladin01_Portrait		Player			CompanionArgentaPrototype_VisualSettings,Character_VisualSettings	HeavyBolter_Item,ImperialPride_Bolter_Item,Bolter_Item,Flamer_Item	PirateChainmail_Item,EnforcerLightCarapace_Item	3	CompanionArgentaPrototype>Character
13bf5b3c6d1e44ceb491c911cdfd9b12	Footfall_VladaymEnforcer				BCT_Footfall_Male_Guard_Portrait	NewHumanImperiumArmy	NeutralGuards		VladaymEnforcer_CP	Footfall_Enforcer_VisualSettings	ShockBaton_Item	GuardFlakArmour_Item	1	
13e80229eb7744a2aeec97a071f855d9	.Latyshev_Idira_Overseer_Level25_ExportedPregen			HumanRace	Idira_Portrait,PlayerAasimarPaladin01_Portrait		Player			CompanionIdiraPrototype_VisualSettings,Character_VisualSettings	ChargedStaffItem,SniperRifle_Item,Autopistol_Item,Longlas_Item	PsychicBodyglove_Item,GuardFlakArmour_Item	3	CompanionIdiraPrototype>Character
13e8f9897afd4ce298ea6d53818e93a0	0Latyshev_Heinrix_Assassin_Level34_ExportedPregen			HumanRace	Heinrix_Portrait,PlayerAasimarPaladin01_Portrait		Player			CompanionHeinrixPrototype_VisualSettings,Character_VisualSettings	AncientForceSword_Item,LongBarreledAutopistol_Item,StaffOfBlood_Item,ForceSword_Item	Assault_EnforcerLightCarapace_Item,GuardFlakArmour_Item	3	CompanionHeinrixPrototype>Character
13f42fe5e69d4f4298c24feab6b2b406	Initiation_Enforcers						CutsceneNeutrals		BloodGuard_CP,ValantiusEnforcerCarapace_CP	GeneCultistMale_VisualSettings,BridgeCrewMemberGuard_VisualSettings	LasPistol_Item		2	OfficerDeckEnforcerOfficer
143f478a764e4e9296930af486c3070c	ChaosCultist_Ritualist				JungleWorldRebelSpecialist_Portrait	NewHumanCultistsArmy	Mobs			Lair3RebelRanged_VisualSettings	Autogun_Item		1	
144fab4882f040c3a890993d4dca1e7d	Footfall_Commoner1						CutsceneNeutrals		PlebMale_CP	Footfall_Commoner_VisualSettings			1	
148f8a80d0cd4f8aa8cf9a6bb442a9cc	ArenaGladiator4				BCT_Male_PenalWorld_Gladiator_Portrait	NewHumanImperiumArmy	Neutrals,CutsceneNeutrals		ChasmGladiators_Shooter_CP,VheabosGladiators_CP	Gladiator_VisualSettings	Longlas_Item,StubRevolver_Item	Chainmail_Item	2	Gladiator
14c191894a4245149eebe8ac911d555c	ImmortalSkitariiMelee_ArcShip					NewHumanAdMechArmy	CutsceneNeutrals	ImmortalSkitariiMelee_Brain		CorruptedTechPriest_VisualSettings	PowerSwordT2CH04_Item		1	
151c366a177841a48e98234cab429023	ChaosSpawn_AstropathicChapelCH2					NewCreaturesArmy	Mobs	ChaosSpawn_AstropathicChapelCH2_Brain		ChaosSpawn_VisualSettings	ChaosSpawnLeftArm_WeaponT5,ChaosSpawnRightArm_WeaponT5		1	
153dee1c729641be8b96a57ff8a00175	DummyDodgy						Mobs			Dummy999_VisualSettings			1	
154a0afd70f3493391a08811438cc615	InquisitionSolderCutscene				JungleWorldRebel_Portrait	NewHumanImperiumArmy,HumanFortressBornArmy	CutsceneNeutrals	RangedPositionalBaseBrain	Inquisition_Soldier_CP,ValantiusSoldier_CP	RogueTraderGuardPeaceful_VisualSettings	Bolter_NoRestriction_Cutscene,Lasgun_Item	GuardFlakArmour_Unlootable_Item,GuardFlakArmour_Item	2	RogueTraderGuardPeaceful
155da4a803b2431990b1589b2aacfce0	DrukhariGrotesque_Melee_Lab01					NewCreaturesArmy	Mobs	DrukhariGrotesque_Lab01_Brain		DrukhariGrotesque_Melee_VisualSettings	DrukhariGrotesqueLab_Sword_Item,DrukhariGrotesqueLab_Claw_Item		1	
157184e0c56d40cfa659fe9aa75b31cd	RT_lv38_chordafight_Psyker_ExportedPregen			HumanRace	PlayerAasimarPaladin01_Portrait		Player			Character_VisualSettings	StaffofEndlessFlame_Item,ChargedStaffItem	GladiatorsMeshArmour_Item	2	Character
157fe9535cb546af8d20227e40e023e8	ElectropriestNinja				Mutant1_Portrait	NewHumanAdMechArmy	Mobs			ElectropriestNinja_VisualSettings,Character_smallWHTest_VisualSettings			2	Character_smallWHTest
15813d7b3ab44b68b1050121886aa83f	AstraMilitarum_Test_ExportedPregen			HumanRace	PlayerAasimarPaladin01_Portrait		Player			Character_VisualSettings	StubRevolverSingleShot_Item		2	Character
15823e16d86b4e4cbc3473e29575b142	PlayerLedge_Test3			HumanRace	RogueTraderMaleCommissaryPortrait,PlayerAasimarPaladin01_Portrait		Player			Character_VisualSettings	StubRevolver_Item,Sword_Item	GuardFlakChestplate_Item	5	Character
15bceda3bb304005b91c14e8067861dd	ShipServicemanMutantFast				Mutant1_Portrait	NewHumanImperiumArmy	Mobs		Mutant_Voidcrew_CP	ShipServicemanMutantFast_VisualSettings	MutantSwordHands_Item		1	
15c472e7c8cd454c868181eaec751ae3	Enforcers_Ranged_Bolter_VoidshipCrypt					NewHumanImperiumArmy	CutsceneNeutrals	GenestealerSniper_VoidshipCrypt_Brain	ValantiusEnforcerCarapace_CP	BridgeCrewMemberGuard_VisualSettings	Bolter_Item	ArmoredBodyglove2_Item	1	
15df00c9064c4cdcab322f706fc461ca	.PossessedTechPriestBlindGrenadeRandomEncounter				BCT_Human_Male_Heretek1_Portrait	NewHumanAdMechArmy	Mobs		Techpriest_CP	PossessedTechPriestBlindGrenadeRandomEncounter_VisualSettings	Autogun_Item,Mechadendrite_BoltPistol_Item	ForgeArmour_Item	1	
15f3fd6caba448bd843b89b92844af03	Marazhay_Bakula_38LvL_ExportedPregen			EldarStandardRace,HumanRace	Marazhai_Portrait,Heinrix_Portrait,PlayerAasimarPaladin01_Portrait		Player			Marazhai_VisualSettings,CompanionHeinrixPrototype_VisualSettings,Character_VisualSettings	HekatariiBloodthirstBlade_Item,BlackhazeVenomBlade_Item,BloodseekerKlaive_Item,ForceSword_Item	IncubusArmourT2_Item,GuardFlakArmour_Item	3	CompanionHeinrixPrototype>Character
15f9d9c5d21143e5995212b444b34cb6	SmallIceDestroyable_Unit_2						Neutrals			1TreasureWorld_ContainerAnchorPoint_VisualSettings			5	SmallIceDestroyable_Unit_1
161e5cf6bb794021a75480159955d6c9	FW_HideAndSeek4_TrueNoble_Female						CutsceneNeutrals			NobleFemale_VisualSettings			1	
16203cb37fd14906a35a42d3237cc78c	ServitorFrozen					NewHumanAdMechArmy	Mobs	ServitorFrozen_brain		ServitorBaseMale01_VisualSettings	PincersServitorWeapon		1	
1640f73851e942ad9e87e318e752b5d8	Bakula_50LvL_Argenta_ExportedPregen			HumanRace	Argenta_Portrait,PlayerAasimarPaladin01_Portrait		Player			CompanionArgentaPrototype_VisualSettings,Character_VisualSettings	AutogunM40_Item,PistolShotgunCH04Unique_Item,AutopistolTier2_Item,Bolter_Item	SororitasPowerArmourFury_Item,EnforcerLightCarapace_Item	3	CompanionArgentaPrototype>Character
1649a3f04d694c758b2169c11db38522	MutantPsykerSoulbindRandomEncounter					NewHumanImperiumArmy	Mobs			MutantPsykerRandomEncounter_VisualSettings	Autopistol_Item	ScrapChainmail_Item	2	
16505750df8840f4a08f5d97229aadee	Plaguebearer_BoardedShip_Bridge					NewDaemonArmy	Mobs	Plaguebearer_BoardedShip_Bridge_Brain		Plaguebearer_VisualSettings	Plaguebearer_Plaguesword_Weapon		1	
165b14615bac4c5992b01a99db04c004	Lair3RebelMeleeAxe					NewHumanBanditsArmy	Mobs	RushBaseBrain	PirateArmor4_CP	Lair3RebelMelee_VisualSettings	AxeT2_Item	HeavyLeathersArmour_Item	1	
165f701f11084f7d943a6401e521234d	SmallIceDestroyable_Unit_3						Neutrals			1TreasureWorld_ContainerAnchorPoint_VisualSettings			5	SmallIceDestroyable_Unit_1
16a0b325c22340b7b89f7b51545b721e	FootfallZandorDrusian_Hieronimus_Ch04				Hieronymus_Portrait	NewHumanBanditsArmy	CutsceneNeutrals	Ch04_Hieronimus_brain		Lair3RebelLeader_VisualSettings		MalleusBodyglove_Item	1	
16b23ddd74934b3088475ad4689b0263	UlfarCompanion_Level47_ExportedPregen			SpaceMarineStandardRace,HumanRace	Ulfar_Portrait,Heinrix_Portrait,PlayerAasimarPaladin01_Portrait		Player			UlfarCompanion_VisualSettings,CompanionHeinrixPrototype_VisualSettings,Character_VisualSettings	AstartesBoltPistol_Item,FrostAxe_Item,JudexHeavyFlamer_Item,ForceSword_Item	HolyPowerArmour_Item,GuardFlakArmour_Item	3	CompanionHeinrixPrototype>Character
16bbb593634142d0992434b98bfa2963	Ch04Hieronimus_Enforcer_unit				JungleWorldRebelOfficerMelee_Portrait	NewHumanImperiumArmy	Mobs	StarportRebelBully_Brain	DrusianBattleFanatic_CP	JungleWorldRebelMeleeTough_VisualSettings	ShockBaton_Item	ArmoredBodyglove_Item	1	
16e91e2e4d9e4868923ca5a8ac1fcb18	SlumsMutantLeader					NewHumanImperiumArmy	Mobs			SlumsMutantLeader_VisualSettings			1	
17009451b8c2404281a1ec2e87f796c2	ParadeAdministrator				Mutant1_Portrait		CutsceneNeutrals			YoungGuard_VisualSettings			1	
17015a678f3447c888086111a846c9b7	Idira19Chapel_ExportedPregen			HumanRace	Idira_Portrait,PlayerAasimarPaladin01_Portrait		Player			CompanionIdiraPrototype_VisualSettings,Character_VisualSettings	ChargedStaffItem,SniperRifleT2_Item,Autopistol_Item,Longlas_Item	MeshVestOrigin1_Item,GuardFlakArmour_Item	3	CompanionIdiraPrototype>Character
170983aa6d954658b3d11fb83045ee3a	TrampF					HumanVoidBornArmy	CutsceneNeutrals		HoboFemale_CP		Knife_ItemUnlootable		1	
17134d4540dd445c95b995a00fef52e3	FW_Lizzy_Companion			HumanRace	Maive,PlayerAasimarPaladin01_Portrait		Player,CutsceneNeutrals			Lizzy_VisualSettings,Character_VisualSettings			3	FW_Lizzy>Character
17267a8199a842efab840cd422d11a3a	FootfallAnverDoubleTap_Ranged_Hard					NewHumanBanditsArmy	Mobs	RangedPositionalBaseBrain	Anver_Shooter_CP	FootfallBanditHitman_VisualSettings	Lasgun_Item	GuardFlakChestplate_Item	1	
1729b38826d54dc7850d5dbeadf73866	APA_ServoSkullScriptor					HumanForgeWorldArmy	CutsceneNeutrals			ServoSkull_VisualSettings			1	
172c675f427748109f21d545a1b88234	RTPalaceGuardPeaceful_Male				BCT_Human_Male_PalaceGuard1_Portrait	NewHumanImperiumArmy	NeutralGuards,Mobs	RTPalaceGuardPeaceful_brain,RangedSniperBrain	ValantiusSoldier_CP,JanusCorruptedEnforcer_CP	Corrupted_GovernorGuard_VisualSettings	Lasgun_Item,AutogunM40_Item	GuardFlakArmour_Item	2	Corrupted_GovernorGuard
1745e14f6a0f45be9f4788d4512edf2f	Servitor_Melee_PasqualQuest					NewHumanAdMechArmy	CutsceneNeutrals			ServitorBase_VisualSettings	ServitorPincers_PasqualQuest_Item		1	
174b1c9d293d4eb58730f427cc42e2a8	3PascalCompanion_Level37_TesseraParty_ExportedPregen			HumanRace	Pascal_Portrait,PlayerAasimarPaladin01_Portrait		Player			CompanionPascalPrototype_VisualSettings,Character_VisualSettings	GreatSwordT2_Item,PlasmaRifleT1CH2_Item,OmnissiahAxe_Item,PlasmaRifle_Item	GladiatorsMeshArmour_Item,EnforcerCarapace_Item,GuardFlakArmour_Item	4	PascalCompanion>CompanionPascalPrototype>Character
174f56ee6c5f4015995175953ca3e157	JungleBeastPrototype					NewCreaturesArmy	Mobs			JungleBeast_VisualSettings			1	
1751ca73af7745b6bb10a02452001601	DrukhariWych_Dargonus_Hekatrix				BCT_DrukhariWych_Female_Hekatrix_Portrait	NewDrukhariArmy	Mobs	DrukhariWychHekatrix_Brain		DrukhariWychFemale_VisualSettings	BlastPistol_Item,PoisonedHekatariiBlade_Item	WychArmour_Item	5	
1770b1f4407c49e5a9663b0092f571b3	HighFactotum_MB				YanrisDanrock_Portrait,BCT_HumanM_RebelLeaderBogul_Portrait	NewHumanImperiumArmy	CutsceneNeutrals,Mobs	JungleWorldRebelLeader_Bogul_Brain		JungleWorldRebelLeader_Bogul_VisualSettings	PatternT2ShurikenPistol_Item	GuardFlakArmour_Item	2	JungleWorldRebelLeader_Bogul
1774ba1c2dd740f4a36f9d206e0e51e7	NecronWarrior					NewNecronArmy	Mobs	NecronWarrior_CrashedShip_Brain		NecronWarrior_VisualSettings	NecronWarriorRange_Weapon,NecronWarriorMelee_Weapon		1	
177625c02c094c9c80ba8e8e5a00adcf	TreasureWorld_FeralGuard_Commissar					NewHumanImperiumArmy	CutsceneNeutrals	TreasureWorld_FeralGuard_Commissar_Brain			BloodyMentorLaspistol_Item,EliteChainSword_Item	GuardFlakChestplate4_Item	1	
177f940f0b8b41ddbd1aa8201b4cfeba	Ch05Inquisitor_Leader_unit					NewHumanWarpNullArmy	CutsceneNeutrals	Inquisitor_Leader_brain		JungleWorldRebelMeleeTough_VisualSettings	PlasmaPistolT2CH04_Item,InfernoPistolT2CH04_Item	LeathersArmor_Item	1	
17841a14d4604143a544d91709829fdd	DrukhariSslythArena					NewCreaturesArmy	Mobs	DrukhariSslyth_brains		DrukhariSslyth_VisualSettings	SslythSplinterRifle_Basic_Item,SslythSplinterPistol_Basic_Item,SslythChainSword_Basic_Item		1	
178f8631426f4888b4a68cd01dec38ea	MadTechPriestStubcarbine_Technomat_Adept					NewHumanAdMechArmy	Mobs	.MadTechPriestStubcarbine_Technomat_Adept_brain	ChaosBattleTechnomat_CP	MadTechPriest_VisualSettings	PlasmaPistolT2CH04_Item	GuardFlakArmour_Item	1	
1795f1fde7cd4386ba48afa4dfe0c758	HeinrixCompanion_Ch05_Finale			HumanRace	Heinrix_Portrait,PlayerAasimarPaladin01_Portrait		Player			CompanionHeinrixPrototype_VisualSettings,Character_VisualSettings	EvisceratorCH5Unique_Item,InfernoPistolCH05Unique_Item,AssasinPistol_Item,ForceSword_Item	ChaosEnforcerCarapace_Item,GuardFlakArmour_Item	3	CompanionHeinrixPrototype>Character
17ba428daeb340fe857e1c2144da2e81	NewCompanion_Pregen_Soldier			HumanRace	AstraMilitarumFemale,PlayerAasimarPaladin01_Portrait		Player			StartGame_Pregen_Soldier_VisualSettings,Character_VisualSettings	StubRevolverSingleShot_Item		21	StartGame_Pregen_Soldier>Character
17bffdb9792d4ec08658f1748ce51f8d	Trazyn_Collector_Boss				Trazyn	NewNecronArmy	Mobs	Trazyn_Collector_Brain		Trazyn_VisualSettings	Trazyn_EmpathicObliterator_Ranged_Item,Trazyn_EmpathicObliterator_Melee_Item		1	
17eb2289e3f24c85bc3a8cbe83cf57a3	ShipServicemanMutantGuard				JungleWorldRebel_Portrait	NewHumanImperiumArmy	Mobs			ShipServicemanMutantGuard_VisualSettings	Lasgun_Item	GuardFlakChestplate_Item	1	
17f76a154e764b7da6157c5429fb66ca	TreasureWorld_Arbites_Turret					NewMachineArmy	CutsceneNeutrals			BlackShipTarantul_VisualSettings	TurretBolter_Item		1	
18001f312fe04734a25fbad5947c3225	EX_Corsar						CutsceneNeutrals				EX_ShurikenRifle_Item		1	
18063969a8f344d493742bd59cdb9667	Lair3RebelMelee					NewHumanBanditsArmy	Mobs		PirateArmor2_CP	Lair3RebelMelee_VisualSettings	ChainSword_Item	MeshVest_Item	1	
180657e27d134d6894b65dc793356da9	PeacefulServitor2					NewHumanAdMechArmy	CutsceneNeutrals,Mobs	RushBaseBrain		ServitorBaseMale03_VisualSettings,ServitorBaseMale01_VisualSettings	PincersServitorWeapon		3	MadServitor>Servitor_FWSH
18294cb6dcfe4373af275d6aa777c5d6	FW_MutantNoEyes						CutsceneNeutrals			NavisNobiliteMutant_VisualSettings			1	
18369fc65433450e98f175c7dae89f5e	FighterPsykerQA_lvl15			HumanRace	Heinrix_Portrait,PlayerAasimarPaladin01_Portrait		Player			CompanionHeinrixPrototype_VisualSettings,Character_VisualSettings	Axe10test_Item,Autogun10test_Item,ForceSword_Item,Shotgun_Item	GuardFlakArmour_Item	3	CompanionHeinrixPrototype>Character
183a8bc8f77d4b8f96c54790909812f9	Navigator				Mutant1_Portrait		CutsceneNeutrals			YoungGuard_VisualSettings			1	
184235650440449fa9098b49803c1a71	DrukhariKabalite					NewDrukhariArmy	Mobs	KabalitePositionalBaseBrain	RTSoldier_CP	DrukhariKabalite_VisualSettings	SplinterRifle_Item		1	
185adb68735f42c8ac9c9cfd96265f2d	4y6_Cassia_22lvl_ExportedPregen			HumanRace	Cassia_Portrait,PlayerAasimarPaladin01_Portrait		Player			CompanionCassiaPrototype_VisualSettings,Character_VisualSettings	BloodhoundNavigatorStaff,StaffOfHouseCassini,Longlas_Item,Autopistol_Item	ArmoredBodygloveOrigin1_Item,GuardFlakArmour_Item	3	CompanionCassiaPrototype>Character
189a997ee47b456e96276cc378f2e887	TestUnit_Shield			HumanRace		NewHumanImperiumArmy	Mobs	BerserkerMeleeBaseBrain	JanusRebel_Regular_CP	JungleWorldRebel_VisualSettings	ChainAxeT2CH02_Item		1	
18f7aed407cf4b3b9f533607f66d0cc0	CommandCenter_Arbiter_SnieldNPistol						CutsceneNeutrals	TreasureWorld_Arbites_ShieldNShotgun_Brain			ArbitesFoehammer_Item	ArbitesHeavyArmourCommon_Item	1	
190f90dabd5442bf8dcaa30cc60c99d0	TaintedCultistPsykerMiniboss				Mutant1_Portrait		CutsceneNeutrals,Mobs			Character_smallWHTest_VisualSettings		GuardFlakArmour_Item	2	Character_smallWHTest
192196dde4634d828bbc7ba1b326e4f5	FW_Servant						CutsceneNeutrals		FWServant_CP	Footfall_Servant_VisualSettings			1	
194e50ea01954a77b29654749b509490	HumanTraitor_Ranged_DeathCultTrials					NewHumanBanditsArmy	CutsceneNeutrals		HumanTraitor_Female_CP	GeneCultistMale_VisualSettings	StubRevolver_Item,ScrappyAutopistol_Item,LasPistol_Item	CarapaceChestplate_Item	1	
196a5ef1a78b445bb31107fe01eea0e2	Footfall_Delegate						CutsceneNeutrals			Footfall_Delegate_VisualSettings		GuardFlakChestplate_Item	1	
1974358f0c9346858d3bd6605fbd8b70	Quetza_HarlequinZanni				Solitair	NewAeldariArmy	CutsceneNeutrals,TrueNeutrals	Zanni_Brain		HarlequinMale_VisualSettings	HarlequinsKiss_Item,NocturneShurikenPistol_Item	WychArmour_Item	2	Zanni
198fa29c73ba4c28b7a50186f581e630	VoidshipGuardRandomEncounter				BCT_Human_Male_PalaceGuard1_Portrait	NewHumanImperiumArmy	NeutralGuards,Mobs	RangedSniperBrain	ValantiusSoldier_CP,JanusCorruptedEnforcer_CP	Corrupted_GovernorGuard_VisualSettings	Lasgun_Item,AutogunM40_Item	GuardFlakArmour_Item	2	Corrupted_GovernorGuard
1991edd741ea429fb5eab8e6461bf73a	Argenta_Bakula_level36_ExportedPregen			HumanRace	Argenta_Portrait,PlayerAasimarPaladin01_Portrait		Player			CompanionArgentaPrototype_VisualSettings,Character_VisualSettings	AutogunM40_Item,FoehammerT2CH3_Item,NeedlePistolCH2Unique_Item,Bolter_Item	HuntingCarapace_Item,EnforcerLightCarapace_Item	3	CompanionArgentaPrototype>Character
19be7e1b2d874e849bd6b376bbd6ce0d	DrukhariIncubusDeadlyGardens					NewDrukhariArmy	Mobs	Incubus_Brain	IncubusRT_CP	DrukhariIncubus_VisualSettings	DrukhariKlaive_Item	IncubusArmourT2_Item	1	
19d54f6b07734ab5b3ba1e6e0dcd99e3	Noble				Mutant1_Portrait		CutsceneNeutrals		JanusNobleMale_CP_Correct	Noble_VisualSettings			1	
19e459f959ac48e8928bf6d128845f9c	RE_DemonTransform_NurgleBuboe				BCT_Human_Male_Cultist2_Portrait	NewHumanImperiumArmy	Mobs			RE_DemonTransform_Grunt_VisualSettings	Axe_Item,Autopistol_Item,Knife_Item	CasingChestplate_Item	1	
1a158c4339e44bca806c56bca12c3d03	.DrukhariWrack_MeleeRanged_Lab01_TiP_Dialogue00				Haemonculus	NewDrukhariArmy	CutsceneNeutrals	DrukhariWrackLab_MeleeRanged_Brain		DrukhariWrack_VisualSettings	DrukhariHaemonculus_PistolSpecialClone_Item,DrukhariHaemonculus_HandsSpecialClone_Item	KabaliteArmour_Item	1	
1a24026cbd0f4de0b9b7ba48f60f4f61	NaviTraditionalistBodyguardFemale				BCT_NaviBodyguard_Portrait	HumanFortressBornArmy	CutsceneNeutrals	RangeCommonBaseBrain	OrsellioLoyal_Soldier_CP	RadicalBodyguardFemale_VisualSettings	LasgunT2CH4_Item	GuardFlakArmour_Item	1	
1a2aa96decb34d65beae821c72f444c7	Trazyn_Collector_FirstVisit				Trazyn	NewNecronArmy	Mobs	Trazyn_Collector_Brain		Trazyn_VisualSettings	Trazyn_EmpathicObliterator_Ranged_Item,Trazyn_EmpathicObliterator_Melee_Item		1	
1a4bc2b1d2ed4d1985c0f6af38ae5a10	ValanciusEnforcer				JungleWorldRebel_Portrait	NewHumanImperiumArmy,HumanFortressBornArmy	Friends,CutsceneNeutrals	RangedPositionalBaseBrain	ValanciusEnforcer_CP,ValantiusSoldier_CP	RogueTraderGuardPeaceful_VisualSettings	LasgunUnlootable_Item,Lasgun_Item	GuardFlakArmour_Unlootable_Item,GuardFlakArmour_Item	2	RogueTraderGuardPeaceful
1a5177ad09f8445ba07c32aed52aaa17	DemonHorrorBlue_Melee_UlfarQuest_Ch04					NewDaemonArmy	Mobs	MeleeFlankerBaseBrain		DemonHorror_Blue_VisualSettings	HorrorTalons_UlfarQuest_Item		1	
1a6833fa873945de86e3c9a2cedb924e	Footfall_ChordaEnforcer04						CutsceneNeutrals		Pleb_CP	Footfall_Commoner_VisualSettings	ShockBaton_Item		1	
1a8f7228c1344527949d964e61e12b3a	LT_BeggarHouse_Unique						CutsceneNeutrals			Footfall_Worker_VisualSettings			1	
1aaf79c51e4a4be388080ddb396f25f2	CombatServitorMultiMelta_ForgeHeart					NewHumanAdMechArmy	Mobs	CombatServitorMultiMelta_ForgeHeart_brain		CombatServitor_VisualSettings	ThermalMultiMeltaServitorCH4_Item		1	
1af28d03d2a048fd85ec9d74e2a1b047	MadTechPriest_melee				Mechanicus1_Portrait	NewHumanAdMechArmy	Mobs		Techpriest_CP	CorruptedTechPriestMelee_VisualSettings	ChainSword_Item	GuardFlakChestplate_Item	1	
1b274716701e472c995151d0ccc1c69e	OfficerDeckNavyCrewMember2						CutsceneNeutrals		NavyOfficer_CP	BridgeCrewMemberNavy_VisualSettings	LasPistol_Item		1	
1b2ad836f8cd437790f32a6c269110ed	AltGoals_CrazyTechPriest					NewHumanAdMechArmy	Mobs	AltGoals_CrazyTechPriest_Brain	Techpriest_CP	PossessedTechPriestBlindGrenadeRandomEncounter_VisualSettings	Autogun_Item,Mechadendrite_BoltPistol_Item	ForgeArmour_Item	1	
1b3b365496a04656802752562dfbf121	NomosSpeaker_NoVisual				NomosPhase1		CutsceneNeutrals				LaspistolGhost_Item		1	
1b6b3452105240b3bd89bd658e0bbca5	RE_MadCombatServitor_Melee				Soldier1_Portrait	NewHumanAdMechArmy	Mobs	MadServitorRandomEncounter_Brain		ServitorBaseMale02_VisualSettings	RE_PincersServitorCombatWeapon		1	
1bddc75f8328403e98c3a0d8bb9a58cd	JarubVukchik					HumanFortressBornArmy	CutsceneNeutrals			RogueTraderGuardPeaceful_VisualSettings			1	
1bde40331d2a4dc9becaa9ad3be4dc41	3IdiraCompanion_Level25_MikandraParty_ExportedPregen			HumanRace	Idira_Portrait,PlayerAasimarPaladin01_Portrait		Player			CompanionIdiraPrototype_VisualSettings,Character_VisualSettings	ChargedStaffItem,Autopistol_Item,Longlas_Item	ArmoredBodyglove2_Item,GuardFlakArmour_Item	3	CompanionIdiraPrototype>Character
1beb08b4f7f14c21b8fc7a29465c83e2	AdministratumQueueMemberF2				JungleWorldRebel_Portrait		CutsceneNeutrals		PlebFemale_CP	Servant_VisualSettings			1	
1c1f1e8e390a46568e0c6ecab73ad394	DeathCultist_PeacefullWeaver3						CutsceneNeutrals			GeneCultistMale_VisualSettings	DeathCultSwordCH2Unique_Item,DeathCultSwordT1CH4_Item		1	
1c2e65bde09d458fa27aa9ba77b6e4f4	Latyshev_Level45_Chaos_Uralon_ExportedPregen			SpaceMarineStandardRace	DarkApostle_Portrait		Player			ChaosSpacemarineMelee_VisualSettings	MaelstromBolter_Item_Companion,CrosiusOfUralon_Crosius_Item_Companion	HolyPowerArmour_Item_Uralon	1	
1c32cdbf3d83415997ec944d53c6831c	OurCrewPilot						CutsceneNeutrals			OurCrewPilot_VisualSettings	Lasgun_Item	GuardFlakChestplate_Item	1	
1c351398e24b4aebb2778ccdc39a4eed	FW_Noble_2						CutsceneNeutrals			Noble_VisualSettings			1	
1c3d5552d1f24ab6b28b898b7d71c31c	ImperialMisfit_MeleeRangedGrenade_Prison					NewHumanImperiumArmy	CutsceneNeutrals	ImperialSoldier_Prison_GrenadeBrain	Hobo_CP	Gladiator_VisualSettings	ScrappyAutopistol_Item,SwordT2CH02_Item	LeathersArmor_Item	1	
1c57c63e4b3b4c52b4aef7ca039ea020	HostagesAbductor				Mutant1_Portrait	NewHumanImperiumArmy	CutsceneNeutrals			HostagesAbductor_VisualSettings	BoltPistol_Item	Chainmail_Item	1	
1c7dbcf184f94dafa96d50fd844c288a	JungleWorldRebelMeleeTough				BCT_Human_Male_Flak_Rebel01_Portrait	NewHumanImperiumArmy	Mobs	RushBaseBrain	JanusRebel_Melee_CP	JungleWorldRebelMeleeTough_VisualSettings	ChainSword_Item	GuardFlakArmour_Item	1	
1c88397dedee413cb886359cb487379a	ScreamerDemonFootfallSlums					NewDaemonArmy	Mobs			DemonScreamer_VisualSettings	Screamer_BiteWeapon		1	
1cdab39e96a249da9375c876738410d3	HorrorOfTzeentchCh02_Pink_MeleeRanged					NewDaemonArmy	Mobs	HorrorOfTzeentch_BaseBrain		DemonHorror_VisualSettings	TalonedHands_Item		1	
1ceda1a2eafd49b9b9dba440fec1a949	CHeinrixCompanion_Level31_TesseraParty_ExportedPregen_ExportedPregen			HumanRace	PlayerAasimarPaladin01_Portrait		Player			Character_VisualSettings		PirateChainmail_Item	2	Character
1d312e298c8c4b20b252f67221d2cc59	CultistPirate_Melee_ArgentaFight						Mobs		Cultist_UnarmoredBruiser_CP	CultistRange_VisualSettings	Sword_Item		1	
1d6ce1d727a3e104b826add53fac8254	TrapActor_Lvl14						Traps			TrapActor_Lvl03_VisualSettings	TrapDagger_Lvl14,TrapDagger_Lvl03		2	TrapActor_Lvl03
1d78f7b5f3554751be456106abe0675e	CultistPsyker_SororitasQuest_Ranged				BCT_Human_Male_Cultist1_Portrait	NewHumanCultistsArmy	Mobs	CultistPsyker_SororitasQuestBrain	Cultist_Psyker_CP	CultistRangeSororitasQuest_VisualSettings	Stubcarbine_Item	HeavyLeathersArmour_Item	1	
1da3d92fcdd84fddbf84e69b75bfb93c	FootfallAnverGrenade_Ranged_Common					NewHumanBanditsArmy	Mobs		Anver_Plated_CP	FootfallBanditSpecialist_VisualSettings	Shotgun_Item	ScrapChainmail_Item	1	
1dc25ba476d94454b88d0bf1af2bd06d	DrukhariMandrake_Smoke_QuarryWorld					NewDrukhariArmy	Mobs	DrukhariMandrake_Smoke_QuarryWorld_Brain			VenomBladeT2CH04_Item		1	
1dd2b349b6e54684a1d66cb642517404	Bakula_50LvL_Solomon_ExportedPregen				SolomorneAnthar		Player	SolomorneCompanion_Enemy_Brain		Solomorne_VisualSettings	ScopedShotgun_Item,CrescendoShotgun_Item,Solomorne_Shotgun_Item	ArbitesArmour_Item	1	
1ddead8614c946e6965d2ecc3fe7506d	Iremeris				Iremeryss_Portrait,JungleWorldEldarRanger_Portrait	NewDrukhariArmy	TrueNeutrals,Mobs	KabalitePositionalBaseBrain		DrukhariKabalitePrototype_VisualSettings	DjinBladeYremeriss_Item,SplinterPistolAgony_Item,SplinterRifle_Item	KabaliteArmour_Item	2	DrukhariKabalitePrototype
1df7ad7561ca47a08a2c2b0a8152871e	OfficersDeckGuardAstro					NewHumanImperiumArmy	HelpingPlayer	ProloguePirateRangeSniper_Brain	ValantiusSoldier_CP	BridgeCrewMemberGuard_VisualSettings	LasgunUnlootable_Item		1	
1e0ff56c0c124c3aaef0e6941b4c95fe	VC2_Mercenary1Alpha					NewHumanImperiumArmy	CutsceneNeutrals	VC2_Mercenary1Alpha_Brain		VC2_MercenaryMale_VisualSetting	HellgunT2CH04_LowerDamage_Unlootable,PowerMaulT2CH4_Item_Unlootable	-ArmoredBodyglove2_BoardedShip_Unlootable_Item	1	
1e183abc21ff4aeeb78f6d4b2ef3ec0f	RT_Bakula_46_ExportedPregen			HumanRace	PlayerAasimarPaladin01_Portrait		Player			Character_VisualSettings	BloodblightHexrifle_Item,HuntingSharpshooterRifle_Item	BreachersArmour_Item	2	Character
1e41dc4677c54116bb1805da1dc0ff97	WrackServant				JungleWorldEldarRanger_Portrait	NewDrukhariArmy	CutsceneNeutrals,Mobs	KabalitePositionalBaseBrain		DrukhariAcothyst_VisualSettings	Hexrifle_Item	KabaliteArmour_Item	2	DrukhariAcothyst
1e741285ec044e25836066daf2fa027e	Footfall_Chaplain_Ch04					HumanAgriWorldArmy	CutsceneNeutrals	FootFallPirateFirstMateBrain		FootfallPirateCapellan_VisualSettings	Flamer_Item	ArmoredBodyglove_Item,EnforcerLightCarapace_Item	2	FootfallPirateCapellan
1e77591795b3444ba185a5b02885fe89	Footfall_Commoner						CutsceneNeutrals		PlebMale_CP	Footfall_Commoner_VisualSettings			1	
1e8f2c6661604b188eb108e003dce80f	.JaeCompanion_Level39_SolarParty_ExportedPregen			HumanRace	Jae_Portrait,PlayerAasimarPaladin01_Portrait		Player			CompanionJaePrototype_VisualSettings,Character_VisualSettings	SniperRifle_Item,ChainSword_Item	RadiantChestplate_Item,EnforcerLightCarapace_Item	3	CompanionJaePrototype>Character
1ed87d1f50fe42649004af8bb43d400f	Daemon_ForgeFiend_VoidShipBridge				Forgefiend_Portrait	NewDaemonArmy	CutsceneNeutrals	ForgeFienddBasic_Brain		DaemonForgeFiend_VisualSettings	ChaosEngine_BiteWeapon,ChaosEngine_TwinPlasma_Weapon		1	
1eee7766f2a24c6bbb175c706ee031dd	NavisNobilite_Melee_Mutant					NewHumanImperiumArmy	CutsceneNeutrals	NavisNobilite_MutantBrain	OrsellioLoyal_MutantSoldier_CP	NavisNobiliteMutant_VisualSettings	Knife_Item,NavisNobiliteKnife_Item	GuardFlakChestplate_Item	5	
1efa825f729a4cda8a05259addcedeec	InquisitorGuardGhostCutsceneMelee						CutsceneNeutrals		Inquisition_Soldier_CP	Footfall_Hobo_VisualSettings	ChainSword_Item		1	
1efb5eb061794dfa8dc563d8e241453c	Vladaym_Final				Vladaim_Portrait,RoleSpecialist1_Portrait	NewHumanBanditsArmy	CutsceneNeutrals,Mobs			Lair3RebelLeader_VisualSettings	LasPistol_Item,Hellgun_Item	ArmoredBodyglove_Item,RadiantChestplate_Item	2	Lair3RebelLeader
1efd93f8eb934c9ab0f0097638f4bc4f	DrukhariKhymeraBase_Arena					NewCreaturesArmy	Mobs	KhymeraBrain		DrukhariKhymera_VisualSettings	DrukhariKhymeraArenaClawWeapon		1	
1efde74799dd41028339a11470ab718e	DemonSlaaneshDaemonetteRandomEncounter				Daemonette_Portrait	NewDaemonArmy	Mobs	DemonSlaaneshDaemonetteRandomEncounter_Brain		DemonSlaaneshDaemonette_VisualSettings	WhipSlaaneshDaemonetteWeapon		1	
1f19735893e4405da0c78c084a1722b9	IzhdrigBatoshskiColonel				Izhdrig		CutsceneNeutrals						1	
1f21b7c3c6124980903bd71530740aaf	BetaStart_Player_Female_Unit			HumanRace	RogueTraderFemaleNavyPortrait,PlayerAasimarPaladin01_Portrait		Player			BetaStart_Player_Female_Unit_VisualSettings,Character_VisualSettings		EnforcerLightCarapace_Item	2	Character
1f27d48bdd2d46b98ecea05db4aa7f6c	Ch01_SpacePirateVendor						CutsceneNeutrals		PlebMale_CP	Footfall_Commoner_VisualSettings			2	Footfall_Commoner
1f62c66a53d1419cbe1e628f91ea4939	StarPortJaspar				BCT_Male_Lowerdecks_Guard_Portrait	NewHumanImperiumArmy	CutsceneNeutrals,HelpingPlayer	StarportAlly_Brain	Winterscale_Soldier_CP,ValantiusSoldier_CP	Guard_VisualSettings	Autopistol_Item,Shotgun_Item	GuardFlakChestplate_Item	3	StarPortSolider>Guard
1f68c9374253436da6f73b5b3b2cb83e	DrukhariProselyte_Melee_Portals				BCT_DrukhariWych_Female_Hekatrix_Portrait	NewDrukhariArmy	Mobs	DrukhariProselyte_Melee_Brain	ArenaWyches_CP	DrukhariWych_VisualSettings	DrukhariProselyte_HekatariiBladeSpecial_Item,HekatariiBladeT2_Item	WychArmour_Item	2	
1f7f6a1cfd254972a084364bedc1e727	ServantWithWeaponPistol_SpecialCutscene				JungleWorldRebel_Portrait		CutsceneNeutrals				Autopistol_ItemSpecalCutsceneNoFX		1	
1f8359a548a04c00bf071c4850d9b538	FootfallSewers_Bandit_Melee				BCT_BanditMaleAnverNoArmor01_Portrait	NewHumanBanditsArmy	Mobs	FootfallSewers_Bandit_Melee_brain	Bandit_Armored_CP	FootfallBandit_VisualSettings	KnifeT1_Item	HeavyLeathersArmour_Item	1	
1f894768d0414fc68c983a97e78b6e50	TreasureWorld_FeralGuard_Ranged_Weak					NewHumanImperiumArmy	CutsceneNeutrals	TreasureWorld_FeralGuard_Ranged_Brain	JanusRebel_RegularMale_CP		LasgunTrophy_Item	GuardFlakChestplate4_Item	2	TreasureWorld_FeralGuard_Ranged
1f9048cf8005462e822005a3507e55fe	VC2_LordsChild			HumanRace		NewHumanImperiumArmy	CutsceneNeutrals	VC2_LordsChild_Brain		VC2_Lord_Male_VisualSetting	SniperRifleT2CH4_Item_Unlootable	-ArmoredBodyglove2_BoardedShip_Unlootable_Item	1	
1f934b02911f4ed899ec9ba2efaa85ee	OfficerMeleeMutantRandomEncounter				BCT_Human_Male_PalaceGuard2_Portrait	NewHumanImperiumArmy	Mobs	FootFallPirateFirstMateBrain	Mutant_Enforcer_CP	0OfficerMeleeMutantRandomEncounter_VisualSettings	ChainSword_Item	GuardFlakChestplate_Item	1	
1f974af5b26246aabaabd368e8081929	TaintedStreetsRebelSniper_withLoot				JungleWorldRebelOfficerMelee_Portrait	NewHumanImperiumArmy	Mobs	TaintedStreetsSniperBrain		JungleWorldRebelMeleeTough_VisualSettings	SniperRifle_Item	GuardFlakChestplate_Item	1	
1f9e33af7b8b472fbf34bee5a4a6f32f	RE_BridgeUnique_Zombie					NewHumanImperiumArmy	Mobs	RE_Zombie_Brain	Zombie_NavyOfficer_CP	PlagueZombieFighter_VisualSettings	RE_BridgeUnique_Zombie_Hands		1	
1fa8f9e5a65840debf0da63d53b739f8	CorruptedTechPriestHellgun				Mechanicus1_Portrait	NewHumanAdMechArmy	Mobs			CorruptedTechPriestHellgun_VisualSettings	Mechadendrite_BoltPistol_Item	ForgeArmour_Item	1	
1fb60c0ef5fe459980c34a271dfad088	OfficersDeckGuard					NewHumanImperiumArmy	HelpingPlayer	Officer_Brain	ValantiusSoldier_CP	BridgeCrewMemberGuard_VisualSettings	LasgunUnlootable_Item		1	
1fcdf64add76483b896c9c5740115c58	Necron_Immortal_DLC3_NoReanimation					NewNecronArmy	Mobs	NecronImmortal_CrashedShip_Brain		NecronImmortal_VisualSettings	NecronImmortalRanged_Exhibition_Item,NecronImmortalMelee_Epitaph_Item,NecronImmortalRanged_Epitaph_Item,NecronImmortalRange_Weapon		3	NecronImmortal_MeleeRanged_Epitaph>NecronImmortal_Prototype
1ff04376afef4c9e87f091029fe50f4a	Marazhai			EldarStandardRace	Marazhai_Portrait,JungleWorldEldarRanger_Portrait	NewDrukhariArmy	Mobs	KabalitePositionalBaseBrain		Marazhai_VisualSettings,DrukhariKabalitePrototype_VisualSettings	SplinterRifle_Item	KabaliteArmour_Item	2	DrukhariKabalitePrototype
1ff4d703a37546cea819186b524b3254	.FootfallAnverKnivesOutLeader_MeleeRanged_Elite					NewHumanBanditsArmy	Mobs	KnivesOutBaseBrain		Footfall_CommonerFemale_VisualSettings	CombatShotgun_Item,ChainSword_Item	CarapaceChestplate_Item	3	
200ce0c1ddc640e3bf993710b7a1cfaf	AbelardCompanion_Level29_ExportedPregen			HumanRace	Abeliard_Portrait,PlayerAasimarPaladin01_Portrait		Player			CompanionAbelardPrototype_VisualSettings,Character_VisualSettings	SwordOfOnslaught_PowerSword_Item,HellPistol_Item,PowerClaymore_Item,PowerMaul_Item	RadiantChestplate_Item,EnforcerLightCarapace_Item	3	CompanionAbelardPrototype>Character
2012d901aa5546448b5763aebf0e83b6	PlaguebearerRandomEncounter1					NewDaemonArmy	Mobs	PlaguebearerBrawler_BaseBrain		Plaguebearer_VisualSettings	Plaguesword_Item		2	Plaguebearer
2016268f86c941968692f55f40a36a32	JaeCompanion_Gamescom			HumanRace	Jae_Portrait,PlayerAasimarPaladin01_Portrait		Player			CompanionJaePrototype_VisualSettings,Character_VisualSettings	Hellgun_Item,SplinterPistol_Item,ExpandedStubRevolver_Item,FlamerPistol_Item	ArmoredBodyglove_Item,EnforcerLightCarapace_Item	4	JaeCompanion>CompanionJaePrototype>Character
2026563ab8214cbc95fc46fc8b4190b4	Anger				Malice_Portrait	NewDrukhariArmy	CutsceneNeutrals	DrukhariSslyth_brains		DrukhariSslyth_VisualSettings			1	
2045e1334c2d4b58836f28dcc1521159	1						CutsceneNeutrals			Character_smallWHTest_VisualSettings			2	Zaurback
20472130a28a4bc89ff502703849eaeb	FW_Culprit_Noble					NewHumanImperiumArmy	CutsceneNeutrals	FW_Culprit_Uniq_Brain		Footfall_Worker_VisualSettings	FW_MutantHands_Item		1	
20598ec2089e4db3b276202ef219862f	Ch04_Malatek				JungleWorldRebelServitor_Portrait	NewHumanAdMechArmy	CutsceneNeutrals	CombatServitorHeavyRandomEncounterBrain		ServitorBaseMale02_VisualSettings	TwoHandedAxe_Prototype_Item		1	
2072496997bd42a19a87aaf1d2f60981	.Latyshev_RT_SoldierArch_Level25_ExportedPregen			HumanRace	PlayerAasimarPaladin01_Portrait		Player			Character_VisualSettings	HuntingRifle_Item,FoehammerT2CH3_Item,ExpandedStubRevolver_Item	GuardFlakChestplateOrigin1_Item	2	Character
208afe4e109a49a6bae4cce668f80223	0Latyshev_Level45_Heinrix_Assassin_ExportedPregen			HumanRace	Heinrix_Portrait,PlayerAasimarPaladin01_Portrait		Player			CompanionHeinrixPrototype_VisualSettings,Character_VisualSettings	ForceSwordCH4Unique1_Item,ForceSwordCH4Unique4_Item,SanctifiedStaff_Item,ForceSword_Item	Assault_EnforcerLightCarapace_Item,GuardFlakArmour_Item	3	CompanionHeinrixPrototype>Character
208c6b5171ef42039b8c17fe2f8b0c69	DW_Beast_Tail_4					NewBeastLimpArmy	Neutrals	DW_Beast_Tail_Brain,DW_Beast_Tail_Brain_React		DW_Beast_Tail_VisualSettings			2	DW_Beast_Tail_1
20972aac01c7433997cf81175f4dfded	Footfall_ChordaEnforcer02						CutsceneNeutrals		Pleb_CP	Footfall_Hobo_VisualSettings	Flamer_Item		1	
209c9c4164e144ab93960011715aa462	Ch04Chorda_RangeSpecialist_unit					NewHumanImperiumArmy	CutsceneNeutrals	Ch04_RangeSpecialist_Brain	Chorda_Soldier_CP	JungleWorldRebelMeleeTough_VisualSettings	AutogunRapid_Item	LeathersArmor_Item	1	
20ad48e96a89488684ebb3eb31965240	Exhibition_ChaosCultist_Ritual1				JungleWorldRebelSpecialist_Portrait	NewHumanAdMechArmy,NewHumanCultistsArmy	Mobs			CultistRangeLair1_VisualSettings,Lair3RebelRanged_VisualSettings	HellPistol_Item	GuardFlakArmour_Item	3	Exhibition_ChaosCultist_Ritual>ChaosCultist_Psyker
20b82224d1b24a888c35c0eb63d9a92a	Daemon_ForgeFiend_SpaceHulk_Boss					NewDaemonArmy	Mobs	ForgeFiend_SpaceHulk_Brain		DaemonForgeFiend_VisualSettings	DaemonEngineSlam_Weapon,SpaceHulkDaemonEngine_TwinPlasma_Weapon		1	
20c5ce9f1e2bcf9448a7a0fd0850f5d2	YrlietCompanion			EldarStandardRace,HumanRace	Yrliet_Portrait,PlayerAasimarPaladin01_Portrait		Player			CompanionYrlietPrototype_VisualSettings,Character_VisualSettings	LongRifle_Item	EldarRangerArmour_Item	3	CompanionYrlietPrototype>Character
20cca7385ca940b985fa1da486e57c03	NaviRadicalLeaderServitor				BCT_ReginaSauerbeck_Portrait	NewHumanImperiumArmy	CutsceneNeutrals	NaviRadicalLeaderBrain		NaviRadicalLeader_VisualSettings			1	
20d2707bcde54d478b87472d369a40d9	BanditInvKittenBarCutscene						CutsceneNeutrals,Traps			MapObjectKitten_VisualSettings			2	MapObjectKitten
20d9852b82744b4faa51294b059ec37b	DeathCultExecutioner_Melee_CultFinalDuel_04					NewHumanImperiumArmy	CutsceneNeutrals	TheExecutioner_CultFinalDuel_Brain		DeathCultistFemale_VisualSettings	DeathCultSwordT1CH4_Item	DeathCultBreastplateMob_Item	2	DeathCultExecutioner_Melee_CultFinalDuel
20e465a0f0894afaaefb0e93a5055d23	CultistRangeKhorneRandomEncounter_Flamer				BCT_FreakshowMutant02_Portrait	NewHumanCultistsArmy	Mobs			CultistRange_VisualSettings	Flamer_Item	ScrapChainmail_Item	1	
20edcfddd3e246cbb4019b60c9d96f86	RabbleLeaderStrong				BCT_Male_Lowerdecks_LeaderStrong_Portrait	HumanVoidBornArmy	CutsceneNeutrals			RabbleLeaderStrong_VisualSettings	ShockBaton_Item	GuardFlakArmour_Item	1	
20ef7241b48742c6964db02a6ee57b20	ChaosSpawnNoHead_Prototype				Daemon1_Portrait	NewCreaturesArmy	Mobs			ChaosSpawn_VisualSettings			1	
210dc47310cb4076a9231048a826f0f7	Footfall_Brainman						CutsceneNeutrals			Footfall_Hobo_VisualSettings			1	
210efa9f128043fc8cd45683ef9b43d8	DemonHorrorBlue_Melee_UlfarQuest					NewDaemonArmy	Mobs	MeleeFlankerBaseBrain		DemonHorror_Blue_VisualSettings	HorrorTalons_UlfarQuest_Item		1	
21271cebc0ef40aa89630202f0cb5ac8	BoardedShip_Pirate_Melee_Common_Unit					NewHumanBanditsArmy	Mobs	ChargerBaseBrain	CommonPirate1_CP	FootfallPirate_VisualSettings	ChainAxe_Item	ArmoredBodyglove_Item	1	
213a6ef6713845ba95695bb4a111834e	Heinrix19Chapel_ExportedPregen			HumanRace	Heinrix_Portrait,PlayerAasimarPaladin01_Portrait		Player			CompanionHeinrixPrototype_VisualSettings,Character_VisualSettings	ForceSword_Item,Autopistol_Item,BiomancersStaff_Item,Shotgun_Item	FlakVest_Item,GuardFlakArmour_Item	3	CompanionHeinrixPrototype>Character
214406d590f14421b94860305aa802ff	TestZombie_Female					NewHumanImperiumArmy	Mobs			PlagueZombie_VisualSettings	WeakZombie_Claws_Weapon		1	
2144f485529a4048933f4eba9e4b38f1	Pasqal19Chapel_ExportedPregen			HumanRace	Pascal_Portrait,PlayerAasimarPaladin01_Portrait		Player			CompanionPascalPrototype_VisualSettings,Character_VisualSettings	OmnissiahAxe_Item,PlasmaRifle_Item,Autogun_Item	ArmoredBodyglove2_Item,EnforcerCarapace_Item,GuardFlakArmour_Item	4	PascalCompanion>CompanionPascalPrototype>Character
2154d07c4b72480fb362ec9d267635df	DrumEngineseer						CutsceneNeutrals		Techpriest_CP	Footfall_TechPriest_VisualSettings	OmnissiahAxe_Item,Mechadendrite_BoltPistol_Item	GuardFlakArmour_Item	1	
218a6f29e5d646c1a4e1b50ca235116c	EogannMagnarail_Level39_ExportedPregen						Player			CompanionPascalPrototype_VisualSettings	PlasmaRifleCH4Unique2_Item		1	
218a7a6c0caa41c2abdbfa9c87df8946	Quetza-al_Shaman					NewHumanImperiumArmy	HelpingPlayer	Shaman_Brain		Footfall_Worker_VisualSettings	BlooddrinkingStaff_Item	GuardFlakChestplate_Item	1	
21975521353a47c19f373f68949e0918	BoardedShip_Reactor_CombatServitor_Unit					NewHumanAdMechArmy	Mobs	BoardedShip_CombatServitor_Bolter_Brain		CombatServitor_VisualSettings	0CombatServitorBolter_BoardedShip_Unlootable_Item	CasingChestplate_BoardedShip_Unlootable_Item	1	
21b540931f8841609d664a7febdb59fa	IzhdrigBatoshskiColonel_Warrant				Izhdrig		CutsceneNeutrals						2	IzhdrigBatoshskiColonel
21b913752d32449391db127466a0e3ad	DLC2_BoardedShip_DrukhariTurret_New					NewMachineArmy	Mobs	DLC2_BoardedShip_DrukhariTurret_New_Brain		DrukhariTurret_VisualSettings	DLC2_BoardedShip_DrukhariTurret_New_Weapon		1	
21c16d44765f4b5a9ff2b05fef3f59a9	AlliedStarportTurret					NewMachineArmy	CutsceneNeutrals			TarantulWarWorldBunker_VisualSettings	StarportTurretMelta_Item		1	
21d6b3d4b3a946ed919f5ebfd2bb1eac	DLC3_AeldariBossShip						Bandits						0	
21e95a898be64620acc71787cf608f48	RT_55_Overseer_Bakula_ExportedPregen			HumanRace	PlayerAasimarPaladin01_Portrait		Player			Character_VisualSettings	CrescendoShotgun_Item,PatternShockBatonCh2_Item	FireproofCarapace_Item	2	Character
21ed56365c4a49c8b3996e234c5c208c	IdiraCompanion_Ch04_Presstour			HumanRace	Idira_Portrait,PlayerAasimarPaladin01_Portrait		Player			CompanionIdiraPrototype_VisualSettings,Character_VisualSettings	StaffOfTheRigheousPyre_Item,DarkLance_Item,PsyFocusStaff_Item,LasPistol_Item	ChaosBodyglove_Item,ArmoredBodyglove_Item,GuardFlakArmour_Item	4	IdiraCompanion_2lvl>CompanionIdiraPrototype>Character
21ef499a5a814a98838bc2ba8866b999	FootfallAnverCommanderLeader_Melee_EliteQS					NewHumanBanditsArmy	Mobs	FootfallAnverCommanderLeadertBrain		FootfallKingpinSniper_VisualSettings	AnverChainSword_Item	Chainmail_Item	1	
22085382632b4b7c8c133a276262fc7d	CultistTzeentchPortalHolder				BCT_Human_Male_Cultist3_Portrait	NewHumanCultistsArmy	Mobs	TzeentchCultistPortalHolder_Brain		CultistRange_VisualSettings		ScrapChainmail_Item	4	
2259655380c54667b35dbe3395098827	Uralon41Abel_ExportedPregen			HumanRace	Abeliard_Portrait,PlayerAasimarPaladin01_Portrait		Player			CompanionAbelardPrototype_VisualSettings,Character_VisualSettings	ThunderHammerCognatius_Item,MeltaUltima_Item,PowerMaul_Item,Melta_Item	TempestusCarapaceOrigin1_Item,EnforcerLightCarapace_Item	3	CompanionAbelardPrototype>Character
226374cd65c348a78acec1548eaa0122	FootfallSewers_Bandit_MeleeSwarm				BCT_BanditMaleAnverNoArmor01_Portrait	NewHumanBanditsArmy	Mobs	RushBaseBrain		FootfallBandit_VisualSettings	ChainSwordT2CH4_Item	CasingChestplate_Item	1	
2266f604dd5c4af7bf2afa9c8867026e	ZekePeacefulState						CutsceneNeutrals			BridgeCrewMemberNavy_VisualSettings			1	
22729fca34c5490dbbee15930a285615	TreasureWorld_Arbites_PetMaster					NewHumanImperiumArmy	CutsceneNeutrals	TreasureWorld_Arbites_PetMaster_Brain	ArbitesTrooper14_CP	Arbites_Male_VisualSettings	BolterT1_Item	ArmoredBodyglove4_Item	1	
2298af2dcc0a407d8c992cc9f521e69a	Latyshev_Cassia_Level25_MT_ExportedPregen			HumanRace	Cassia_Portrait,PlayerAasimarPaladin01_Portrait		Player			CompanionCassiaPrototype_VisualSettings,Character_VisualSettings	BloodhoundNavigatorStaff,StaffOfHouseCassini,Longlas_Item,Autopistol_Item	HeadhunterLightCarapace_Item,GuardFlakArmour_Item	3	CompanionCassiaPrototype>Character
22a4181e9ade4a1abac79ff2d44211ba	BridgeCrewMemberTechnomat1						CutsceneNeutrals			BridgeCrewMemberTechnician_VisualSettings			1	
22abcda97c6644d797d0cc5978890f1e	FootfallBanditHeavy					NewHumanBanditsArmy	Mobs	RangedPositionalBaseBrain	Anver_Plated_CP	FootfallBanditHeavy_VisualSettings	Stubcarbine_Item	Chainmail_Item	1	
22b6165e95ec4d33afd525741b5a140d	YrlietCompanion_Ch04_TrueStart			EldarStandardRace,HumanRace	Yrliet_Portrait,PlayerAasimarPaladin01_Portrait		Player			CompanionYrlietPrototype_VisualSettings,Character_VisualSettings	Lasblaster_Item,LongRifleCH2Unique_Item,LongRifle_Item	DrukhariRangerArmour_Item,EldarRangerArmour_Item	3	CompanionYrlietPrototype>Character
22ec6594995a48f881b3519d9a6fe4a8	GenestealerAutogun_Ghost_VoidshipCrypt					NewGenestealersCultArmy	CutsceneNeutrals		Genestealer1Tier_CP	GeneCultistMale_VisualSettings	Autogun_VoidCrypt_Cutscene		1	
2372ffd4bf2b4d61b1bac6a93ad1c25a	FW_CrystalGolem_MeleeRanged_Elite					NewCreaturesArmy	CutsceneNeutrals	FW_CrystalGolem_MeleeRanged_Elite_Brain		VC2_Arbitres_Melee_golem_visualSettings	FW_CrystalGolem_StoneSword_Item		1	
2398a844210d43a891d27fffb99c62e6	PlayerRT_Level22_Pyromant_ExportedPregen			HumanRace	PlayerAasimarPaladin01_Portrait		Player			Character_VisualSettings	PyromancersStaff_Item	HeadhunterLightCarapace_Item	2	Character
23adffdbbcfe4c20954e00b88e6bd450	PascalCompanionCh02End				Pascal_Portrait		Player			CompanionPascalPrototype_VisualSettings	OmnissiahAxe_Item,SniperRifle_Item	TempestusCarapace_Item	1	
23b2ac13ef97481193736af563ebc5b7	PascalCompanion_Gamescom			HumanRace	Pascal_Portrait,PlayerAasimarPaladin01_Portrait		Player			CompanionPascalPrototype_VisualSettings,Character_VisualSettings	OmnissiahAxe_Item,PlasmaRifle_Item,Autogun_Item	FireproofCarapace_Item,EnforcerCarapace_Item,GuardFlakArmour_Item	4	PascalCompanion>CompanionPascalPrototype>Character
23c42fc36fc74a0287e3133023f5f6b0	CassiaCompanionCh02End			HumanRace	Cassia_Portrait,PlayerAasimarPaladin01_Portrait		Player			CompanionCassiaPrototype_VisualSettings,Character_VisualSettings	Longlas_Item,HellPistol_Item,Autopistol_Item	ArmoredBodyglove_Item,GuardFlakArmour_Item	3	CompanionCassiaPrototype>Character
23d1cd8e0f724b1e9a5676143be53ad8	Quetza-al_Archmilitant					NewHumanImperiumArmy	HelpingPlayer	Archmilitant_Brain		Quetza-al_Archmilitant_VisualSettings	HarbingerOfCarnage_item,HellPistol_Item	GladiatorsMeshArmour_Item	1	
23e15c743cf24b16ae506b7695670e5b	FootfallPirateArcRifle					NewHumanBanditsArmy	CutsceneNeutrals	RangedCloseBaseBrain	PirateArmor1_CP	FootfallPirate_VisualSettings	ArcRifleT2_Item	LeathersArmor_Item	1	
23e16233c5854c1ca0f201d525a349b7	CaptainVedkaDunavski				Vedka,VedkaNewHandUniform	NewHumanImperiumArmy	HelpingPlayer	DLC3_BA_CaptainVedkaDunavski_Brain,HumanDefender_SurvivorCamp_Brain	ValanciusEnforcer_CP	0Zarkov_Military_SurvivorCamp_VisualSettings_Male	GreatswordT2CH4_Item	GuardFlakChestplate4_Item	3	.HumanArchitect_Melee_SurvivorCamp_State2_Vedka>1HumanArchitect_Melee_SurvivorCamp_State2_Kuravich
23e5a1db98c644e0be78bb7782c870fa	DrukhariKabaliteSniper					NewDrukhariArmy	Mobs	DrukhariKabaliteSniperBrain	RTSniper_CP	DrukhariKabaliteHeavy_VisualSettings	SplinterRifleT2CH04_Item	KabaliteArmourT2_Item	1	
23ec46123f4647ff8dc6419a17727b8f	6Latyshev_Level45_Chaos_Abelard_Assassin_ExportedPregen			HumanRace	Abeliard_Portrait,PlayerAasimarPaladin01_Portrait		Player			CompanionAbelardPrototype_VisualSettings,Character_VisualSettings	Eviscerator_Item,ThunderHammerCognatius_Item,PowerMaul_Item,Melta_Item	PurityOfHumanity_PowerArmor_Item,EnforcerLightCarapace_Item	3	CompanionAbelardPrototype>Character
23f23a2da4274fefade8a7fb6c0b244c	Herald2						CutsceneNeutrals			ServoSkullHerald_02_VisualSettings,ServoSkullRogueTrader_VisualSettings			2	HeraldPrototype
23f85cedf62344ff9a077e6106c9e98a	DLC3_OP_Xenarite_Technomat_Unit					NewHumanAdMechArmy	NeutralGuards	DLC3_OP_Xenarite_Technomat_Brain	ChaosBattleTechnomat_CP	Footfall_TechPriest_VisualSettings	PlasmaRifleT2_Item,DLC3_OP_Xenarite_Technomat_PlasmaRifle_Item	FlakVest_Item	1	
241f744eb7a44063b02e4567576454eb	Kibellah_level47_Gamescom2024_ExportedPregen			HumanRace	Kibellah_NoMask_Portrait,Argenta_Portrait,PlayerAasimarPaladin01_Portrait		Player			Kibellah_VisualSettings,CompanionArgentaPrototype_VisualSettings,Character_VisualSettings	BloodseekerKlaive_Item,VenomBladeT2CH04_Item,AutoStriking_PowerSword_Item,Bolter_Item	Assault_EnforcerLightCarapace_Item,EnforcerLightCarapace_Item	3	CompanionArgentaPrototype>Character
2458f825d22642e3b55bb3fe47484c19	DrukhariWrack_MeleeRanged_Lab01					NewDrukhariArmy	Mobs	DrukhariWrackLab_MeleeRanged_Brain		DrukhariWrack_VisualSettings	HekatariiBladeT2CH04_Item,ShurikenPistolT2CH04_Item		1	
24722803a28f4764a3efbd7b6d00d896	SoldierQA_lvl4			HumanRace	Argenta_Portrait,PlayerAasimarPaladin01_Portrait		Player			CompanionArgentaPrototype_VisualSettings,Character_VisualSettings	Autogun10test_Item,Axe10test_Item,Bolter_Item,Flamer_Item	EnforcerLightCarapace_Item	3	CompanionArgentaPrototype>Character
247fd6c99ddc419c9693259f6fd558f4	Plaguebearer_MeleeRanged_Ch04					NewDaemonArmy	Mobs	Plaguebearer_UlfarQuest_Brain		Plaguebearer_VisualSettings	PlaguebearerPlaguesword_UlfarQuest_Item		1	
2480da43227d40dbb80c28ee66a8fd46	VP_Marshal_noHelmet				Marshal	NewHumanBanditsArmy	CutsceneNeutrals	RangedCloseBaseBrain	PirateArmor1_CP	FootfallPirate_VisualSettings	Knife_Item	LeathersArmor_Item	2	VP_Marshal
248a8d3d666f41c2ac998781f642ccdb	FalseAstropath_Annis						CutsceneNeutrals			AstopathicGhostFemale_VisualSetting			1	
24991153fd994300be236f1309706969	FootfallBanditSniper					NewHumanBanditsArmy	Mobs			FootfallBanditSniper_VisualSettings	MarksmanRifle_Item	ArmoredBodyglove_Item	1	
249aa9cfc95d4f19a82af6b053697049	InfectedMutantPsyker_Ranged				BCT_Human_Male_Cannibal6_Portrait	NewHumanImperiumArmy	Mobs	InfectedPsykerBrain	Mutant_LowLifer_CP	SlumsMutantFighter_VisualSettings	SerratedKnife_Item	HeavyLeathersArmour_Item	1	
24a2bc898dd548c097342810d6689021	FW_Horse				GardenWorldBeast_Portrait	NewCreaturesArmy	Neutrals,Mobs	RushBaseBrain		FW_Horse_VisualSettings,JungleBeast_VisualSettings	ClawsJBeastAlphaWeapon,BiteJBeastComWeapon		2	JungleBeastPrototype
24bbf5b440294356a6286eb90c201c65	Enforcer_Ranged_VoidshipBridge					NewHumanImperiumArmy	HelpingPlayer	RangedRushBaseBrain	ValantiusSoldier_CP	BridgeCrewMemberNavy_VisualSettings	BoltPistolT2CH04_Item	ArmoredBodyglove2_Item	1	
24cf7eda98c94e6ead7d7e27d710b3b9	DLC2_BoardedShip_Tarantul					NewMachineArmy	CutsceneNeutrals			BlackShipTarantul_VisualSettings	DLC2_BoardedShip_Tarantul_Item		1	
24d1c14454c34f9cbf70161083024508	Quetza-al_ShamanVillage					NewHumanImperiumArmy	HelpingPlayer	Shaman_Brain		Footfall_Worker_VisualSettings	BlooddrinkingStaff_Item	GuardFlakChestplate_Item	2	Quetza-al_Shaman
24d3097f00f74b2588dd1db82209cc28	CustomCompanion1			HumanRace	RogueTraderMaleCommissaryPortrait,PlayerAasimarPaladin01_Portrait		Player			Character_VisualSettings	StubRevolverSingleShot_Item		4	CustomCompanion>StartGame_Player_Unit>Character
24d431cda421489e9aa24575d54cc0ac	.GenestealerRanger_Ranged_PatriarchVisions_Hard					NewGenestealersCultArmy	Mobs			TaintedStreetsCultistRangedHeavy_VisualSettings	LasgunT2CH4_Item	Chainmail_Item	1	
24ef253825b64f87ad11355686749612	LT_Oppressed_Unique						CutsceneNeutrals			Footfall_Worker_VisualSettings			1	
2504fb3215cf40b6b61b98e06ac285ce	FakeTeodora				Theodora_Portrait	NewHumanImperiumArmy	HelpingPlayer	TheodoraTutorial_Brain		TheodoraUnit_VisualSettings	PlasmaPistol_Item,PowerSword_Item		1	
250cef2bb3fd4211b9db476c47f86de2	HumanGladiator_Ranged_Arena_02					NewHumanImperiumArmy	Neutrals	RangedPositionalBaseBrain	ChasmGladiators_Shooter_CP		LasPistol_Item	ScrapChainmail_Item	1	
25284858df394775bcf11361466a22b9	SpecialGuard				BCT_Male_Lowerdecks_SpecialGuard_Portrait	NewHumanImperiumArmy	HelpingPlayer			SpecialGuard_VisualSettings	Lasgun_Item	GuardFlakChestplate_Item	1	
252c765a76e147d29845de2abff17968	CultistTzeentchRangeRandomEncounter				BCT_Male_Lowerdecks_Guard_Portrait	NewHumanCultistsArmy	Mobs	TzeentchCultist_Brain	ValantiusSoldier_CP	CultistRange_VisualSettings	Lasgun_Item,Sword_Item	ScrapChainmail_Item	1	
252da95bf55444fc9cbdf650363bc86c	InfernusSister					NewGenestealersCultArmy	Mobs	BGenestealerAcolyteHybridPowerPick_MeleeRanged_VoidshipBridge_brain		GeneCultistFemale_VisualSettings	BoltPistolT2CH04_Item,PowerPickT1CH4_Item,GeneStealerHammerUnique_Item	HeavyRibSuit_Item	1	
25432786cfd04128b9f6312877a902ce	FootfallAnverSniper_Ranged_Hard					NewHumanBanditsArmy	Mobs			FootfallBanditSniper_VisualSettings	MarksmanRifle_Item	ArmoredBodyglove_Item	1	
2547289644244e1f85bd6c06a7ab84d2	RaycadMinoris_Governor				Mutant1_Portrait		CutsceneNeutrals		JanusNobleMale_CP_Correct	Noble_VisualSettings			2	Noble
257e4314572041148536ea8d410ccf68	ChapelAcolyteMelee_AstropathicChapelCH2					NewHumanImperiumArmy	CutsceneNeutrals		RaycadRebel_Unarmored_CP	Acolyte_v1_VisualSettings	Knife_Item		1	
25b3b06c51584d76ada0a2497df08d93	-Drukhari_Nazrakey_MeleeRanged_Boss_MarazhaiQ2				ArchonBlackHeart_Portrait	NewDrukhariArmy	Mobs,CutsceneNeutrals	Drukhari_Nazrakey_MeleeRanged_Boss_brain,KabalitePositionalBaseBrain	RTSoldier_CP	DrukhariKabalite_VisualSettings	BlastPistol_Item,VenomBladeKabalite_Item,SplinterRifle_Item	KabaliteArmour_Item	3	DyingKabalite>DrukhariKabalite
25b730757e784d15b623bd71857477e7	HeretekMagiUralonSidekick				BCT_Human_Male_HeretekMagi_Portrait	NewHumanAdMechArmy	Mobs	MagosCommon_ScrapCodeMeleeProtocols_Brain	CorruptedTechpriest_Normal_CP	HeretekMagi_VisualSettings	Lasgun_Item	ForgeArmour_Item	1	
25b8a0bbb9e0420d8e97a1ee78749bc2	HelBruteLair01				Mechanicus2_Portrait	NewDaemonArmy	Mobs	HelbruteLair1_brain		Helbrute_VisualSettings	HelbruteAutocannon_UlfarQuest_Item,HelbruteFist_UlfarQuest_Item		1	
25c4c6d7c4a54a9ea0f7eb53a5a6f3d6	DrukhariHekatrix_ReavingTempestSpire_unit				JungleWorldEldarRanger_Portrait	NewDrukhariArmy	Mobs	DrukhariWychRTS_2_Brain,DrukhariWych_BaseBrain	RTWychesFemale_CP	DrukhariHekatrix_VisualSettings	VenomBladeKabalite_Item	WychArmour_Item	2	DrukhariHekatrixPrototype
25d63e509d8d481397b91708d802cead	Bakula_50LvL_RT_ExportedPregen			HumanRace	PlayerAasimarPaladin01_Portrait		Player			Character_VisualSettings	SniperRifleT2CH4_Item,HuntingSharpshooterRifle_Item	BreachersArmour_Item	2	Character
265643871d524ac5a30b473eb3f452e7	PeacefulServitor3					NewHumanAdMechArmy	CutsceneNeutrals,Mobs	RushBaseBrain		ServitorBaseMale01_VisualSettings	PincersServitorWeapon		3	MadServitor>Servitor_FWSH
2674d05c20834b6ea900eab38468cc88	SoldierQA_lvl15			HumanRace	Argenta_Portrait,PlayerAasimarPaladin01_Portrait		Player			CompanionArgentaPrototype_VisualSettings,Character_VisualSettings	Autogun10test_Item,Axe10test_Item,Bolter_Item,Flamer_Item	EnforcerLightCarapace_Item	3	CompanionArgentaPrototype>Character
267d362c1d304666a6a0cf834e732d70	Footfall_Generic_BanditSniper					NewHumanBanditsArmy	Mobs				MarksmanRifle_Item	ArmoredBodyglove_Item	1	
26914f1cddfc4f5b90946a1d1b8e125c	BoardedShip_Reactor_Gunner_Swarm_Unit					NewHumanBanditsArmy	Mobs	BoardedShip_Range_Brain	WeakPirate1_CP	FootfallPirate_VisualSettings	AutogunT2CH1_BoardedShip_Unlootable_Item	ArmoredBodyglove_BoardedShip_Unlootable_Item	1	
26b4b9a3bb224e3087f662f4fbaf7ee6	4HeinrixCompanion_Level37_TesseraParty_ExportedPregen			HumanRace	Heinrix_Portrait,PlayerAasimarPaladin01_Portrait		Player			CompanionHeinrixPrototype_VisualSettings,Character_VisualSettings	SanctifiedStaff_Item,DjinBladeYremeriss_Item,VenomBladeT2CH04_Item,ForceSword_Item	RadiantChestplate_Item,GuardFlakArmour_Item	3	CompanionHeinrixPrototype>Character
26c67ea951aa4a2380cdef378df0dbc4	LT_SF_Worker_bomb						CutsceneNeutrals		LT_Worker_CP	Footfall_Worker_VisualSettings			2	LT_Worker
26d294f4b4ed4882a67ebaaebd8070ce	Footfall_Bureaucrat_Uniq1						CutsceneNeutrals			Footfall_Bureaucrat_VisualSettings		GuardFlakChestplate_Item	1	
26e441bf180a467281ec61ef864a09c1	3CassiaCompanion_Level37_TesseraParty_ExportedPregen			HumanRace	Cassia_Portrait,PlayerAasimarPaladin01_Portrait		Player			CompanionCassiaPrototype_VisualSettings,Character_VisualSettings	BloodhoundNavigatorStaff,StaffOfHouseCassini,Longlas_Item,Autopistol_Item	SlickBodyglove_Item,GuardFlakArmour_Item	3	CompanionCassiaPrototype>Character
26f5fe3d70075284abd9a7854c92f70a	TrapActor_Lvl04						Traps			TrapActor_Lvl03_VisualSettings	TrapDagger_Lvl04,TrapDagger_Lvl03		2	TrapActor_Lvl03
27079a16b3b740b7a58ff1e78ada7487	IzhdrigBatoshskiColonel_Voidship				Izhdrig		CutsceneNeutrals						2	IzhdrigBatoshskiColonel
270b3e09cf424209b126b236f1655108	DLC3_DL_Guard_Melee_Ally_Unit					NewHumanImperiumArmy	NeutralGuards	DLC3_DL_Guard_Melee_Brain	ValantiusSoldier_CP	RogueTraderGuardPeaceful_VisualSettings	DLC3_DL_Guard_Axe_Item	DLC3_DL_Guard_GuardFlakArmour_Item	1	
2711d4883bb24692afaf1e8a3ab4335f	DarkMagos				BCT_Human_Male_TechPriest_Trader_Portrait	NewHumanAdMechArmy	CutsceneNeutrals,Mobs	ArtisanAoE_Brain		HeretekLogi_VisualSettings,HeretekArtisan_VisualSettings	OmnissiahAxe_Item		2	HeretekArtisan
271586e10251407b8be6344274375aa0	Abelard				Abeliard_Portrait	NewHumanImperiumArmy	HelpingPlayer	AbelardTutorial_Brain		CompanionAbelardPrototype_VisualSettings	ChainSword_Item	MeshChestplate_Item	2	
27209d93992a4ba1b1b33a002396a6f2	SolomorneCompanion_22lvl_Overseer				SolomorneAnthar		Player	SolomorneCompanion_Enemy_Brain		Solomorne_VisualSettings	CombatShotgun_Item,PowerMaulT2_Item,Solomorne_Foehammer_Item,Solomorne_Shotgun_Item	ReinforcedEnforcerCarapace_Item,ReactivatorArmour_Item	2	SolomorneCompanion
2731296b172447338ccefb5db5b34935	YrlietCompanionCh03Start_NoWeapon			EldarStandardRace,HumanRace	Yrliet_Portrait,PlayerAasimarPaladin01_Portrait		Player			CompanionYrlietPrototype_VisualSettings,Character_VisualSettings	LasPistol_Item,LongRifle_Item	EldarRangerArmour_Item	4	YrlietCompanion>CompanionYrlietPrototype>Character
275beae9781c49d2851911b52b22d837	SolomorneCompanion_NPC_Ch01_CommandCenter				SolomorneAnthar		CutsceneNeutrals,Player	SolomorneCompanion_Enemy_Brain		Solomorne_VisualSettings	Solomorne_Foehammer_Item,Solomorne_Shotgun_Item	ReactivatorArmour_Item	2	SolomorneCompanion
2765bc58fbe448a4bbd08004c8c1eb1c	TzeentchHorrorBlue_Melee_Perils					NewDaemonArmy	Mobs			DemonHorror_Blue_VisualSettings	HorrorTalons_UlfarQuest_Item		1	
2778c2ba5f7c49b6b01cab0d187320d8	RE_DemonTransform_Gunner				BCT_Human_Male_Rebel3_Portrait	NewHumanImperiumArmy	Mobs			RE_DemonTransform_Gunner_VisualSettings	Lasgun_Item,Knife_Item	CasingChestplate_Item	1	
277da93b7b7e4cbd9eb46863bc60d2f8	LT_SF_Worker_pistol_CutSc						CutsceneNeutrals		LT_Worker_CP	Footfall_Worker_VisualSettings	StubRevolver_Item_Cutscene		1	
279545eb536848d9865f52dfd3188115	TurretHeavyBolter_RTPalace_Siedge						CutsceneNeutrals			TarantulWarWorldBunker_VisualSettings	TurretBolter_Item		1	
2795b3d0b11e4ef1a0150d50103ce9f8	LT_Guests						CutsceneNeutrals		VoidCrew_CP	Footfall_Worker_VisualSettings			1	
27ab52a21aa246938e47dc2c734526f4	StarportRebelMeleeBaton					NewHumanImperiumArmy	Mobs	RushBaseBrain	StarportRebels	JungleWorldRebelMeleeTough_VisualSettings	ShockBaton_Item	GuardFlakChestplate_Item	1	
27c17aafc3d64d4e923a387d5cb36708	ToughCultistPsykerMiniboss				Mutant1_Portrait		CutsceneNeutrals,Mobs			Character_smallWHTest_VisualSettings	PlasmaPistol_Item	GuardFlakArmour_Item	2	Character_smallWHTest
27c7413b74ff4fdcabe4f04f5f412827	ChaosCultist_Melee				JungleWorldRebelMelee_Portrait	NewHumanCultistsArmy	Mobs			Lair3RebelRanged_VisualSettings	ForceSword_Item	GuardFlakArmour_Item	1	
27d5ecd70fdb44ffa5a1049610871df4	NavisNobilite_Guard					NewHumanImperiumArmy	Mobs	RangeNNStation_brain		NavisNobilite_VisualSettings	Lasgun_Item	GuardFlakChestplate_Item	1	
27dfc7245d494b4784fae22449402224	PlayerRT_Level27_CyrusParty_ExportedPregen			HumanRace	PlayerAasimarPaladin01_Portrait		Player			Character_VisualSettings	PyromancersStaff_Item	HuntingCarapace_Item	2	Character
2815c16cce5c463aa4f14ae54e24c163	zin_22_ArgentaCompanion_ExportedPregen			HumanRace	Argenta_Portrait,PlayerAasimarPaladin01_Portrait		Player			CompanionArgentaPrototype_VisualSettings,Character_VisualSettings	HeavyFlamer_Item,HeavyBolter_Item,Bolter_Item,Flamer_Item	HeadhunterLightCarapace_Item,EnforcerLightCarapace_Item	3	CompanionArgentaPrototype>Character
283d3a222b704fbf98b0545c3202738f	TreasureWorld_VIP_MadClerk					NewHumanImperiumArmy	CutsceneNeutrals	TreasureWorld_FeralGuard_Bomber_Brain			HellPistolT2CH04_Item	ArmoredBodyglove3_Item	1	
2854b7c7c3ea40c2917c5678e7106cae	OfficersDeckGuard3						HelpingPlayer	Officer_Brain		BridgeCrewMemberGuard_VisualSettings	LasgunUnlootable_Item		1	
2857e7170b4e4f1aa8cbe81808421050	PlayerRTLeader_2lvl			HumanRace	RogueTraderMaleCommissaryPortrait,PlayerAasimarPaladin01_Portrait		Player			Character_VisualSettings	StubRevolver_Item,Sword_Item	GuardFlakChestplate_Item	5	Character
285ce3863187484ca8a3b5647709e8db	FW_Culprit_Grenadier					NewHumanImperiumArmy	CutsceneNeutrals	FW_Culprit_Grenadier_Brain		Footfall_Worker_VisualSettings	FW_MutantHands_Item		1	
2866cfc88efe48bc84090d051b368c81	PiratesVsNavy_princess_Fake						CutsceneNeutrals			Footfall_Delegate_VisualSettings		GuardFlakChestplate_Item	1	
2869eb5bcf614796b11d8cfc1089ec87	AssassinTechpriest					NewHumanAdMechArmy	Mobs			AssassinTechpriest_VisualSettings	MarksmanRifle_Item		1	
286c30427fd7d80448974f03b76a5b87	TestPregen_Oracle				PlayerRogue01_Portrait		Player			TestPregen_Oracle_VisualSettings			6	
287d7a4d2bb146998dc450cb3eccee78	PasqalQuest_Dements					NewHumanAdMechArmy	Mobs	Dementz_ScrapCode_Brain		HeretekLogi_VisualSettings	PlasmaRifleT1CH2_Item		1	
288b13b03b3c455cb316dff9b450d6ec	Footfall_RefugeeForgeWorld_Dialog				BCT_Footfall_Male_Commoner02_Portrait		CutsceneNeutrals		Refugee_CP,PlebMale_CP	Footfall_AngryCommonerMelee_VisualSettings	Knife_Item		2	Footfall_AngryCommonerMelee
28a2ebab74204123baa85d2054fc973f	Latyshev_Level45_Ulfar_ExportedPregen			SpaceMarineStandardRace,HumanRace	Ulfar_Portrait,Heinrix_Portrait,PlayerAasimarPaladin01_Portrait		Player			UlfarCompanion_VisualSettings,CompanionHeinrixPrototype_VisualSettings,Character_VisualSettings	AstartesBoltPistolT2_Item,AstartesChainswordT2_Item,AnnihilatorAstartesBolter_Item,ForceSword_Item	HolyPowerArmour_Item,GuardFlakArmour_Item	3	CompanionHeinrixPrototype>Character
28cc3740c7e04f7da1c8b34c61065c40	VC2_Mercenary2Beta					NewHumanImperiumArmy	CutsceneNeutrals	VC2_Mercenary2Beta_Brain		VC2_MercenaryMale_VisualSetting	HellgunT2CH04_LowerDamage_Unlootable,PowerMaulT2CH4_Item_Unlootable	-ArmoredBodyglove2_BoardedShip_Unlootable_Item	1	
28e508ecd15049ba885ee7925aa8d1ba	FootfallAnverFlamer_Ranged_Common					NewHumanBanditsArmy	Mobs	FlamerRangedCloseBrain		FootfallBandit_VisualSettings	FlamerPistol_Item	ScrapChainmail_Item	1	
29005db5e6d546239bde8d0e49d481eb	Trazyn_Ctan_Support				Trazyn	NewNecronArmy	HelpingPlayer	Trazyn_CtanSupport_Brain		Trazyn_VisualSettings	Trazyn_EmpathicObliterator_Ranged_Item,Trazyn_EmpathicObliterator_Melee_Item		1	
29098ee678ed414399263e2b7a777e1e	InvisibleKitten_Unit						Mobs			Dummy999_VisualSettings			1	
290e98fe385b4e4eb2e2674aead3917d	StarportRebelMeleeBully					NewHumanImperiumArmy	Mobs	StarportRebelBully_Brain	RaycadRebel_Normal_CP	JungleWorldRebelMeleeTough_VisualSettings	ShockBaton_Item	CarapaceChestplate_Item	1	
291826ed536f49a6a9d8a90fae8186fe	Latyshev_Yrliet_BH_Level25_ExportedPregen			EldarStandardRace,HumanRace	Yrliet_Portrait,PlayerAasimarPaladin01_Portrait		Player			CompanionYrlietPrototype_VisualSettings,Character_VisualSettings	JaeQuest_LongRifle_Item,StarPoison_Hexrifle_Item,LongRifle_Item	EldarRangerArmour_Item	3	CompanionYrlietPrototype>Character
2935c34ac98245c5844bb9f77dd5bf39	RE_Plaguebearer_UniqueBridge					NewDaemonArmy	Mobs	RE_BridgeUnique_Plaguebearer,PlaguebearerBrawler_BaseBrain		Plaguebearer_VisualSettings	Plaguesword_Item		2	Plaguebearer
2978489b63d54a198970a082ef4fe121	ArgentaCompanionCh03Middle			HumanRace	Argenta_Portrait,PlayerAasimarPaladin01_Portrait		Player			CompanionArgentaPrototype_VisualSettings,Character_VisualSettings	Bolter_Item,Flamer_Item	TempestusCarapace_Item,EnforcerLightCarapace_Item	4	ArgentaCompanion>CompanionArgentaPrototype>Character
29937ff39d684c2e97ee6b078c61593e	ShipServicemanMutantAcid_Ranged_Common					NewHumanImperiumArmy	Mobs	ShipServicemanMutantAcidBrain	Mutant_Technomat_CP	ShipServicemanMutantGuard_VisualSettings	Knife_Item	ArmoredBodyglove2_Item	1	
29b8de20ea0341b7a2e3a98b356b7af0	Medusae_Drukhari				BCT_MedusaeEldar_Male_01_Portrait	NewCreaturesArmy	Mobs	Medusae_Drukhari_Brain		Medusae_VisualSettings	Eyeburst_Weapon_Item		1	
29c5cfaf12ff41cba0613591e490289c	CommorraghArenaMainWych					NewDrukhariArmy	CutsceneNeutrals,Mobs	DrukhariWych_BaseBrain		DrukhariWychPrototype_VisualSettings	SplinterRifle_Item	KabaliteArmour_Item	2	DrukhariWychPrototype
29de1e3d9bc446e299fd569191a5bfd6	NecronObelisk_Chronomancer_FlayerTemple					NewMachineArmy	CutsceneNeutrals			NecronObelisk_VisualSettings			1	
29e2d79168064f598153e849e02a032e	Astropath_TelepathicSearch4						Neutrals		Astropath_CP				1	
29fe5d0d70f7447b99d73cc7fe9daf5b	DrukhariSybariteDeadlyGardens					NewDrukhariArmy	Mobs	Sybarite_Command_Brain	RTOfficer_CP	DrukhariSybarite_VisualSettings	BlastPistol_Item	KabaliteArmourT2_Item	1	
2a0847b0ddd3436ca4ad9b64ce61d3d8	MB_Portrait				Seberian		CutsceneNeutrals						1	
2a159a0d205446d281f33775948380f3	AbelardCompanion_Level15_ExportedPregen			HumanRace	Abeliard_Portrait,PlayerAasimarPaladin01_Portrait		Player			CompanionAbelardPrototype_VisualSettings,Character_VisualSettings	PowerPick_Item,PowerMaulCH1Unique_Item,AutopistolSuppressedCH1Unique_Item,Foehammer_Item	HeavyLeathersArmour_Item,EnforcerLightCarapace_Item	3	CompanionAbelardPrototype>Character
2a194859ef644514ba59098fcc4a61f2	Yrliet_JungleWorldNPC			EldarStandardRace	Yrliet_Portrait	NewAeldariArmy	CutsceneNeutrals	YrlietJungle_brain		CompanionYrlietPrototype_VisualSettings	LongRifle_Item	EldarRangerArmour_Item	3	0cd55320
2a20c67444984747b351fb888032bf44	GenestealerSniper_Ranged_VoidshipCrypt					NewGenestealersCultArmy	CutsceneNeutrals	GenestealerSniper_VoidshipCrypt_Brain	Genestealer3Tier_CP	GeneCultistMale_VisualSettings	SniperRifleT2_Item	ArmoredBodyglove2_Item	1	
2a41e012a5ca470ba1ab86f5565c11e2	MacrocannonMutantMeleeGrenade_Common					NewHumanImperiumArmy	Mobs	MacrocannonMutantMeleeGrenade_Brain	Mutant_Voidcrew_CP	MacrocannonMutantMelee_VisualSettings	SerratedKnife_Item		2	
2a4a2d043b6d4055943559663e2d3208	Enforcer_Gandma					NewHumanImperiumArmy	CutsceneNeutrals	RangedRushBaseBrain		Footfall_EnforcerFemale_VisualSettings	BoltPistol_Item	ArmoredBodyglove2_Item	1	
2a7546e8826a4d34becd24728b4d415d	CultistRangeLair1					NewHumanCultistsArmy	Mobs	CultistRangeLair1_drover_brain	Cultist_Regular_CP	CultistRangeLair1_VisualSettings	Autogun_Item,Autogun_Cultist_Lair1	ArmoredBodyglove2_Item	1	
2a76df4f93f84804b32cf9431436db80	HumanDefender_MeleeRanged_SurvivorCamp_Sgt					NewHumanImperiumArmy	HelpingPlayer	HumanDefender_SurvivorCamp_Flame_Brain		0Zarkov_Military_SurvivorCamp_VisualSettings_Male	FlamerPistolT2CH4_Item	GuardFlakArmour4_Item	1	
2a7b665ee4504f8497201f8bceb558eb	FW_Culprit_Mad					NewHumanImperiumArmy	CutsceneNeutrals	FW_Culprit_Uniq_Brain		Footfall_Worker_VisualSettings	FW_MutantHands_Item		1	
2a9aca3b0d644d6588458e403ffe55c9	SideQuestScionDaughter				RoleSpecialist1_Portrait	NewHumanBanditsArmy	CutsceneNeutrals,Mobs			Lair3RebelLeader_VisualSettings	Hellgun_Item	RadiantChestplate_Item	2	Lair3RebelLeader
2a9f46f7caea42398b7c28b6c4ad3751	Trazyn_Collector_Projection_HL_out				Trazyn	NewNecronArmy	Neutrals			Trazyn_VisualSettings	Trazyn_EmpathicObliterator_Ranged_Item,Trazyn_EmpathicObliterator_Melee_Item		1	
2ac7522d2873462eb108d21b854890e6	DrukhariIncubus					NewDrukhariArmy	Mobs	Incubus_Brain	IncubusRT_CP	DrukhariIncubus_VisualSettings	DrukhariIncubusKlaive_Item	IncubusArmourT2_Item	1	
2af759a6dba447dca72494973763d3c0	DLC3_OP_Xenarite_CombatServitor_Unit					NewHumanAdMechArmy	NeutralGuards			CombatServitor_VisualSettings	DLC3_OP_Xenarite_CombatServitor_Weapon		1	
2b031d809c1043c2931af0c8910f13d4	LT_BurnedMan_Unique						CutsceneNeutrals			Footfall_Worker_VisualSettings			1	
2b17257de5fa4a158cea7d22d0abeb65	SolomoneCompanion				Empty_Portrait		Player			Winterscale_Companion_VisualSettings	Shotgun_Item	ArbitesArmour_Item	2	
2b1e769048674948ae40ffb38a721d43	Footfall_ShipCaptain				Mutant1_Portrait		CutsceneNeutrals,Mobs			Character_smallWHTest_VisualSettings		GuardFlakChestplate_Item	2	Character_smallWHTest
2b2d3b8a3ecd45f88da5f9101cd8f6ea	Tramp2					HumanVoidBornArmy	CutsceneNeutrals		HoboMale_CP		Knife_ItemUnlootable		1	
2b4e2e3df7394512bdcb5509dd93cb0d	OfficersDeckCultistPirate						CutsceneNeutrals	ProloguePirateRangeSniper_Brain	Cultist_Unarmored_CP	JungleWorldRebelMeleeTough_VisualSettings	ScrappyAutogunUnlootable_Item		1	
2b50ecfd4dd4424e936b7e6a9c0ef4c8	PlayerRTLeader_Female			HumanRace	RogueTraderFemaleNavyPortrait,PlayerAasimarPaladin01_Portrait		Player			CharacterFemale_VisualSettings,Character_VisualSettings	Longlas_Item,ShurikenPistol_Item,FlamerPistol_Item	EnforcerLightCarapace_Item	2	Character
2b5abf60aaa8447bb12b1e1a4d8b64e6	4CassiaCompanion_Level25_MikandraParty_ExportedPregen			HumanRace	PlayerAasimarPaladin01_Portrait		Player			Character_VisualSettings	NobleSword_Item,DeathCultSword_Item,NeedlePistolCH2Unique_Item	DeathCultArmour_Item	2	Character
2b6d28ba53134c448835aa28e888e59b	VC2_Procecutor			HumanRace		NewHumanImperiumArmy	Mobs	VC2_Prefect_Brain		VC2_Lord_Male_VisualSetting		ArmoredBodyglove_BoardedShip_Unlootable_Item	8	
2baff2ab6c5a45a6887e73a506a9fb86	SideQuestChaplain					HumanAgriWorldArmy	CutsceneNeutrals	FootFallPirateFirstMateBrain		FootfallPirateCapellan_VisualSettings	Flamer_Item	ArmoredBodyglove_Item,EnforcerLightCarapace_Item	2	FootfallPirateCapellan
2bb106be72fd4fe8b8c4e68f145b913a	StarportRebelSniper_dlc					NewHumanImperiumArmy	Mobs	StarportSniper_Brain		JungleWorldRebelMeleeTough_VisualSettings	SniperRifle_Item		1	
2bda6a2ea28e46b1a0dca3f86594bcfe	4y6_Abelar_22lvl_ExportedPregen			HumanRace	Abeliard_Portrait,PlayerAasimarPaladin01_Portrait		Player			CompanionAbelardPrototype_VisualSettings,Character_VisualSettings	EliteChainSword_Item,PowerClaymore_Item,PowerMaul_Item,Melta_Item	CeramiteStormTrooperCarapace_Item,EnforcerLightCarapace_Item	3	CompanionAbelardPrototype>Character
2be30cbf53d741538152f7e93a65a241	InquisitorSoldier_Melee_Boarding					NewHumanWarpNullArmy	CutsceneNeutrals	InquisitorSoldier_Boarding_Brain	Inquisition_Soldier_CP	BridgeCrewMemberNavy_VisualSettings	GreatswordT2CH4_Item	GuardFlakChestplate4_Item	1	
2bfe4cb439464ad194f98c5f07e4120c	FW_Culprit_Woman					NewHumanImperiumArmy	CutsceneNeutrals	FW_Culprit_Woman_Brain	Mutant_Female_CP	NavisNobiliteMutant_VisualSettings	FW_MutantHands_Item		1	
2c1e42b7a9744ae7a1afe3aea5ead987	JailPlanetoidEnforcerBurst				JungleWorldRebelMelee_Portrait	NewHumanImperiumArmy	Mobs	EnforcerShooter_Brain		JungleWorldRebelMelee_VisualSettings	Autogun_Item	GuardFlakChestplate_Item	1	
2c227a9a684a43208e21bfb75e625928	SisterOfBattleCutsceneBolter				JungleWorldRebel_Portrait	NewHumanImperiumArmy,HumanFortressBornArmy	Friends,CutsceneNeutrals	RangedPositionalBaseBrain	ValantiusSoldier_CP	RogueTraderGuardPeaceful_VisualSettings	Bolter_Item_CutScn,Lasgun_Item	GuardFlakArmour_Unlootable_Item,GuardFlakArmour_Item	2	RogueTraderGuardPeaceful
2c29365d978541b5ae86f3301a82f3d1	VectThrone_Court_Real_Iremerris				Iremeryss_Portrait	NewDrukhariArmy	CutsceneNeutrals	Yremeriss_brain_1		ScavengerLeader_VisualSettings	RipperAutopistol_Item,DjinBladeYremeriss_Item,SplinterPistolAgony_Item	GuardFlakArmour_Item,IncubusArmour_Item	3	Yremeriss_unit
2c2e85f3257747419c8f2f5c112a518b	Gusev_Idira_26lvl_ExportedPregen			HumanRace	Idira_Portrait,PlayerAasimarPaladin01_Portrait		Player			CompanionIdiraPrototype_VisualSettings,Character_VisualSettings	SanctifiedStaff_Item,TelepathsStaff_Item,Autopistol_Item,Longlas_Item	HeadhunterLightCarapace_Item,GuardFlakArmour_Item	3	CompanionIdiraPrototype>Character
2c74696e74fa4c35a394cf9dfb983b0e	Footfall_Bureaucrat						CutsceneNeutrals			Footfall_Bureaucrat_VisualSettings		GuardFlakChestplate_Item	1	
2c9330d179344e2c96bb71f04c2ad61d	CrazyTechPriestRandomEncounter				BCT_Human_Male_Heretek1_Portrait	NewHumanAdMechArmy	Mobs	CrazyTechPriestRandomEncounter_Brain	Techpriest_CP	PossessedTechPriestBlindGrenadeRandomEncounter_VisualSettings	Autogun_Item,Mechadendrite_BoltPistol_Item	ForgeArmour_Item	1	
2cacf319908c41528bd4c5fdeb19cb8d	NavisNobiliteServantFemale				BCT_HumanM_Servant_Portrait		CutsceneNeutrals		OrsellioLoyal_Servant_CP	NavisNobiliteFemale_VisualSettings			1	
2cdf44e85f76469d8d090d04a441ba9f	DummyTurret					NewMachineArmy	Mobs				TEST_TurretWeapon		1	
2cf75c27e6d34681ab623101b0be1135	DLC3_DL_Sororitas_Melta_Unit					NewHumanImperiumArmy	Mobs	DLC3_DL_Sororitas_Melta_Brain,DLC3_DL_Sororitas_Melta_Brain_ReactDamage		DLC3_DL_Sororitas01_VisualSettings	DLC3_DL_Sororitas_MultiMelta_Item	DLC3_DL_Sororitas_Armor_Item	1	
2d0caa7526a54344827f0a0ac0f1e95f	PlayerRTFighter_SpaceHulkTrailerCinematic_2			HumanRace	RogueTraderMaleCommissaryPortrait,ComissarMale,PlayerAasimarPaladin01_Portrait		Player			Character_VisualSettings	PowerSword_Item,PlasmaPistol_Item,ChainSword_Item,PlasmaRifle_Item	GuardFlakArmour_Item,EnforcerLightCarapace_Item	3	PlayerRTFighter>Character
2d0fb58d6f7942efa733d6cef21b59ee	Confessor_Death						CutsceneNeutrals			BridgeCrewMemberNavy_VisualSettings			1	
2d4eb0a2f4c8405f9300341404e3d0b8	NavisNobilite_Medic_CassiaRoom					NewHumanImperiumArmy	CutsceneNeutrals	NavisNobilite_Medic_CassiaRoom_Brain		NavisNobilite_VisualSettings	LasPistol_Item	EnforcerLightCarapace1_Item	1	
2d505d7c71bf4bee9753749c2d7b4ffb	ShipServicemanMutantExplosive_Melee_Hard					NewHumanImperiumArmy	Mobs	ShipServicemanMutantExlposiveBrain	Mutant_Merc_CP	-ShipServicemanMutantPyromancer_VisualSettings	ChainAxeT2CH02_Item	FlakVest2_Item	1	
2d51e56f2498459e941aa6775aec80bc	Baku_Cassia_34lvl_ExportedPregen			HumanRace	Cassia_Portrait,PlayerAasimarPaladin01_Portrait		Player			CompanionCassiaPrototype_VisualSettings,Character_VisualSettings	BloodhoundNavigatorStaff,StaffOfHouseCassini,Longlas_Item,Autopistol_Item	AssaultArmour_Item,GuardFlakArmour_Item	3	CompanionCassiaPrototype>Character
2d5768f7f9dd4872bc537d08edd69d4f	FW_Servant_Male						CutsceneNeutrals		FWServantMale_CP	Footfall_Servant_VisualSettings			1	
2d6ec4dda5b34d4582dc4ab505fc53a7	1CassiaCompanion_Level39_SolarParty_ExportedPregen			HumanRace	Cassia_Portrait,PlayerAasimarPaladin01_Portrait		Player			CompanionCassiaPrototype_VisualSettings,Character_VisualSettings	Longlas_Item,Autopistol_Item	FireproofCarapace_Item,GuardFlakArmour_Item	3	CompanionCassiaPrototype>Character
2d6f7fe3dbcf4df8a36f11ec503c23ef	BridgeCrewMemberGuard_Chaos						CutsceneNeutrals		Cultist_BridgeGuard_CP	GeneCultistMale_VisualSettings	ChainSword_Item,LasPistol_Item	GuardFlakChestplate_Item	1	
2d771dc5deb24ab8bf0b920e5096a5bb	Augmentator_Head_Implant				Ferrenc		CutsceneNeutrals						1	
2def58bdea994f60b39f64c59c12b8eb	Footfall_Enforcer				BCT_Footfall_Male_Guard_Portrait	NewHumanImperiumArmy	NeutralGuards		VladaymEnforcer_CP	Footfall_Enforcer_VisualSettings	ShockBaton_Item	GuardFlakArmour_Item	1	
2e0da150605f4772bff485952fec3319	StartGame_Pregen_Adept	特工	Operative	HumanRace	CriminalMale,PlayerAasimarPaladin01_Portrait		Player			StartGame_Pregen_Adept_VisualSettings,Character_VisualSettings	StubRevolverSingleShot_Item		11	Character
2e10cbe250144f16a1b73bfd3b117d30	1PlayerRT_Level38_OperativeOverseer_ExportedPregen			HumanRace	NeutralMale,PlayerAasimarPaladin01_Portrait		Player			Character_VisualSettings	GreatSwordT2_Item,LonglasCH04_Item,SniperRifleMammonthkiller_Item,HuntingSharpshooterRifle_Item	CommissarFlakBreastplate_Item,VoidsmenArmour_Item	3	1PlayerRT_Level38_ArbitratorOfficer_ExportedPregen>Character
2e1366933b3642c7896c3cb48392cdb6	Solomorne_Bakula_38LvL_ExportedPregen				SolomorneAnthar		Player	SolomorneCompanion_Enemy_Brain		Solomorne_VisualSettings	ShotgunT1CH02_Item,CrescendoShotgun_Item,Solomorne_Shotgun_Item	ReactivatorArmour_Item	1	
2e163eee0f6444aab5fea927fbf6a906	SolomorneCompanion_NPC_Ch01_StarPort_Combat				SolomorneAnthar		HelpingPlayer,Player	SolomorneCompanion_Enemy_Brain		Solomorne_VisualSettings	Solomorne_Foehammer_Item,Solomorne_Shotgun_Item	ReactivatorArmour_Item	2	SolomorneCompanion
2e36ded047a971d4d884bb12c08b4750	TrapActor_Lvl17						Traps			TrapActor_Lvl03_VisualSettings	TrapDagger_Lvl17,TrapDagger_Lvl03		2	TrapActor_Lvl03
2e5e746cc6d043ab8d395c67d07ac56b	EogannCompanion				Manipulus		Player			Eogann_VisualSettings	PlasmaRifle_Item,OmnissiahAxe_Mani_Item	EnforcerCarapace_Item	2	
2e8053a904c24db483f0ab5f31e2327b	CultistRange				Soldier1_Portrait	NewHumanCultistsArmy	Mobs			CultistRange_VisualSettings	Lasgun_Item	GuardFlakArmour_Item	1	
2e88c95c59404773ac8f605cb7db9e13	PrologueDamagedCombatServitorMultiMelta						Mobs	CombatServitorHeavyBrain		CombatServitor_VisualSettings	ThermalMultiMeltaServitor_Item		1	
2e9d185d3bc949d4957e2735ba49ba99	Footfall_Resistance						CutsceneNeutrals			Footfall_Hobo_VisualSettings	Knife_Item		1	
2ed52344e7dc49bebd41ce23521551f1	RT_50_HardlightLab_ExportedPregen			HumanRace	PlayerAasimarPaladin01_Portrait		Player			Character_VisualSettings	PistolShotgunCH04Unique_Item,AntiVechicle_StubRevolver_Item,LonglasT2CH04_Item	FancyUniform_Item	2	Character
2ee1060abc684e3e9d54a2d50a62c7b2	DancerFemale				Mutant1_Portrait		CutsceneNeutrals,Mobs		NobleMale_CP_Correct	DancerFemale_VisualSettings,Character_smallWHTest_VisualSettings			3	NobleInPalace>Character_smallWHTest
2ee98bd7395245d78d3fca66123c94f8	DrukhariIncubsWatchman					NewDrukhariArmy	CutsceneNeutrals,Mobs	Incubus_Brain	IncubusRT_CP	DrukhariIncubus_VisualSettings	DrukhariIncubusKlaive_Item	IncubusArmourT2_Item	2	DrukhariIncubus
2ef8a61fba914cb086da2a3f06a0225c	DeathCultExecutioner_Melee_CultFinalDuel_02					NewHumanImperiumArmy	CutsceneNeutrals	TheExecutioner_CultFinalDuel_Brain		DeathCultistFemale_VisualSettings	DeathCultSwordT1CH4_Item	DeathCultBreastplateMob_Item	2	DeathCultExecutioner_Melee_CultFinalDuel
2efde75cd7af40c1a82e5cc9bd853313	.Latyshev_Idira_Overseer_Level34_ExportedPregen			HumanRace	Idira_Portrait,PlayerAasimarPaladin01_Portrait		Player			CompanionIdiraPrototype_VisualSettings,Character_VisualSettings	ChargedStaffItem,MarksmanRifle_Item,Autopistol_Item,Longlas_Item	SlickBodyglove_Item,GuardFlakArmour_Item	3	CompanionIdiraPrototype>Character
2efed574695e49b5a5d56f6de2836e4b	ArgentaCompanionCh02End			HumanRace	Argenta_Portrait,PlayerAasimarPaladin01_Portrait		Player			CompanionArgentaPrototype_VisualSettings,Character_VisualSettings	Bolter_Item,Flamer_Item	TempestusCarapace_Item,EnforcerLightCarapace_Item	3	CompanionArgentaPrototype>Character
2f112499077d40539955790364d9d165	YrlietCompanionCh02End			EldarStandardRace,HumanRace	Yrliet_Portrait,PlayerAasimarPaladin01_Portrait		Player			CompanionYrlietPrototype_VisualSettings,Character_VisualSettings	LongRifle_Item	EldarRangerArmour_Item	3	CompanionYrlietPrototype>Character
2f24c51d58e44bfdb1856f93a69f6d35	SurvivorCamp_NPC_Common_Rifle					NewHumanImperiumArmy	CutsceneNeutrals	TreasureWorld_Arbites_ShieldNShotgun_Brain	ZarkovianSoldierWild_CP	0Zarkov_Civilian_SurvivorCamp_VisualSettings_Male	SniperRifle_Item_Cutscene	ArbitesHeavyArmourCommon_Item	1	
2f5cde81d9f94c80a7872466089f46c5	DLC2_SrValancius					NewHumanAdMechArmy	CutsceneNeutrals			ServitorBaseMale02_VisualSettings	PincersServitorWeapon		1	
2f5ecfac3e03451a8f7e1b71c063fb39	IdiraCompanion_Level15_ExportedPregen			HumanRace	Idira_Portrait,PlayerAasimarPaladin01_Portrait		Player			CompanionIdiraPrototype_VisualSettings,Character_VisualSettings	PsyFocusStaff_Item,Stubcarbine_Item,Autopistol_Item,Longlas_Item	ArmoredBodyglove2_Item,GuardFlakArmour_Item	3	CompanionIdiraPrototype>Character
2f63073b36c94d159a0a56825d0f2645	AcolyteCH04LT_ChainsawMelee_Hard					NewGenestealersCultArmy	CutsceneNeutrals		GenestealerAcolyte1Chainsaw_Melee_CP	Acolyte_v1_VisualSettings	ChainsawT2CH4_Item,ChainSawAcolyteCH04_Item	ArmoredBodyglove4_Item	1	
2fa84f3b215d45b2bb5773519bfa89ed	Pascal_Level40_VasiliyPreset_ExportedPregen			HumanRace	Pascal_Portrait,PlayerAasimarPaladin01_Portrait		Player			CompanionPascalPrototype_VisualSettings,Character_VisualSettings	OmnissiahAxe_Item,PlasmaRifleT2CH4_Item,PlasmaRifle_Item,Autogun_Item	CommissarFlakBreastplate_Item,EnforcerCarapace_Item,GuardFlakArmour_Item	4	PascalCompanion>CompanionPascalPrototype>Character
2fad2fe6af3a4b00861bffc3a3adcd78	Krieg_Watchmaster_MeleeRanged_Exhibition					NewHumanImperiumArmy	Mobs	.Krieg_Watchmaster_MeleeRanged_Exhibition_Brain,Krieg_Commissar_MeleeRanged_Exhibition_Brain		SpecialGuard_VisualSettings	Krieg_ChainSwordT2CH4_Item,Krieg_LasPistolT1CH04_Item,Krieg_Commissar_BoltPistolT2CH04_Item	Krieg_HeavyArmor_Item	2	Krieg_Commissar_MeleeRanged_Exhibition
2fae3ffc75ea40bf9af0d832b1b1fb13	CorruptedTechPriest				Mechanicus1_Portrait	NewHumanAdMechArmy	Mobs		CorruptedTechpriest_Normal_CP	CorruptedTechPriest_VisualSettings	Autogun_Item	CasingChestplate_Item	1	
2fae43ca36204db7aa9a961536fc21d3	DLC3_OP_Xenarite_ChiefWorker_Unit					NewHumanAdMechArmy	NeutralGuards			Footfall_TechPriest_VisualSettings	DLC3_OP_Xenarite_Worker_ChainSaw_Item		1	
2fd43b3ae376405a817b1f67503a5f2e	BridgeCrewMemberTechnomat3						CutsceneNeutrals			BridgeCrewMemberTechnician_VisualSettings			1	
2fd7f56b1bb74755997141911d40ff35	VC2_Mercenary4Dzeta					NewHumanImperiumArmy	CutsceneNeutrals	VC2_Mercenary4Dzeta_Brain		VC2_MercenaryMale_VisualSetting	HellgunT2CH04_LowerDamage_Unlootable,PowerMaulT2CH4_Item_Unlootable	-ArmoredBodyglove2_BoardedShip_Unlootable_Item	1	
2fe8188179604241a1afce64e843b336	LargeIceDestroyable_Unit_3						CutsceneNeutrals			1TreasureWorld_ContainerAnchorPoint_VisualSettings			17	
2fecbc53b671412385e0ba873b1151cb	TurretHeavyPrologue						Mobs			TarantulWarWorldBunker_VisualSettings	TurretBolter_Item		1	
300620f89a6442c18ddac7f8a711f009	PascalCompanion_Ch04_Presstour			HumanRace	Pascal_Portrait,PlayerAasimarPaladin01_Portrait		Player			CompanionPascalPrototype_VisualSettings,Character_VisualSettings	HandOfXenocide_OmnissiahAxe_Item,Cooler_PlasmaRifle_Item,OmnissiahAxe_Item,PlasmaRifle_Item	TempestusCarapaceOrigin2_Item,EnforcerCarapace_Item,GuardFlakArmour_Item	4	PascalCompanion>CompanionPascalPrototype>Character
302d4bbe24e040db97445ec0ec4b434d	Argenta_level47_Gamescom2024_ExportedPregen			HumanRace	Argenta_Portrait,PlayerAasimarPaladin01_Portrait		Player			CompanionArgentaPrototype_VisualSettings,Character_VisualSettings	PreciseBolter_Item,Toxic_Flamer_Item,Bolter_Item,Flamer_Item	SororitasPowerArmourFury_Item,EnforcerLightCarapace_Item	3	CompanionArgentaPrototype>Character
303d4552cecb4f8181cf93868606fd2d	VC2_LordMolles			HumanRace		NewHumanImperiumArmy	CutsceneNeutrals	VC2_Noble_Brain		VC2_Lord_Male_VisualSetting	PlasmaRifleT2CH4_Item_Unlootable	-ArmoredBodyglove2_BoardedShip_Unlootable_Item	1	
3053a5f8dc9a4e20a4944ac1e668ceb9	Gouvernor						CutsceneNeutrals			Character_smallWHTest_VisualSettings	NeedlePistol_Item		1	
306d88b8b14d4556b93db9aec6a55e8c	NavisNobilite_Laborant					HumanFortressBornArmy	CutsceneNeutrals	RangeCommonBaseBrain		NavisNobilite_VisualSettings			1	
306e15e7b7b741259dd07034b3775cfe	PlayerRTLeader_Ch02_Lategame			HumanRace	ComissarMale,PlayerAasimarPaladin01_Portrait		Player			Character_VisualSettings	ImperialPride_Bolter_Item,PatternT2ShurikenPistol_Item,Epiphany_PowerSword_Item,ChainSword_Item	HeavyXenoMesh_Item,EnforcerLightCarapace_Item	3	PlayerRTFighter>Character
307808743e61423a8a3ad662b41fa4ec	OfficersDeckCultistPirate1				JungleWorldRebelOfficerMelee_Portrait		CutsceneNeutrals	ProloguePirateRange_Brain	Cultist_Unarmored_CP	JungleWorldRebelMeleeTough_VisualSettings	ScrappyAutogunUnlootable_Item		1	
30855d3b9b424441ba8a071eb0c9df63	VoidMaster				Ravor_Portrait,BCT_HumanM_RebelLeaderBogul_Portrait	NewHumanImperiumArmy	CutsceneNeutrals,Mobs	JungleWorldRebelLeader_Bogul_Brain		Footfall_Enforcer_VisualSettings,JungleWorldRebelLeader_Bogul_VisualSettings	Autopistol_Item,PatternT2ShurikenPistol_Item	GuardFlakArmour_Item	2	JungleWorldRebelLeader_Bogul
308a41cb4921462fa2dd159a101f9454	DeathCultist_Guard						CutsceneNeutrals		DeathCultist_Guard_CP	GeneCultistMale_VisualSettings	DeathCultBlade_Item	GuardFlakChestplate_Item	1	
30a480d9fe9b4729a7b4c3309838d003	AbelardCompanion_Ch02_TrueMid			HumanRace	Abeliard_Portrait,PlayerAasimarPaladin01_Portrait		Player			CompanionAbelardPrototype_VisualSettings,Character_VisualSettings	RoaringThunder_ThunderHammer_Item,FractalBlade_Item,HellgunHope_Item,ChainSword_Item	TempestusCarapaceOrigin1_Item,HeavyEnforcerCarapace_Item,EnforcerLightCarapace_Item	4	AbelardCompanion_1lvl>CompanionAbelardPrototype>Character
30aa74c86cff4ed39ae1f7398b12eb3d	QuarryWorld_Guard					NewHumanImperiumArmy	CutsceneNeutrals		Mines_Guard_CP	Footfall_Commoner_VisualSettings	Shotgun_Item,ShockBaton_Item		1	
30b5a7b364924b6a88ffe6408c19c189	Yremeriss_unit				Iremeryss_Portrait	NewDrukhariArmy	CutsceneNeutrals	Yremeriss_brain_1			SplinterPistolAgony_Item,DjinBladeYremeriss_Item	IncubusArmour_Item	2	
30c452d110084b819d26cb22e1010938	HumanDefender_MeleeRanged_SurvivorCamp_Rifleman					NewHumanImperiumArmy	HelpingPlayer	HumanDefender_SurvivorCamp_Rifleman_Brain		0Zarkov_Military_SurvivorCamp_VisualSettings_Male	AutogunRapid_Item,LasgunT2CH4_Item	GuardFlakArmour4_Item	1	
30cea528e3b844008a45e823755ba12f	FeudalWorld_CyberLacerax_Strange					NewCreaturesArmy	Mobs	FeudalWorld_CyberLacerax_Melee_Brain		JungleBeast_VisualSettings	FeudalWorld_CyberLacerax_MeleeBite_Weapon,FeudalWorld_CyberLacerax_MeleeClaws_Weapon		1	
30e6364a1d7a425b93d877122c6eed40	VC2_Arbitres_Melee			HumanRace		NewHumanImperiumArmy	CutsceneNeutrals	VC2_ArbitresMelee_Brain	ArbitesTrooper12_CP		PowerSwordT2CH04_ItemUnlootable	VC2_Arbitres_Armor_Unlootable	1	
30e720caa2c54a1ca602027cbcf338df	Slave					HumanVoidBornArmy	CutsceneNeutrals		HoboMale_CP				1	
30ee51c4f8464e49a11975c04f08bae1	ServoSkullNaviRadicalLeader				JungleWorldRebel_Portrait		CutsceneNeutrals			ServoSkullRogueTrader_VisualSettings			1	
30ff1bd210ccd914886ec962206dafbc	Servitor				Mutant1_Portrait		CutsceneNeutrals,Mobs			ServitorBaseMale01_VisualSettings,Character_smallWHTest_VisualSettings			2	Character_smallWHTest
311c13f9e16b45419bcd58447e15695d	NecronSkorpekhLord_Prototype				DarkMechanicus_Portrait	NewNecronArmy	Mobs			NecronSkorpekhLord_VisualSettings			1	
314ddd01894c4f5798218fe09084e32e	ServantWithWeaponLas				JungleWorldRebel_Portrait	NewHumanImperiumArmy	CutsceneNeutrals		JanusServant_CP	ServantWithWeaponLas_VisualSettings	LasPistol_Item		1	
31675c74ea0942db81d52b0ac46ed9de	ShieldForTest_Unit					NewHumanImperiumArmy	Mobs			FootfallBanditHeavy_VisualSettings			2	
316fda5511fd4ca0bf63e67e87455f5b	NecronWarrior_MeleeRanged_TechArcGrave					NewNecronArmy	Mobs	NecronWarrior_Epitaph_Brain		NecronWarrior_VisualSettings	NecronWarriorRanged_Epitaph_Item,NecronWarriorMelee_Epitaph_Item		2	
3183f792434d4f1bae09c08caf1ebbcf	LT_SF_Worker_laspistol_CutSc					NewHumanImperiumArmy	HelpingPlayer			BridgeCrewMemberNavy2_VisualSettings	laspistol_Item_Cutscene,LasPistolUnlootable_Item		2	OfficersDeckCrewMale
31996b17ba814d53abaf48eb67375189	DaemonEngine_TrailerCinematic				Mechanicus2_Portrait	NewDaemonArmy	Mobs	ForgeFienddBasic_Brain		DaemonForgeFiend_VisualSettings	ChaosEngine_BiteWeapon,ChaosEngine_TwinPlasma_Weapon		1	
31b1436b4b574564b83f79e9fab8d1bc	Veteran				Mutant1_Portrait		CutsceneNeutrals,Mobs		NobleMale_CP_Correct	Character_smallWHTest_VisualSettings			3	NobleInPalace>Character_smallWHTest
31b1c333809640dfbbfaf7d3ef4158d2	Henrix_Bakula_46_ExportedPregen			HumanRace	Heinrix_Portrait,PlayerAasimarPaladin01_Portrait		Player			CompanionHeinrixPrototype_VisualSettings,Character_VisualSettings	AncientForceSword_Item,EboniteSword_Item,ForceSword_Item,Shotgun_Item	GladiatorsMeshArmour_Item,GuardFlakArmour_Item	3	CompanionHeinrixPrototype>Character
31bd17ea11cd4712b46526613826af95	AvelSaved				Abel_Portrait,Mutant1_Portrait		CutsceneNeutrals,Mobs			Character_smallWHTest_VisualSettings			2	Character_smallWHTest
31ec8325b637477db829400215b76048	PlagueZombie					NewHumanImperiumArmy	Mobs		Zombie_BlackShipPsyker_CP	PlagueZombie_VisualSettings	MutantSwordHands_Item,WeakZombie_Claws_Weapon		2	WeakZombie_Melee_BlackShip
3218cffc1abec364884ce75c5c177e98	RemainingRebel				Mutant1_Portrait		CutsceneNeutrals			RemainingRebel_VisualSettings	Lasgun_Item	GuardFlakArmour_Item	1	
322b4cf853b24891abcc1dd518314acf	FW_Noble_Female						CutsceneNeutrals		FW_NobleFemale_CP	Footfall_Commoner_VisualSettings			1	
3256c4f8cdae495fa965829aaf3b3914	Vivisector_Head_Implant				Martinax		CutsceneNeutrals						1	
32785a2121504c45a4334d43335f3803	VC_AstropathWitness_male						CutsceneNeutrals		AstropathM_CP	Footfall_Worker_VisualSettings			1	
3293a12e31724dd0b88eaff8f20f0f06	FootfallEnforcer_FreakshowScene				BCT_Footfall_Male_Guard_Portrait	NewHumanImperiumArmy	CutsceneNeutrals,NeutralGuards		VladaymEnforcer_CP	Footfall_Enforcer_VisualSettings	Autopistol_Item,ShockBaton_Item	GuardFlakArmour_Item	2	Footfall_Enforcer
32b0ca6bbd284e309f44aa1684c9d15d	Quetza_EldarStormGuardianMelee				BCT_Eldar_Male_Guardian2_Portrait	NewAeldariArmy	CutsceneNeutrals	QuetzaEldarMelee_Brain	EldarGuardT2_CP	JungleWorldEldarUnit_VisualSettings	EldarChainSword_Item	EldarRangerArmour_Item	1	
32b9cc6a7d464d6b9a84f848faab6d90	ThrallRangeSwarm					NewHumanImperiumArmy	Mobs			ThrallRangeSwarm_VisualSettings	StubRevolver_Item	HeavyLeathersArmour_Item	1	
32cf688ee8244fc3a0220673795faf86	LT_Technomat						CutsceneNeutrals		Technomat_CP	Footfall_Worker_VisualSettings			1	
32fece9ca23d4c729633c3c4fe4f1c04	DrukhariFarseer				.BCT_DrukhariKabalite_Male_Commander01_Portrait	NewDrukhariArmy	Mobs	Sybarite_Command_Brain		DrukhariSybarite_VisualSettings	BlastPistol_Item	KabaliteArmour_Item	1	
330e3ff0b14544b0a8c9693ed9bf7743	LT_Worker						CutsceneNeutrals		LT_Worker_CP	Footfall_Worker_VisualSettings			1	
33136b39e0a54d1b997be15d079eb4da	VectThrone_Ahileas				Mutant1_Portrait		CutsceneNeutrals,Mobs			Character_smallWHTest_VisualSettings	RipperAutopistol_Item,NeedlePistol_Item	GuardFlakArmour_Item	3	AhileasSkalandr1>Character_smallWHTest
3320c3fce55a4097a9f2e4bb812f74f6	.IdiraCompanion_Level7_EtelParty_ExportedPregen			HumanRace	Idira_Portrait,PlayerAasimarPaladin01_Portrait		Player			CompanionIdiraPrototype_VisualSettings,Character_VisualSettings	PsyFocusStaff_Item,LasPistol_Item,Autopistol_Item,Longlas_Item	CarapaceChestplate_Item,GuardFlakArmour_Item	3	CompanionIdiraPrototype>Character
332c5337ea6d4fd7acb8fd60365643d4	CrewTechnician					NewHumanBanditsArmy	CutsceneNeutrals	RangedCloseBaseBrain	Techpriest_CP	RaycadMinoris_Technician_VisualSettings			1	
333562afb9e04dd486cd50508591bb3f	Cassia35Yremeris_ExportedPregen			HumanRace	Cassia_Portrait,PlayerAasimarPaladin01_Portrait		Player			CompanionCassiaPrototype_VisualSettings,Character_VisualSettings	StaffOfHouseCassini,BloodhoundNavigatorStaff,Longlas_Item,Autopistol_Item	XenoCeramiteChestplate_Item,GuardFlakArmour_Item	3	CompanionCassiaPrototype>Character
334dbaff7f454166a49fbf9869b6937b	FW_SerfPoor						CutsceneNeutrals		FW_SerfPoor_CP	Footfall_Worker_VisualSettings			1	
335bc69a4e3846908414daeeea1bad5a	ArgentaCompanion_Ch03_Fake				Argenta_Portrait		Player			CompanionArgentaPrototype_VisualSettings	ImperialPride_Bolter_Item,Flamer_Item	EnforcerCarapace_Item	1	
336770c2090a474ab42835e3da6960d0	HumanSlaveMeleeRandomEncounter				BCT_Human_Male_Slave_Portrait	NewHumanImperiumArmy	Mobs	BerserkerMeleeBaseBrain	Hobo_CP	-HumanSlaveMeleeRandomEncounter_VisualSettings	ToxicKnife_Item	CasingChestplate_Item	1	
338b636883974912837bcec1ec87dd8d	TestAreaPC_Naked						Player			TestAreaPC_Naked_VisualSettings			1	
339d9651fc1543d28995327ce4185dc8	AdministratumQueueMemberF1				JungleWorldRebel_Portrait		CutsceneNeutrals		PlebFemale_CP	Servant_VisualSettings			1	
33a6bad4e33e4afa8a987d569d197eee	ArgentaCompanion_Level15_ExportedPregen			HumanRace	Argenta_Portrait,PlayerAasimarPaladin01_Portrait		Player			CompanionArgentaPrototype_VisualSettings,Character_VisualSettings	Ripper_Autogun_Item,RipperAutopistol_Item,BoltPistol_Item,Bolter_Item	GuardFlakArmour_Item,EnforcerLightCarapace_Item	3	CompanionArgentaPrototype>Character
33a6f4cd88b6483598ce36a3c744f185	AcolyteHybrid_Prototype					NewGenestealersCultArmy	Mobs	RushBaseBrain	GenestealerAcolyte1Chainsaw_Melee_CP	Acolyte_v1_VisualSettings	ChainSawAcolyteCH02_Item		1	
33abf95b0c7649479f2f35109dee84a7	RE_MadCombatServitor_wBuff				Soldier1_Portrait	NewHumanAdMechArmy	Mobs	DemonInServitorRandomEncounter_Brain		CombatServitor_VisualSettings	RE_ServitorBolter_Item		4	
33ae6b964c7b46e8873e2af4c07704d3	MarazhaiCompanionNPC_Ch02			EldarStandardRace,HumanRace	Marazhai_Portrait,Heinrix_Portrait,PlayerAasimarPaladin01_Portrait		CutsceneNeutrals,Player			Marazhai_VisualSettings,CompanionHeinrixPrototype_VisualSettings,Character_VisualSettings	SplinterPistolKabalite_Item,VenomBladeKabalite_Item,DrukhariIncubusKlaive_Item,ForceSword_Item	IncubusArmour_Item,GuardFlakArmour_Item	4	MarazhaiCompanion>CompanionHeinrixPrototype>Character
33b3fceb8bc14be7b90331e0435ae27a	HorrorOfTzeentchIdiraQ1_Blue_Melee1					NewDaemonArmy	Mobs	BlueHorrorMacrocannonBrain		DemonHorror_Blue_VisualSettings	TalonedHands_Item		1	
33ba7da6933742978efe5097ea830db6	TreasureWorld_ContainerAnchorPoint					NewMachineArmy	CutsceneNeutrals			1TreasureWorld_ContainerAnchorPoint_VisualSettings			2	
340458c98f304fc0943c8cace2ade9ed	DarkApostleMob			SpaceMarineStandardRace	DarkApostle_Portrait	NewChaosSpaceMarineArmy	Mobs	DarkApostleBrain		ChaosSpacemarineMelee_VisualSettings	DarkApostle_CursedCrosius_Weapon,AccursedCrozius_Item		1	
341013a9629f4118b7c870b8ae1a20bd	HeinrixCompanionNPC			HumanRace	Heinrix_Portrait,PlayerAasimarPaladin01_Portrait		CutsceneNeutrals,Player			CompanionHeinrixPrototype_VisualSettings,Character_VisualSettings	ForceSword_Item,InfernoPistol_Item,BiomancersStaff_Item,CombatShotgun_Item	ArmoredBodyglove_Item,GuardFlakArmour_Item	4	HeinrixCompanion>CompanionHeinrixPrototype>Character
34395d876ab64522aeb48e53dc07f65c	ServantWithWeaponPistol				JungleWorldRebel_Portrait	NewHumanImperiumArmy	CutsceneNeutrals		JanusServant_CP	ServantWithWeaponPistol_VisualSettings	Autopistol_Item		1	
3440e62d7e75417b9d14334f7b0e9bd6	HaemonculusCloneWeak					NewDrukhariArmy	Mobs						2	0cd55320
347c0dacf38c415ab4ff0d070e488375	ChoirMaster_TelepathicSearch				Zacchary_Weisz		CutsceneNeutrals				AstropathsStaffUnlootable_Item		1	
34d7a00eff9d4d008353b69c56b81789	TreasureWorld_ContainerAnchorPoint2					NewMachineArmy	CutsceneNeutrals			1TreasureWorld_ContainerAnchorPoint_VisualSettings			10	
355570f6be5441da92bdab4974a8e1c7	BlackshipCrew_Sergant						CutsceneNeutrals			BlackshipCrew_VisualSettings	LasgunGhost_Item	GuardFlakArmour_Item	1	
357bd14e2b944aaebbad3959467d3b81	SurvivorLeaderBoy					NewHumanImperiumArmy	CutsceneNeutrals,Mobs			WildCannibalHeatmaster_VisualSettings	FlamerPistol_Item	HeavyLeathersArmour_Item	2	WildCannibalHeatmaster
359d23a580204e4488c4654341fa492b	ItsTime_Afterlight_Boss				BCT_ReginaSauerbeck_Portrait	NewHumanImperiumArmy	CutsceneNeutrals	ItsTimeAfterlight_BossBrain		NaviRadicalLeaderMale_VisualSettings	ChainSwordT2CH4_Item		2	
35c064fe96e141e7bc6b73822eda9c92	Footfall_Survivor						CutsceneNeutrals		PlebMale_CP	Footfall_Commoner_VisualSettings			2	Footfall_Commoner
35dc99eae7e541bbb759ae8f94444239	DLC1_HighFactotum_LowerTunnels_SF				YanrisDanrock_Portrait		CutsceneNeutrals			Character_smallWHTest_VisualSettings	SniperRifleT2CH4_Item		1	
36214a3f526b451a9662c907f80cea71	DrukhariKabalite_KabalM					NewDrukhariArmy	Mobs	KabalitePositionalBaseBrain	WoundedSkySoldier_CP,PoisonousWhisperSoldier_CP,RTSoldier_CP	DrukhariKabalite_VisualSettings	SplinterRifle_Item		3	DrukhariKabalite_KabalF>DrukhariKabalite
36242aadb36f46ec8cc1e18912dd873d	CanoptekScarabs_Melee_FlayerTemple					NewNecronArmy	Mobs	CanoptekScarabs_FlayerTemple_Brain		CanoptekScarabs_VisualSettings	CanoptekScarab_MeleeWeapon		1	
362bb1ea52474a9e8798d0f858b06f0e	ThrallMelee_SuckedOut				BCT_Human_Male_Cannibal3_Portrait		CutsceneNeutrals	RangeCommonBaseBrain		ThrallMeleeSwarm_VisualSettings		HeavyLeathersArmour_Item	1	
363cb19e0d8b41ff8d4b67547e646e36	CommorraghArenaWrack				JungleWorldEldarRanger_Portrait	NewDrukhariArmy	CutsceneNeutrals,Mobs	KabalitePositionalBaseBrain		DrukhariAcothyst_VisualSettings	Hexrifle_Item	KabaliteArmour_Item	3	WrackLeader>DrukhariAcothyst
365821dceb944dcb81cff7fd8807aecf	Solomorne_LvL40_Varl1n_v2_ExportedPregen_OLD				SolomorneAnthar		Player			Winterscale_Companion_VisualSettings	ScopedShotgun_Item,TorturerMaul_Item	WarriorArmour_Item	1	
36aff4f41fb54549abfbcdfb47b513ed	OP_Pirate_Melee						CutsceneNeutrals		BattleTechnomat_CP		NobleSword_Item,Shotgun_Item		2	OP_Soldier
36c951a6ef77486cb56a7b73f090b145	LT_SF_CutSc_GenestealerTier2_Autogun					NewGenestealersCultArmy	CutsceneNeutrals		Genestealer2Tier_CP	GeneCultistMale_VisualSettings	Autogun_VoidCrypt_Cutscene	ArmoredBodyglove2_Item	1	
36e10a083f954e6a887a301f1de15476	RTFaith					NewHumanImperiumArmy	CutsceneNeutrals	ArgentaAlternative_Brain		Character_VisualSettings	SarragusHeavyBolter_Item	VoidsmenArmour_Item	1	
36e39788d1c648c8a75fbf36371f35f9	DLC3_DL_Guard_Sniper_Unit					NewHumanImperiumArmy	Mobs	DLC3_DL_Guard_Sniper_Brain	Inquisition_Soldier_CP	RogueTraderGuardPeaceful_VisualSettings	DLC3_DL_Guard_SniperRifle_Item	DLC3_DL_Guard_GuardFlakArmour_Item	1	
36e53a48153d4fecbf0014c0e7219f06	NavisNobiliteServantFemale_Mutant				BCT_HumanM_Servant_Portrait		CutsceneNeutrals			NavisNobiliteFemale_VisualSettings			1	
36e6721d84eb4d7d8a18ea8936554c7b	EogannCompanion_TransonicCannon_Test				Manipulus		Player			Eogann_VisualSettings	PlasmaRifle_Item,LasgunT2CH2_Item,OmnissiahAxe_Mani_Item	EnforcerCarapace_Item	4	EogannCompanion
36ee6536defd46fcb5594d7823434414	PlayerRT_Level47_ExportedPregen			HumanRace	PlayerAasimarPaladin01_Portrait		Player			Character_VisualSettings	PlasmaSword_Item,PowerMaulT2CH4_variation2_Item,ChargedStaffItem	ModifiedArtificerArmour_Item	2	Character
36f0cbfa183c41de9f2145e706d0b971	ChaosCultist_HeavyMelee				JungleWorldRebelOfficerMelee_Portrait	NewHumanCultistsArmy	Mobs			Lair3RebelRanged_VisualSettings	PowerMaul_Item		1	
371572db3a5d4fc1bac127740b77cc5d	HeinrixCompanion_Gamescom			HumanRace	Heinrix_Portrait,PlayerAasimarPaladin01_Portrait		Player			CompanionHeinrixPrototype_VisualSettings,Character_VisualSettings	ForceSword_Item,InfernoPistol_Item,Flamer_Item,CombatShotgun_Item	TempestusCarapace_Item,ArmoredBodyglove_Item,GuardFlakArmour_Item	4	HeinrixCompanion>CompanionHeinrixPrototype>Character
371b56ea16d24d52a840cbfe3560770b	TaintedStreetsTriumphGuardM				JungleWorldRebelSniper_Portrait	NewHumanImperiumArmy	NeutralGuards	RangedSoldier_Brain	Winterscale_Soldier_CP	TaintedStreetsHostagesM_VisualSettings	Lasgun_Item		1	
371e45e022e94dc4ba502cc40c0aced5	NecronWarriorEpitaphGhostCutscene					NewNecronArmy	CutsceneNeutrals			NecronWarrior_VisualSettingsGhostCutscene	NecronWarriorRange_WeaponGhostCutscene,NecronWarriorMelee_Weapon		1	
37365c7f76d34007ab9f5014def0eed5	RE_PossessedOfficer_Captain					NewHumanImperiumArmy	Mobs	RE_PossessedOfficer_Brain		RE_PossessedOfficer_Captain_VisualSettings	Bolter_Item,BoltPistol_Item,Sword_Item		1	
374328ce905546dda10c5d615a372e78	BoardedShip_OfficerMelee_Elite					NewHumanImperiumArmy	Mobs	BoardedShip_OfficerMelee_Brain		FootfallBanditHeavy_VisualSettings	ChainAxeT2CH02_Item	FlakVest_Item	1	
374f4a0033c2487e8a99471c66ed4522	.GenestealerBrute_Melee_VoidshipTempleAmbush_03					NewHumanImperiumArmy	CutsceneNeutrals		Genestealer_Temple_CP	GeneCultistMale_VisualSettings	ChainSaw_Item,ThunderHammer_Item,GreatSword_Item	CasingChestplate_Item	2	.GenestealerBrute_Melee_VoidshipTempleAmbush_01
3765fc366ca74764bedb5608b4a94f67	PlayerRTFighter_Ch03_Demo			HumanRace	ComissarMale,PlayerAasimarPaladin01_Portrait		Player			Character_VisualSettings	Epiphany_PowerSword_Item,DeadlyPrecision_BoltPistol_Item,TwoHandedAxe_Item,ChainSword_Item	HeavyXenoMeshOrigin1_Item,EnforcerLightCarapace_Item	3	PlayerRTFighter>Character
37882415d42945e1ac281964d8bed4c4	EnforcersFlamer_Ranged_VoidshipCrypt1					NewGenestealersCultArmy	CutsceneNeutrals	GenestealerSniper_VoidshipCrypt_Brain	ValantiusFlamer_CP	BridgeCrewMemberNavy_VisualSettings	Flamer_Item	ArmoredBodyglove2_Item	1	
37a103514aba49e9b0bd2fcc57db93b5	WildCannibalHeatmaster					NewHumanImperiumArmy	Mobs			WildCannibalHeatmaster_VisualSettings	FlamerPistol_Item	HeavyLeathersArmour_Item	1	
37a1cac3a6ee4e05920e6b804f4a9d60	Latyshev_Level38_Pasqal_BH_ExportedPregen			HumanRace	Pascal_Portrait,PlayerAasimarPaladin01_Portrait		Player			CompanionPascalPrototype_VisualSettings,Character_VisualSettings	OmnissiahAxeCH04Unique_Item,PlasmaRifleCH4Unique_Item,OmnissiahAxe_Item,PlasmaRifle_Item	SkitariiRangerArmour_Item,EnforcerCarapace_Item,GuardFlakArmour_Item	4	PascalCompanion>CompanionPascalPrototype>Character
37e7df23799649ffa410c2e69bc6b70f	NavisNobilite_Melee_Mutant1					NewHumanImperiumArmy	CutsceneNeutrals	NavisNobilite_MutantBrain	OrsellioLoyal_MutantSoldier_CP	NavisNobiliteMutant_VisualSettings	Knife_Item,NavisNobiliteKnife_Item	GuardFlakChestplate_Item	5	
3806cf8a69054b938da592e4f2f45f67	RTPalaceGuardPeaceful_FemaleCutsceneNeutral				BCT_Human_Male_PalaceGuard1_Portrait	NewHumanImperiumArmy	CutsceneNeutrals,NeutralGuards,Mobs	RTPalaceGuardPeaceful_brain,RangedSniperBrain	ValantiusSoldier_CP,JanusCorruptedEnforcer_CP	Corrupted_GovernorGuard_VisualSettings	Lasgun_Item,AutogunM40_Item	GuardFlakArmour_Item	3	RTPalaceGuardPeaceful_Female>Corrupted_GovernorGuard
380caeb867284e6b8573564da4bde954	DrukhariBeastmaster_MeleeRanged_ArenaFiend				BCT_DrukhariKabalite_Male_Base01_Portrait	NewDrukhariArmy	Mobs	DrukhariBeastmaster_ArenaFiend_Brain			BloodblightHexrifle_Item,HekatariiBladeT2_Item	KabaliteArmourT2_Item	18	
380d1708805e51942a1ea8ad492038a8	MadServitor					NewHumanAdMechArmy	Mobs	RushBaseBrain		ServitorBaseMale01_VisualSettings	PincersServitorWeapon		2	Servitor_FWSH
380e1294ab494a1587404192818f5899	Plaguebearer_BlackShip_Ghost					NewDaemonArmy	Mobs	PlaguebearerBrawler_BaseBrain		Plaguebearer_VisualSettings			1	
3811de7c470145b6bbd1be0f7accf242	NecronChronomancer_MeleeRanged_FlayerTemple					NewNecronArmy	CutsceneNeutrals	NecronChronomancer_FlayerTemple_Brain		NecronChronomancer_VisualSettings	Necron_Chronomancer_DLC3_Aeonstaff_Ranged,Necron_Chronomancer_DLC3_Aeonstaff_Melee		1	
381a1e04f6f345f6b1c484cddda0944d	DeathCultist_Prisoner_Female						CutsceneNeutrals				ChainSword_Item,LasPistol_Item	GuardFlakChestplate_Item	1	
381be604bc45493cb1cdb60e9eeccddf	Krieg_Flamer_Ranged_Exhibition					NewHumanImperiumArmy	Mobs	Krieg_Flamer_Ranged_Exhibition_Brain,Krieg_Grenadier_Ranged_Exhibition_Brain,.Krieg_Watchmaster_MeleeRanged_Exhibition_Brain,Krieg_Commissar_MeleeRanged_Exhibition_Brain		SpecialGuard_VisualSettings	Krieg_FlamerT2CH4_Item,Krieg_Lasgun_Item,Krieg_ChainSwordT2CH4_Item,Krieg_LasPistolT1CH04_Item	Krieg_MediumArmor_FlakChestplate_Item,Krieg_HeavyArmor_Item	4	Krieg_Grenadier_Ranged_Exhibition>Krieg_Watchmaster_MeleeRanged_Exhibition>Krieg_Commissar_MeleeRanged_Exhibition
382a3b52ed414bd1bba44300aea5a31b	Daemon_ForgeFiend_ForgeWorld_Weak					NewDaemonArmy	Mobs	ForgeFienddBasic_Brain		DaemonForgeFiend_VisualSettings	ChaosEngine_BiteWeapon,ChaosEngine_TwinPlasma_Weapon		3	Daemon_ForgeFiend_ForgeWorld
383242566c344a62b7e8fb16557a1fe2	GenestealerWebber_Ranged_LowerTunnels					NewGenestealersCultArmy	CutsceneNeutrals	GenestealerWebber_LowerTunnels_Brain	Genestealer2Tier_CP	GeneCultistMale_VisualSettings	Webber_Item	ArmoredBodyglove4_Item	1	
384c26141811462dae5bfb8e6e179993	PlayerRT_Level39_SolarParty_ExportedPregen			HumanRace	PlayerAasimarPaladin01_Portrait		Player			Character_VisualSettings		ArbitesArmour_Item	2	Character
3856296c4d05468bade40102c22213f0	Baku_Solomon_34lvl_ExportedPregen				SolomorneAnthar		Player	SolomorneCompanion_Enemy_Brain		Solomorne_VisualSettings	CrescendoShotgun_Item,ShotgunT1CH02_Item,Solomorne_Shotgun_Item	ArmourofIronWill_Item	1	
388451911ede47299492a3bb7eebd35b	4ArgentaCompanion_Level22_NeiliusParty_ExportedPregen			HumanRace	Argenta_Portrait,PlayerAasimarPaladin01_Portrait		Player			CompanionArgentaPrototype_VisualSettings,Character_VisualSettings	Bolter_Item,Flamer_Item	Synskin_Item,EnforcerLightCarapace_Item	3	CompanionArgentaPrototype>Character
3890f9198b9c40619fed4f5df3fe16db	RabbleRange				BCT_Male_Lowerdecks_Worker_Portrait	HumanVoidBornArmy	CutsceneNeutrals		Lowlifers_Clan1_CP	RabbleRange_VisualSettings		GuardFlakArmour_Item	1	
38944520ed454d539c0162de6a15f578	ScreamerOfTzeentchRandomEncounter					NewDaemonArmy	Mobs			DemonScreamer_VisualSettings	Screamer_BiteWeapon		3	ScreamerOfTzeentchPrototype>KhraveRuinsPuzzleDemon
38d5f203ecbc44528cfc0b2305ad3d12	Melee_Hard					NewHumanImperiumArmy	CutsceneNeutrals	Melee_Hard_Brain		Guard_VisualSettings	HeavyMaul_Item	ForgeArmour_Item	1	
38ecb6a20ac94404a8e626217b968dad	SC_DW_Beast_Tail_1					NewBeastLimpArmy	Mobs	SC_DW_Beast_Tail_Brain,SC_DW_Beast_Tail_Brain_React		DW_Beast_Tail_VisualSettings			1	
392c796c012a47ebbbe11c00723a1d7e	PlayerRTLeaderCh03StartNoWeapon			HumanRace	ComissarMale,PlayerAasimarPaladin01_Portrait		Player			Character_VisualSettings	Autopistol_Item,Epiphany_PowerSword_Item,ImperialPride_Bolter_Item,PatternT2ShurikenPistol_Item	HeavyXenoMesh_Item,EnforcerLightCarapace_Item	4	PlayerRTLeader_Ch02_Lategame>PlayerRTFighter>Character
393020db26e24dd88f30eea5236d842f	ArenaGladiator5				BCT_Male_PenalWorld_Gladiator_Portrait	NewHumanImperiumArmy	Neutrals,CutsceneNeutrals		ChasmGladiators_Shooter_CP,VheabosGladiators_CP	Gladiator_VisualSettings	Longlas_Item,StubRevolver_Item	Chainmail_Item	2	Gladiator
3930a880dd49429e885b40aef5f7d88b	HeinrixCompanion_Ch03_TrueStart			HumanRace	Heinrix_Portrait,PlayerAasimarPaladin01_Portrait		Player			CompanionHeinrixPrototype_VisualSettings,Character_VisualSettings	ForceSword_Item,InfernoPistol_Item,CombatShotgun_Item,Shotgun_Item	EnforcerCarapace_Item,GuardFlakArmour_Item	3	CompanionHeinrixPrototype>Character
3954bd5ca78248319131df40fede59a6	FootfallBandit_Quicksilver2					NewHumanBanditsArmy	Mobs	RangedRushBaseBrain	Anver_Common_CP	FootfallBandit_VisualSettings	Autopistol_Item,Axe_Item,ChainSword_Item		3	FootfallBandit_Quicksilver>FootfallAnver_MeleeRanged_Swarm
396ab8425c1d416a9effb1551efdcb85	Krieg_Sniper_Ranged_Exhibition					NewHumanImperiumArmy	Mobs	Krieg_Sniper_Ranged_Exhibition_Brain,Krieg_Infantry_Ranged_Exhibition_Brain,Krieg_Grenadier_Ranged_Exhibition_Brain,.Krieg_Watchmaster_MeleeRanged_Exhibition_Brain		SpecialGuard_VisualSettings	Krieg_LonglasCH04_Item,Krieg_Lasgun_Item,Krieg_ChainSwordT2CH4_Item,Krieg_LasPistolT1CH04_Item	Krieg_MediumArmor_FlakChestplate_Item,Krieg_HeavyArmor_Item	5	Krieg_Infantry_Ranged_Exhibition>Krieg_Grenadier_Ranged_Exhibition>Krieg_Watchmaster_MeleeRanged_Exhibition>Krieg_Commissar_MeleeRanged_Exhibition
39ce13073adc4135a9efcd038169897e	2PascalCompanion_Level19_HarmonParty_ExportedPregen			HumanRace	Pascal_Portrait,PlayerAasimarPaladin01_Portrait		Player			CompanionPascalPrototype_VisualSettings,Character_VisualSettings	OmnissiahAxe_Item,PlasmaRifle_Item,Autogun_Item	HeavyEnforcerCarapace_Item,EnforcerCarapace_Item,GuardFlakArmour_Item	4	PascalCompanion>CompanionPascalPrototype>Character
39ce96a66e564876a1325aad169717f1	DemagogueWoeful						CutsceneNeutrals			GeneCultistFemale_VisualSettings,BridgeCrewMemberNavy_VisualSettings			2	Confessor_Void
39fc3b6f06db4f71ae2c486b7a89e21b	AltGoalsAlliedTurret					NewMachineArmy	Mobs			TarantulWarWorldBunker_VisualSettings	StarportTurretMelta_Item		1	
3a07ecc6300741109e257435bdd3f7fd	FW_Knight						NeutralGuards	FW_KnightBrain	LTFeudalKnight_CP	Guard_VisualSettings	FW_Knight_Sword_Item		1	
3a08b156293f40ce9a07a33b23d92dbf	YoungGuard					NewHumanImperiumArmy	NeutralGuards	YoungGuard_brain		YoungGuard_VisualSettings	LasPistol_Item	GuardFlakChestplate_Item	1	
3a48022d2d184216a725a4b62e363933	RabbleMelee				BCT_Male_Lowerdecks_Worker_Portrait	HumanVoidBornArmy	CutsceneNeutrals		Lowlifers_Clan1_CP	RabbleMelee_VisualSettings	Knife_Item		1	
3a56c435bcf4406d8f659b0c9ed8519a	AbelardCompanion_SoundTest			HumanRace	Abeliard_Portrait,PlayerAasimarPaladin01_Portrait		Player			CompanionAbelardPrototype_VisualSettings,Character_VisualSettings	Flamer_Item,Lasgun_Item,FlamerPistol_Item,Melta_Item	EnforcerCarapace_Item,EnforcerLightCarapace_Item	3	CompanionAbelardPrototype>Character
3a6b1402b6634864a23b014a6e3870df	InquisitorMarksman_Ranged_Boarding					NewHumanWarpNullArmy	CutsceneNeutrals	InquisitorMarksman_Boarding_Brain	Inquisition_Soldier_CP	BridgeCrewMemberNavy_VisualSettings	LasgunT2CH4_Item	ArmoredBodyglove4_Item	1	
3a849d3674644c0085d5099ccf6813df	StartGame_Player_Unit			HumanRace	PlayerAasimarPaladin01_Portrait		Player			Character_VisualSettings	StubRevolverSingleShot_Item		2	Character
3ab1e8f1760e4c98a6b0c27d5d0efa89	OfficerGuardHollow					NewHumanImperiumArmy	HelpingPlayer	OfficerDeckGuard_brain,Officer_Brain	ValantiusSoldier_CP	BridgeCrewMemberGuard_VisualSettings	LasgunUnlootable_Item		2	OfficersDeckGuard
3ace800e6d5e4df7b0272064d13326ed	FootfallPirateCapellan					HumanAgriWorldArmy	CutsceneNeutrals	FootFallPirateFirstMateBrain		FootfallPirateCapellan_VisualSettings	Flamer_Item	EnforcerLightCarapace_Item	1	
3ae6dca8059a4734b54c380930fba348	Sayonara_39lvl_Ulfar_ExportedPregen			SpaceMarineStandardRace,HumanRace	Ulfar_Portrait,Heinrix_Portrait,PlayerAasimarPaladin01_Portrait		Player			UlfarCompanion_VisualSettings,CompanionHeinrixPrototype_VisualSettings,Character_VisualSettings	AstartesBoltPistol_Item,AstartesChainsword_Item,AstartesBolter_Item,ForceSword_Item	UlfarArmor_Item,GuardFlakArmour_Item	3	CompanionHeinrixPrototype>Character
3ae92fa3cb52496d88b0690ccceede61	Kibellah35lvl_ExportedPregen			HumanRace	Argenta_Portrait,PlayerAasimarPaladin01_Portrait		Player			CompanionArgentaPrototype_VisualSettings,Character_VisualSettings	BloodseekerKlaive_Item,VenomBladeT2CH04_Item,HekatariiBloodthirstBlade_Item,Bolter_Item	Assault_EnforcerLightCarapace_Item,EnforcerLightCarapace_Item	3	CompanionArgentaPrototype>Character
3b0aa7aeab894120bb3a1bd1eaf884cf	CorruptedSkitariiAuto_Ranged					NewHumanAdMechArmy	Mobs	RangedPositionalBaseBrain		CorruptedSkitari_VisualSettings	Stubcarbine_Item		1	
3b2f85e78de0498d96d92a3474b1875e	QuarryWorld_Miner					NewHumanImperiumArmy	CutsceneNeutrals		Mines_Worker_CP	Footfall_Commoner_VisualSettings	ShockBaton_Item		1	
3b49e8173c3742afa9cfbbec18a4bfdb	Quetza_Fake_Winterscale				Winterscale_Portrait		HelpingPlayer,Player			Winterscale_Companion_VisualSettings	PowerAxeT2_Item,PlasmaPistolT2CH04_Item,HellPistolT2CH04_Item	ChaosEnforcerCarapace_Item,TempestusCarapace4_Item	4	Winterscale_Companion
3b59e14549cf4cdeb75a20fad85a748c	Tarzus_Skitarii_Melee				BCT_Human_Male_Cultist1_Portrait	HumanForgeWorldArmy	CutsceneNeutrals	RushBaseBrain		CultistRange_VisualSettings	PowerMaul_Item		1	
3b87f4b64b0d464698b321a04ab06c93	Gusev_Abelard_26lvl_ExportedPregen			HumanRace	Abeliard_Portrait,PlayerAasimarPaladin01_Portrait		Player			CompanionAbelardPrototype_VisualSettings,Character_VisualSettings	PowerClaymore_Item,Melta_Item,PowerMaul_Item	RadiantChestplate_Item,EnforcerLightCarapace_Item	3	CompanionAbelardPrototype>Character
3bafa3ea03a944929a8a6f3d06d6356a	JaeCompanion_Ch03Start_NoWeapon			HumanRace	Jae_Portrait,PlayerAasimarPaladin01_Portrait		Player			CompanionJaePrototype_VisualSettings,Character_VisualSettings	Lasgun_Item,SplinterPistol_Item,Hellgun_Item,ExpandedStubRevolver_Item	Assault_EnforcerLightCarapace_Item,ArmoredBodyglove_Item,EnforcerLightCarapace_Item	5	JaeCompanion_Ch02_Lategame>JaeCompanion>CompanionJaePrototype>Character
3be7625db5904b3fb13547b8050376fa	DrukhariRanger_Ranged_Prison					NewDrukhariArmy	CutsceneNeutrals	DrukhariRanger_Ranged_Prison_brain	RTSniper_CP	DrukhariWychPrototype_VisualSettings	SplinterRifleKabalite_Item,VenomBladeKabalite_Item	IncubusArmour_Item	1	
3beea8a5a1c1409b9b77db91badc96a3	ArgentaAlternative				Argenta_Portrait	NewHumanImperiumArmy	CutsceneNeutrals	ArgentaAlternative_Brain		CompanionArgentaPrototype_VisualSettings	ImperialPride_Bolter_Item	SororitasPowerArmourFire_Item	1	
3c16f2aeebc54cf1927062857252e95f	CombatServitorMultiMelta_Friendly						CutsceneNeutrals	CombatServitorHeavyBrain		CombatServitor_VisualSettings	ThermalMultiMeltaServitor_Item		1	
3c1a7e7611c2424eb924b17270015010	YrlietCompanionCh03Middle			EldarStandardRace,HumanRace	Yrliet_Portrait,PlayerAasimarPaladin01_Portrait		Player			CompanionYrlietPrototype_VisualSettings,Character_VisualSettings	LongRifle_Item	EldarRangerArmour_Item	4	YrlietCompanion>CompanionYrlietPrototype>Character
3c1f4b6ae73c47799ede0f15e17d0615	Kunrad_FH				KunradCorrupted_Portrait	NewHumanCultistsArmy	HelpingPlayer	Eufrates_Kunrad_agressive_brain		JungleWorldRebel_VisualSettings	RitualKnife_Item	ArmoredBodyglove_Item	1	
3c5c7c0e9c87489dafba65a45961a4db	SpaceHulk_MadMagos				BCT_Human_Male_HeretekMagi_Portrait	NewHumanAdMechArmy	Mobs	MagosCommon_ScrapCodeMeleeProtocols_Brain	Techpriest_Warrior_CP	AgriWorldMagus_VisualSettings	PlasmaPistol_Item	CarapaceChestplate_Item	1	
3c6396dded164ea8ab52f35998c7b1a5	OfficersDeckGuard_BathMale_NoHelmet					NewHumanImperiumArmy	HelpingPlayer	Officer_Brain	ValantiusSoldier_CP	BridgeCrewMemberGuard_VisualSettings	LasgunUnlootable_Item		2	OfficersDeckGuard
3c68ff812bd64883b924c4309defcfc4	WildCannibalMelee					NewHumanImperiumArmy	Mobs			WildCannibalMelee_VisualSettings	Axe_Item	CasingChestplate_Item	1	
3c6c0d69a6f64302b0792f61231a060d	HumanResearcher_Ranged_SurvivorCamp_State2					NewHumanImperiumArmy	HelpingPlayer		ZarkovianResearcher_CP	0Zarkov_Military_SurvivorCamp_VisualSettings_Male	AutogunRapid_Item,LasgunT2CH4_Item	ArmoredBodyglove4_Item	1	
3c889dde249040e48ec59610ac34492b	ArgentaCompanion_4lvl			HumanRace	Argenta_Portrait,PlayerAasimarPaladin01_Portrait		Player			CompanionArgentaPrototype_VisualSettings,Character_VisualSettings	ArgentaStartBolter_Item,Autopistol_Item,Bolter_Item,Flamer_Item	MeshChestplate_Item,EnforcerLightCarapace_Item	3	CompanionArgentaPrototype>Character
3c8e861d179949b993fbaff63951eb9a	AdelinePsyker_Ranged_AstropathicChapelCH2					NewDaemonArmy	Mobs	CultistPsyker_Ranged_Brain		AstopathicGhostFemale_VisualSetting	ChargedStaffItemUnlootable		1	
3c9c342359224bceaee4fa257d69db90	DrukhariSslyth_MeleeRanged_Portals					NewCreaturesArmy	Mobs	DrukhariSslyth_brains		DrukhariSslyth_VisualSettings	SslythSplinterRifle_Basic_Item,SslythSplinterPistol_Basic_Item,SslythChainSword_Basic_Item		1	
3ca0528a8f854bc9a8c221bb68d05f22	FootfallPirateEnforcer					HumanVoidBornArmy	CutsceneNeutrals	RangedCloseBaseBrain	PirateArmor2_CP	FootfallPirateEnforcer_VisualSettings	ChainSword_Item	Chainmail_Item	1	
3cb73687a3ad4265ba05b57f95df472d	HorrorOfTzeentchBlue_AstropathicChapelCH2				HorrorOfTzeentch_Blue_v01_Portrait	NewDaemonArmy	Mobs	RE_HorrorOfTzeentchBlueMelee_Brain		DemonHorror_Blue_VisualSettings	TalonedHands_Item		1	
3cc36cd443e24d7eb188cdd56bd31764	JuvennaVonValancius					HumanFortressBornArmy	CutsceneNeutrals				LasPistolUnlootable_Item		1	
3cd09703b9204fb79cb8a988c6805859	EufratesCSM_Uralon_CutcseneChaosSword			SpaceMarineStandardRace	DarkApostle_Portrait	NewChaosSpaceMarineArmy	Mobs	EufratesCSM_Uralon_brain		ChaosSpacemarineLair1_VisualSettings	MaelstromBolter_Item_Companion,CrosiusOfUralon_Crosius_Item_Companion		1	
3cd0b19fe65241e9b10ae05e0bf10931	PenalWorld_WardenMelee_NPC					NewHumanImperiumArmy	CutsceneNeutrals	TreasureWorld_Arbites_PetMaster_Brain	JailGuard1_CP		PowerMaulT1CH2_Item	ArmoredBodyglove4_Item	1	
3d041e7541124191a06167aff9c70d72	Arbites_ch1				SolomorneAnthar		CutsceneNeutrals,Player	TreasureWorld_Arbites_PetMaster_Brain,SolomorneCompanion_Enemy_Brain		Solomorne_VisualSettings	ShotgunCH01Unique_Item,Solomorne_Shotgun_Item,Solomorne_Foehammer_Item	ArbitesArmour_Item,ReactivatorArmour_Item	2	SolomorneCompanion
3d1a6f4845be4189adbae526c78393dc	JaeGuy2						CutsceneNeutrals		JaeBandit_CP	Footfall_Commoner_VisualSettings			1	
3d2cf3276de44ffca2c24fb74d149bb6	StarPort_NobleFemale				Mutant1_Portrait		CutsceneNeutrals,Mobs		WinterscaleNobleFemale_CP_Correct,NobleFemale_CP_Correct,NobleMale_CP_Correct	StarPort_Noble_Female_VisualSettings,Footfall_NobleFemale_VisualSettings,NobleInPalace_Female_VisualSettings,Character_smallWHTest_VisualSettings			5	Footfall_NobleFemale>NobleInPalace_Female>NobleInPalace>Character_smallWHTest
3d61c45b58f542f291456d311de46293	FootfallAnver_MeleeRanged_SwarmQS					NewHumanBanditsArmy	Mobs	RangedRushBaseBrain	Anver_Common_CP	FootfallBandit_VisualSettings	ScrappyAutogun_Item,Axe_Item		1	
3d73c7f40518412ba83a2aeb4b200e00	FootfallBanditBodyguard					NewHumanBanditsArmy	Mobs	RangedPositionalBaseBrain		FootfallBanditBodyguard_VisualSettings	Lasgun_Item	CarapaceChestplate_Item	1	
3d81122a6dcb414f996083e7c4f392fd	ValanciusWoundedOfficer				JungleWorldRebel_Portrait	NewHumanImperiumArmy,HumanFortressBornArmy	Friends,CutsceneNeutrals	RangedPositionalBaseBrain	ValantiusSoldier_CP	RogueTraderGuardPeaceful_VisualSettings	LasgunUnlootable_Item_CutScn,Lasgun_Item	GuardFlakArmour_Unlootable_Item,GuardFlakArmour_Item	2	RogueTraderGuardPeaceful
3d9ba9e266d444c7b71e2797ab0d5a66	FW_TrueGovernor_Buffoon				FoolBluff		CutsceneNeutrals			FW_TrueGovernor_VisualSettings			1	
3dbdb03f3ada423abc8e834fdd4d9d6e	RT_FORTEASER_1_ExportedPregen			HumanRace	NeutralMale,PlayerAasimarPaladin01_Portrait		Player			Character_VisualSettings	Chapter2_Unique_EboniteMaul_Item	ArmouroftheFinalThreshold_Item	2	Character
3df98d0109634efaa31a0001be27c585	RTPalaceGuardPeaceful_MaleCutsceneNeutral				BCT_Human_Male_PalaceGuard1_Portrait	NewHumanImperiumArmy	CutsceneNeutrals,NeutralGuards,Mobs	RTPalaceGuardPeaceful_brain,RangedSniperBrain	ValantiusSoldier_CP,JanusCorruptedEnforcer_CP	Corrupted_GovernorGuard_VisualSettings	Lasgun_Item,AutogunM40_Item	GuardFlakArmour_Item	3	RTPalaceGuardPeaceful_Male>Corrupted_GovernorGuard
3dfcfd2a550d4797a87bb167d9414352	ServoSkull_PenalWorld_Speaker				JungleWorldRebel_Portrait		CutsceneNeutrals			ServoSkullRogueTrader_VisualSettings			1	
3e13d2b20207492bae1e402f990c9c7f	PlayerRTLeader_Ch03_Fake				RogueTraderMaleCommissaryPortrait		Player			Character_VisualSettings	TwoHandedAxe_Item	HeavyXenoMesh_Item	1	
3e2843ada65b4d6689b2b01700354c3f	.ElectroPriest_ArcheotechReactor_Melee_Follower					NewHumanAdMechArmy	CutsceneNeutrals	4ElectroPriest_ArcheotechReactor_Melee_Follower_Brain		ElectropriestNinja_VisualSettings	ElectrostaticGauntlets_Item		1	
3e32b7ca9b3644c284ba80ed026c3b86	DLC3_DL_Sororitas_HFlamer_Unit					NewHumanImperiumArmy	Mobs	DLC3_DL_Sororitas_HFlamer_Brain,DLC3_DL_Sororitas_HFlamer_Brain_ReactDamage		DLC3_DL_Sororitas02_VisualSettings	DLC3_DL_Sororitas_HFlamer_Item	DLC3_DL_Sororitas_Armor_Item	1	
3e4c912f8fa440ab90a399103db2d906	FootfallSewers_Bandit_ArcRanged				BCT_BanditMaleAnverNoArmor01_Portrait	NewHumanBanditsArmy	Mobs	FootfallSewers_Bandit_Ranged_brain	Bandit_Hitman_CP	FootfallBandit_VisualSettings	ArcRifleCH4UniqueMob_Item	ScrapChainmail_Item	1	
3e7b63167d7840afb46d2db71732fa9b	RebelMutantRangedCH02_Swarm					NewHumanImperiumArmy	CutsceneNeutrals	RebelMutantRangedCH02_Brain	HoboKiller_CP	GeneCultistMale_VisualSettings	ScrappyAutogun_Item		1	
3e942945d44b40ef8e6ede812a33be97	HeinrixCompanion_Chapter1_Start			HumanRace	Heinrix_Portrait,PlayerAasimarPaladin01_Portrait		Player			CompanionHeinrixPrototype_VisualSettings,Character_VisualSettings	ForceSword_Item,Autopistol_Item,BiomancersStaff_Item,Shotgun_Item	FlakVest_Item,GuardFlakArmour_Item	3	CompanionHeinrixPrototype>Character
3edf7f2596f041b8bcf0ec24dff06ea7	MadTechPriestArcRiflePt2_Technomat					NewHumanAdMechArmy	Mobs	RangedPositionalBaseBrain	BattleTechnomat_CP	MadTechPriest_VisualSettings	ArcRifleT2_Item	GuardFlakArmour_Item	1	
3f1117bd2ddf430194a8c9f74ce01fdf	Bakula_45_Manipulus_v2_ExportedPregen						Player			CompanionPascalPrototype_VisualSettings			1	
3f116f71102444c2bb47ba28533254f2	3YrlietCompanion_Level22_NeiliusParty_ExportedPregen			EldarStandardRace,HumanRace	Yrliet_Portrait,PlayerAasimarPaladin01_Portrait		Player			CompanionYrlietPrototype_VisualSettings,Character_VisualSettings	LongRifle_Item	EldarRangerArmour_Item	3	CompanionYrlietPrototype>Character
3f20c57109e244c6a58f594f3897276a	ServantDoorGuard				JungleWorldRebel_Portrait		CutsceneNeutrals			ServantDoorGuard_VisualSettings			1	
3f23bd3ca6ea45c7b02d0329c9c88231	2CassiaCompanion_lvl38_treasureworld_ExportedPregen			HumanRace	Cassia_Portrait,PlayerAasimarPaladin01_Portrait		Player			CompanionCassiaPrototype_VisualSettings,Character_VisualSettings	BloodhoundNavigatorStaff,WarpGuideStaff,Longlas_Item,Autopistol_Item	EnforcerLightCarapaceOrigin1_Item,GuardFlakArmour_Item	3	CompanionCassiaPrototype>Character
3f26fb74490f4a24b79f4e10f53eff9b	NobleInPalaceFemale				Mutant1_Portrait		CutsceneNeutrals,Mobs		NobleFemale_CP_Correct	NobleInPalace_Female_VisualSettings,Character_smallWHTest_VisualSettings			2	Character_smallWHTest
3f33ce33c6f74cf385a61420ba79d9af	Lair4EndlessCombat				JungleWorldRebelMelee_Portrait	NewHumanCultistsArmy	Mobs			Lair4EndlessCombat_VisualSettings	HuntingRifle_Item	ArmoredBodyglove_Item	1	
3f57505b57e54d37bb459747d4406659	8NecronLocustDestroyerDamaged_Ranged_ManipulusLaboratory					NewNecronArmy	Mobs	NecronLokhustHeavyDestroyer_Lair3_Brain		NecronLokhustHeavyDestroyer_VisualSettings	GaussGun_Weapon		1	
3f890782a3894102baf5f4a032529518	0GenestealerMagusControl_MeleeRanged_LowerTunnels					NewGenestealersCultArmy	Mobs	6GenestealerMagusControl_MeleeRanged_LowerTunnels_brain		GeneCultistMale_VisualSettings	GenestealerDaggerT1CH4_Item		1	
3f8ba19a4fca4b4fa935b1d33fbba1a4	DrukhariSybarite					NewDrukhariArmy	Mobs	Sybarite_Command_Brain	RTOfficer_CP	DrukhariSybarite_VisualSettings	EliteBlastPistol_Item	KabaliteArmourT2_Item	1	
3fbe656b87fd489c8c61c186d9fb68ad	Quetza_Harlequin				BCT_Eldar_Male_Guardian2_Portrait	NewAeldariArmy	CutsceneNeutrals	FlickeringDancer_Melee_Brain		HarlequinMale_VisualSettings	HarlequinsKiss_Item,ShurikenPistolT2CH04_Item	EldarHarlequinArmour_Item	2	CrownWorldHarlequin_FlickeringDancer
3fc2b3db89e947eeb7825d66e7410c09	FootfallBanditHeavyCharger_AnverLair_Melee					NewHumanBanditsArmy	Mobs	FootfallEmberBrain		FootfallBanditHeavy_VisualSettings			1	
3fcbdec54ff147f59c02deeafaaa3e38	VC2_ProcecutorCannon					NewMachineArmy	CutsceneNeutrals	VC2_ProcecutorCannon_Brain		VC2_ProcecutorCannon_VisualSettings	VC2_ProcecutorCannon_Weapon_Unlootable		1	
3fd3b21211ac4342ac2d207a6287ae84	ArgentaCompanion_Chapter1_Start			HumanRace	Argenta_Portrait,PlayerAasimarPaladin01_Portrait		Player			CompanionArgentaPrototype_VisualSettings,Character_VisualSettings	ArgentaStartBolter_Item,Autopistol_Item,Bolter_Item,Flamer_Item	MeshChestplate_Item,EnforcerLightCarapace_Item	3	CompanionArgentaPrototype>Character
3fd86919340247f7a2d510b5d91f0258	HalbrandtSpacewolfMarine			SpaceMarineStandardRace	Spacemarine1_Portrait	NewSpaceMarineArmy	FriendlyUlfarQuest	Halbrandt_UlfarQuest_Brain		LoyalSpaceMarine_VisualSettings	HalbrandtStormBolter_Special_Item,SpaceMarineStormBolter_Item		1	
3fd89362d3e842688d0a337554ab4a3b	PsykerAlphaShip						CutsceneNeutrals			PsykerAlphaShip_VisualSettings	ShockBaton_Item	GuardFlakArmour_Item	1	
3fed79261c9a4767bd8e9d3329ae3988	HaemonculusClone2				Haemonculus	NewDrukhariArmy	CutsceneNeutrals	DrukhariWrackLab_MeleeRanged_Brain		DrukhariWrack_VisualSettings	DrukhariHaemonculus_PistolSpecialClone_Item,DrukhariHaemonculus_HandsSpecialClone_Item	KabaliteArmour_Item	3	HaemonculusClone>.DrukhariWrack_MeleeRanged_Lab01_TiP_Dialogue00
3ff2769c18ae4e76a17e649c93419433	KhorneBloodletterRandomEncounter					NewDaemonArmy	Mobs	KhorneBloodletter_Basic_Brain		KhorneBloodletter_VisualSettings	KhorneBloodletterSword_Weapon		2	KhorneBloodletter
400f0e18835742c29fbf1a086ff420d0	PlayerRTLeader_Chapter1_Start			HumanRace	RogueTraderMaleCommissaryPortrait,PlayerAasimarPaladin01_Portrait		Player			Character_VisualSettings	StubRevolver_Item,Sword_Item	GuardFlakChestplate_Item	5	Character
403bc31264b24868a85cead8c4ad1938	DeathCultExecutioner_Melee_CultFinalDuel					NewHumanImperiumArmy	CutsceneNeutrals	TheExecutioner_CultFinalDuel_Brain		DeathCultistFemale_VisualSettings	DeathCultSwordT1CH4_Item	DeathCultBreastplateMob_Item	1	
40565580cf604d33a4c3c663203e33fa	CultistMeleeKhorneRandomEncounter				Soldier1_Portrait	NewHumanCultistsArmy	Mobs	CultistMeleeKhorneRandomEncounter_Brain	KhorneVoidsman_CP	CultistRange_VisualSettings	Axe_Item	ScrapChainmail_Item	1	
405980174a3a4a45aae4ba52ad5f3aa2	Summon02_Epitaph					NewNecronArmy	Mobs	Summon01_Epitaph_Brain		Ctan_VisualSettings	CtanTailWeak_Weapon		1	
405d15b662ef4a64a4abbfc03c518024	Latyshev_Pasqal_BH_Level25_ExportedPregen			HumanRace	Pascal_Portrait,PlayerAasimarPaladin01_Portrait		Player			CompanionPascalPrototype_VisualSettings,Character_VisualSettings	AOO_OmnissiahAxe_Item,PlasmaRifle_Item,OmnissiahAxe_Item,Autogun_Item	FireproofCarapace_Item,EnforcerCarapace_Item,GuardFlakArmour_Item	4	PascalCompanion>CompanionPascalPrototype>Character
40760e725ead45b78b5bd05afb43d84d	Footfall_InquisitorEnforcer_DoorGuard						CutsceneNeutrals		Inquisition_Soldier_CP	Footfall_Hobo_VisualSettings	Hellgun_Item		2	Footfall_InquisitorEnforcer
407a0c2731c4454dba322f44fc9a124d	Exalt117					NewHumanAdMechArmy	CutsceneNeutrals	DLC3_DL_Exalt117_Brain		OurCrewTechPriest_VisualSettings	DLC3_DL_Exalt117_ArcRifle_Item		1	
407ad1e417ae4489abeae1a899e0f107	Neofit_Ranged_Common					NewGenestealersCultArmy	CutsceneNeutrals	RangedPositionalSniperBrain	Neofit_Servants_CP	GeneCultistMale_VisualSettings	NeedleRifleT1CH02_Item	CarapaceChestplate_Item	1	
409da5a0198a4259b5fc6434d465f758	Underhive_UniqueDemonVictim					NewHumanImperiumArmy	CutsceneNeutrals				ScrappyAutopistol_Item		1	
40aa93d6a7b65064cae7a8591cee9486	JungleWorldRebelLeader_Bogul				BCT_HumanM_RebelLeaderBogul_Portrait	NewHumanImperiumArmy	Mobs	JungleWorldRebelLeader_Bogul_Brain		JungleWorldRebelLeader_Bogul_VisualSettings	PatternT2ShurikenPistol_Item	GuardFlakArmour_Item	1	
40dc388a34254387bac434f7036dabb5	HostagesLeader				Mutant1_Portrait		CutsceneNeutrals			HostagesLeader_VisualSettings			1	
40e6722d91f143fcbb8c23de9dfbb873	DeathCultist_GuardWBanner						CutsceneNeutrals		DeathCultistElite_CP	GeneCultistMale_VisualSettings	ChainSword_Item,LasPistol_Item	GuardFlakChestplate_Item	1	
40ecb27873b6491980857e04479b7d67	NobleInPalace_Female				Mutant1_Portrait		CutsceneNeutrals,Mobs		NobleFemale_CP_Correct,NobleMale_CP_Correct	NobleInPalace_Female_VisualSettings,Character_smallWHTest_VisualSettings			3	NobleInPalace>Character_smallWHTest
40ed6a6f3dcc4ce7b9b48f2c8046aa82	ArgentaCompanionCh02Start			HumanRace	Argenta_Portrait,PlayerAasimarPaladin01_Portrait		Player			CompanionArgentaPrototype_VisualSettings,Character_VisualSettings	BolterT1_Item,Flamer_Item,Bolter_Item	EnforcerLightCarapace_Item	3	CompanionArgentaPrototype>Character
4102f5f554cd4994af3ff7d406efd1c5	FW_IronSaint_Serf_Male						CutsceneNeutrals		FW_IronSaint_Serf_CP	Footfall_Worker_VisualSettings			1	
4117f7729de34cb3b1d3420bb722f9c2	IdiraPsyker_Light_AstropathicChapelCH2					NewDaemonArmy	Mobs			IdiraGhost_VisualSetting	PyromancersStaff_Item	HeavyLeathersArmour_Item	1	
41262baa325e4dac9177cb587795820b	OfficersDeckCrewMale					NewHumanImperiumArmy	HelpingPlayer			BridgeCrewMemberNavy2_VisualSettings	LasPistolUnlootable_Item		1	
41271447087444108c19b3cedd02948e	FighterPsykerQA_lvl4			HumanRace	Heinrix_Portrait,PlayerAasimarPaladin01_Portrait		Player			CompanionHeinrixPrototype_VisualSettings,Character_VisualSettings	Axe10test_Item,Autogun10test_Item,ForceSword_Item,Shotgun_Item	GuardFlakArmour_Item	3	CompanionHeinrixPrototype>Character
4145005db7a8484585ed8e7794aee9f9	DW_Beast_Tail_3					NewBeastLimpArmy	Neutrals	DW_Beast_Tail_Brain,DW_Beast_Tail_Brain_React		DW_Beast_Tail_VisualSettings			2	DW_Beast_Tail_1
417af5e89977425e8729251a4829dda0	VC_LordMolles_male						CutsceneNeutrals			Noble_VisualSettings			1	
4183901d9ad04ab3b5d3447b92483cf3	AbelardCompanion_Ch05_Finale			HumanRace	Abeliard_Portrait,PlayerAasimarPaladin01_Portrait		Player			CompanionAbelardPrototype_VisualSettings,Character_VisualSettings	PowerAxeCH5Unique_Item,InfernoPistolCH05Unique_Item,EruptionMultiMelta_Item,ChainSword_Item	CrusadePlateArmour_Item,HeavyEnforcerCarapace_Item,EnforcerLightCarapace_Item	4	AbelardCompanion_1lvl>CompanionAbelardPrototype>Character
41aa2243292f41e3ab1088ae41693535	PlagueZombieFighter					NewHumanImperiumArmy	Mobs			PlagueZombieFighter_VisualSettings	MutantSwordHands_Item		1	
41b44c0074f84f2da6925944c9421a81	HeinrixCompanionCh02Start			HumanRace	Heinrix_Portrait,PlayerAasimarPaladin01_Portrait		Player			CompanionHeinrixPrototype_VisualSettings,Character_VisualSettings	ForceSword_Item,Shotgun_Item	GuardFlakArmour_Item	3	CompanionHeinrixPrototype>Character
41bf5fae15db4db98cfddfbb59ea544b	MadServitor02					NewHumanAdMechArmy	CutsceneNeutrals,Mobs	MadServitor02Brain,RushBaseBrain		ServitorBaseMale01_VisualSettings	PincersServitorWeapon		2	Servitor_FWSH
41bf83bd3cce4d7ca41951133e384d2f	GenestealerGenestealer_Melee_VoidshipCrypt					NewGenestealersCultArmy	Mobs	0GenestealerGenestealer_Melee_VoidshipCrypt_brain		Genestealer_VisualSettings	GenestealerScythingClawsCh02_VoidshipCrypt		1	
41c30bd2cf0d4d37b2b12c3d88ed6e5e	PirateStationLeader_Fake						CutsceneNeutrals			Footfall_Delegate_VisualSettings		GuardFlakChestplate_Item	1	
41cdfb14b2954cf69cf1f74669c7acb8	DeathCultAdept_Melee_CultFinalDuel					NewHumanImperiumArmy	CutsceneNeutrals	TheAdept_CultFinalDuel_Brain	DeathCultAdept_Melee_CP	CultistRange_VisualSettings	DeathCultPowerBladeT1CH4_Item	DeathCultArmour_Item	1	
41e46e64246b4ece873cb8335af2509c	Lair3RebelLeader				RoleSpecialist1_Portrait	NewHumanBanditsArmy	Mobs			Lair3RebelLeader_VisualSettings	Hellgun_Item	RadiantChestplate_Item	1	
41e5ad3e15b1418dad8ae83e293979b1	JungleBeast_Quetza-al_khet				GardenWorldBeast_Portrait	NewCreaturesArmy	CutsceneNeutrals,Mobs	RushBaseBrain		JungleBeast_VisualSettings	ClawsJBeastAlphaWeapon,BiteJBeastComWeapon		2	JungleBeastPrototype
41e8acdbfbe7470f84dee0f725d8253f	YoungGaprak						CutsceneNeutrals			Character_smallWHTest_VisualSettings			1	
41fa353dbdbd4d6fb247a3d8e6bc91b6	DemonHorrorPink_MeleeRanged_UlfarQuest					NewDaemonArmy	Mobs	DemonHorrorPink_UlfarQuest_Brain		DemonHorror_VisualSettings	HorrorTalons_UlfarQuest_Item		1	
421827f0a11f4abbaec12997334ef5ec	PlayerRT_Level19_HarmonParty_ExportedPregen			HumanRace	PlayerAasimarPaladin01_Portrait		Player			Character_VisualSettings		ArmoredBodyglove2_Item	2	Character
42292d2ad33a44a1bb8a162139f77a98	SolomorneCompanion_NPC_Boarding				SolomorneAnthar		CutsceneNeutrals,Player	SolomorneCompanion_Enemy_Brain		Solomorne_VisualSettings	Solomorne_Foehammer_Item,Solomorne_Shotgun_Item	ReactivatorArmour_Item	2	SolomorneCompanion
422c84afa2804b63ad6c8807a707acaa	PrologueMercenaryCaptain						CutsceneNeutrals				AutopistolTier2_Item		1	
422dac74bf7f4111b9930a40519413be	CrewMember					NewHumanBanditsArmy	CutsceneNeutrals	RangedCloseBaseBrain	VoidCrewPirate_CP	Footfall_Worker_VisualSettings			1	
423fce771ddf4aefb5d9e1cf78c850c8	HumanBandit_MeleeRanged_VoidshipTempleAmbush_01					NewHumanBanditsArmy	CutsceneNeutrals	HumanBandit_VoidshipTempleAmbush_Brain	Genestealer_Temple_CP	FootfallBandit_VisualSettings	AxeT2_Item,StubRevolver_Item,SwordT2CH02_Item,LasPistol_Item	CarapaceChestplate_Item	1	
427838c766c247cbbaf7295909d96914	JailPlanetoidEnforcerBatton					NewHumanImperiumArmy	Mobs	EnforcerTank_Brain	JailGuard_CP	JungleWorldRebelMelee_VisualSettings	ShockBaton_Item	GuardFlakChestplate_Item	1	
4279e834a8b7425687811d5e37934ff7	KhraveRuinsPuzzleDemon					NewDaemonArmy	Mobs			DemonScreamer_VisualSettings	Screamer_BiteWeapon		1	
42837261065c4481af4118882355e1a7	DW_Beast_Wart_Unit					NewBeastLimpArmy_NotStat	Neutrals	DW_Beast_Wart_Brain		DW_Beast_Wart_VisualSettings			1	
42a1d2dd6b7a4bb9b60a679cb3c10914	1PlayerRT_Level38_ArbitratorOfficer_ExportedPregen			HumanRace	NeutralMale,PlayerAasimarPaladin01_Portrait		Player			Character_VisualSettings	GreatSwordT2_Item,LonglasCH04_Item,SniperRifleMammonthkiller_Item,ChainSwordT2CH4_Item	VoidsmenArmour_Item	2	Character
42adfda7ca1842d4bd9d086cfb442d40	InfernusCH04LTState2_Ranged_Swarm					NewGenestealersCultArmy	CutsceneNeutrals	RangedPositionalInfernusBaseBrain	Infernus_Base_CP	GeneCultistMale_VisualSettings	AutogunT2CH04_Item	ArmoredBodyglove4_Item	1	
42eba50398204ce184b956e11df33f6c	NavisNobilite					HumanFortressBornArmy	CutsceneNeutrals	RangeCommonBaseBrain	OrsellioLoyal_UnarmoredGuard_Male_CP	NavisNobilite_VisualSettings			1	
42f82148f60547ba90593219583cce2c	CW_NaviRadicalLeader					NewHumanImperiumArmy	CutsceneNeutrals	NaviRadicalLeaderBrain		NaviRadicalLeaderMale_VisualSettings	HellPistol_Item	ArmoredBodyglove4_Item	1	
434733b88bed42a88d55194647b7d62b	ScreamerOfTzeentchPrototype					NewDaemonArmy	Mobs			DemonScreamer_VisualSettings	Screamer_BiteWeapon		2	KhraveRuinsPuzzleDemon
435ff7d73fb5403185654699e20bedd9	Baku_RT_Over_34lvl_ExportedPregen			HumanRace	PlayerAasimarPaladin01_Portrait		Player			Character_VisualSettings	HuntingRifle_Item,GovernorsSniperRifle_Item	BreachersArmour_Item	2	Character
43cee85654d64685b82683e3b327e1bb	FabricatorsLeutenant2				Mechanicus2_Portrait	NewHumanAdMechArmy	CutsceneNeutrals,Mobs			-FabricatorsLeutenantTechPriest_VisualSettings	Lasgun_Item	CasingChestplate_Item,ForgeArmour_Item	2	FabricatorsLeutenantTechPriest
4405e94be07a3d7468558922eae9fada	CompanionYrlietPrototype			EldarStandardRace,HumanRace	Yrliet_Portrait,PlayerAasimarPaladin01_Portrait		Player			CompanionYrlietPrototype_VisualSettings,Character_VisualSettings	LongRifle_Item	EldarRangerArmour_Item	2	Character
4411075962934c02b87f4cf867fac0c8	Astropath_TelepathicSearch5						Neutrals		Astropath_CP				1	
4412aa85b2124d1ab4ce72ccce4ff949	NobleInPalace_Verserian_Male				Mutant1_Portrait		CutsceneNeutrals,Mobs		WerserianNobleMale_CP	Character_smallWHTest_VisualSettings		GuardFlakChestplate_Item	2	Character_smallWHTest
442b4df4ea634f78b96e6366d27e9cfd	2AbelardCompanion_level27_VasyaParty_ExportedPregen			HumanRace	Abeliard_Portrait,PlayerAasimarPaladin01_Portrait		Player			CompanionAbelardPrototype_VisualSettings,Character_VisualSettings	AnverChainSword_Item,ChainAxeT2CH02_Item,NeedlePistol_Item,FlamerPistolT1CH2_Item	RadiantChestplate_Item,EnforcerLightCarapace_Item	3	CompanionAbelardPrototype>Character
443e4c5865cf4459aee889453b0c32d0	6HumanCastellan_MeleeRanged_SurvivorCamp_State2_Dankosh					NewHumanImperiumArmy	HelpingPlayer	HumanDefender_SurvivorCamp_Brain	ValanciusEnforcer_CP	0Zarkov_Military_SurvivorCamp_VisualSettings_Male	ChainSwordT2CH4_Item_Unlootable,HellPistolT2CH04_Unlootable_Item	TempestusCarapace4_Unlootable_Item	1	
4463a680a71945dfa1b7525f941a0064	BridgeCrewMemberNavy2						CutsceneNeutrals		NavyOfficer_CP	BridgeCrewMemberNavy2_VisualSettings	LasPistol_Item		1	
446d1ff3dec74f6f9ad9bfb4f4d93ce2	FW_KnightRider						NeutralGuards			Footfall_Worker_VisualSettings	Sword_Item		1	
4480a0276a384bee89ea2b10ad281c63	DrukhariSslythFirstThrone_unit					NewCreaturesArmy	Mobs	DrukhariSslyth_brains		DrukhariSslyth_VisualSettings	SslythSplinterRifle_Basic_Item,SslythSplinterPistol_Basic_Item,SslythChainSword_Basic_Item		2	DrukhariSslythBase_Hard
4483f1d0693e4d678023bd67dc7576af	MarazhaiNeutral				Marazhai_Portrait	NewDrukhariArmy	TrueNeutrals	KabalitePositionalBaseBrain		Marazhai_VisualSettings	DrukhariPowerSword_Item	WychArmour_Item	1	
448cea5184c3453091c3217aebbcbef4	CommorraghStreets_Victim						CutsceneNeutrals		HoboMale_CP	Footfall_Hobo_VisualSettings	Knife_Item		2	Footfall_Hobo
44a5ac7f884547b9b1730a40c70f2a08	FootfallAnverBodyguard_Ranged_Swarm					NewHumanBanditsArmy	Mobs	RangedPositionalBaseBrain	Anver_Shooter_CP	FootfallBanditBodyguard_VisualSettings	LasgunT1CH02_Item	CarapaceChestplate_Item	1	
44c90f4236a6482790e149b02020ddb8	TreasureWorld_FeralGuard_Ranged					NewHumanImperiumArmy	CutsceneNeutrals	TreasureWorld_FeralGuard_Ranged_Brain	JanusRebel_RegularMale_CP		LasgunTrophy_Item	GuardFlakChestplate4_Item	1	
44cb0326a75244708da7034ee046e28f	MB_Gene_Warden						CutsceneNeutrals						0	
44ce0c7175804c7e94303262b775c51d	CorruptedServitorMelee				Mechanicus1_Portrait	NewHumanAdMechArmy	Mobs			ChaosSevitorMale02_VisualSettings	MutantSwordHands_Item		1	
451407222dde4b65958360256701af75	SlumsMutantPsyker				RoleSpecialist1_Portrait	NewHumanImperiumArmy	Mobs			SlumsMutantPsyker_VisualSettings		HeavyLeathersArmour_Item	1	
454847134b48402792be9798bf92b0ca	GuardianCombatServitorColonization_unit					NewHumanAdMechArmy	NeutralGuards,Mobs	CombatServitorHeavyBrain		CombatServitor_VisualSettings	ThermalMultiMeltaServitor_Item		2	CombatServitorMultiMelta
456b92174135432395468db65ceb0dc0	Herald1						CutsceneNeutrals			ServoSkullHerald_01_VisualSettings,ServoSkullRogueTrader_VisualSettings			2	HeraldPrototype
459af5762ce247d79ea90808809a6d13	FootfallAnverCommanderLeader_Melee_Elite					NewHumanBanditsArmy	Mobs	FootfallAnverCommanderLeadertBrain		FootfallKingpinSniper_VisualSettings	AnverChainSword_Item	XenoMesh_Item	1	
45af1d07515a4cb79307c282e194dd1f	Dummy999					DaemonKhorneArmy	Mobs			Dummy999_VisualSettings			1	
45c8a097628747949363a0e8ddf2ac1a	DeathCultist_Prisoner_Male						CutsceneNeutrals				ChainSword_Item,LasPistol_Item	GuardFlakChestplate_Item	1	
45c907108a444303bcaa234623b15728	JungleWorldRebelEMPGrenede					NewHumanImperiumArmy	Mobs	RangedPositionalGrenadeBrain,RangedPositionalBaseBrain	JanusRebel_Regular_CP	JungleWorldRebel_VisualSettings	Lasgun_Item		2	JungleWorldRebel
45dc869441ea4f8981de32ba8d3b722f	Footfall_DocksExtractorServoSkull				Soldier1_Portrait		CutsceneNeutrals	MadServoskullRandomEncounter_Brain		ServoSkull_VisualSettings	RE_ServitorBolter_Item1	ScrapChainmail_Item	1	
45f3ca210ab64caca63b253ca6e54cd7	DeathCultReaper_Melee_CultFinalDuel					NewHumanImperiumArmy	Mobs	TheReaper_CultFinalDuel_Brain	DeathCultReaper_Melee_CP	CultistRange_VisualSettings	DeathCultPowerBladeT1CH4_Item	DeathCultBreastplate_Item	1	
462554dcfc3e4b11a7ab063d5c8fd7ca	TaintedStreetsTriumphCommonerM				JungleWorldRebelSniper_Portrait		CutsceneNeutrals		PlebMale_CP	TaintedStreetsHostagesM_VisualSettings			1	
4632e9a861bd45f8bfdab84105b20e64	BCassiaCompanion_Level31_TesseraParty_ExportedPregen_ExportedPregen			HumanRace	PlayerAasimarPaladin01_Portrait		Player			Character_VisualSettings		PirateChainmail_Item	2	Character
468ada4f219a4d099876c1465c82fa7e	IdiraCompanion_Chapter1_Start			HumanRace	Idira_Portrait,PlayerAasimarPaladin01_Portrait		Player			CompanionIdiraPrototype_VisualSettings,Character_VisualSettings	LasPistol_Item,SniperRifle_Item,Autopistol_Item,Longlas_Item	ArmoredBodyglove_Item,GuardFlakArmour_Item	4	IdiraCompanion>CompanionIdiraPrototype>Character
469d6f945c3743f48c4d7b0241e930fc	CorruptedServitorMeleeTough				Mechanicus1_Portrait	NewHumanAdMechArmy	Mobs			ChaosSevitorMale03_VisualSettings	MutantOverchargedSwordHands_Weapon		1	
46b65bb91077483f8db718e15316733c	Servant				JungleWorldRebel_Portrait	NewHumanImperiumArmy,HumanFortressBornArmy	TrueNeutrals,CutsceneNeutrals	RangedPositionalBaseBrain	ValantiusSoldier_CP	RogueTraderGuardPeaceful_VisualSettings	Lasgun_Item	GuardFlakArmour_Item	2	RogueTraderGuardPeaceful
46f25b476dc443d7a9a259c632bcd504	DrukhariWych_MeleeRanged_ArenaFiend				BCT_DrukhariWych_Female_Hekatrix_Portrait	NewDrukhariArmy	Mobs	DrukhariWych_ArenaFiend_Ranged_Brain		DrukhariWychPrototype_VisualSettings	SplinterPistolKabalite_Item,PoisonedHekatariiBladeT2_Item		1	
46ff50f5a9bd4d60a62162e28adbd1d9	FW_Blacksmith						CutsceneNeutrals		FW_Commoner_CP	Footfall_Worker_VisualSettings			1	
470e0de6425d4228bc082f2f7ebbe537	ArthurWinterscale						CutsceneNeutrals			Character_smallWHTest_VisualSettings	PowerAxe_Item	GuardFlakChestplate_Item	1	
4728a912c2804fa18fea5a0c29088e71	GenestealerBase				JungleWorldEldarRanger_Portrait	NewGenestealersCultArmy	Mobs	DrukhariWych_BaseBrain		Genestealer_VisualSettings	GenestealerScythingClaws	WychArmour_Item	1	
47331e4d800c42d88c8e93fdc0af4843	GenestealerAcolyteHybrid_CutSc_LowerTunnels					NewGenestealersCultArmy	CutsceneNeutrals	7GenestealerAcolyteHybrid_MeleeRanged_LowerTunnels_brain		Acolyte_v1_VisualSettings	Shotgun_ItemLootless		1	
473e041789824e60a49a1199445c6dd5	DrukhariKabalite_Arena1				BCT_DrukhariKabalite_Male_Base01_Portrait	NewDrukhariArmy	Mobs	KabalitePositionalBaseBrain		DrukhariKabalite_VisualSettings	SplinterRifle_Item	KabaliteArmour_Item	1	
474263a4b28848e68b5aa912a4fbe9f7	Footfall_ChordaEnforcer5						CutsceneNeutrals		Pleb_CP	Footfall_Commoner_VisualSettings	Autogun_Item		1	
4746d3cc73a740ec83e941813760c2ed	LT_Worker_Male						CutsceneNeutrals		LT_WorkerMale_CP	Footfall_Worker_VisualSettings			1	
4752d6e4ca344ab6b5d2a79d6c66227b	CanoptekScarabsExplosive_TechArcGrave					NewNecronArmy	Mobs	CanoptekScarab_HealerBrain		CanoptekScarabs_VisualSettings	CanoptekScarab_MeleeWeapon		3	
476668f9bd5f41a289a9e9ae74f54e90	FootfallAnver_MeleeRangedShockGrenade_Swarm					NewHumanBanditsArmy	Mobs	RangedGrenadeRushBaseBrain	Anver_Common_CP	FootfallBandit_VisualSettings	Autopistol_Item,Axe_Item,ChainSword_Item		1	
4781c4872388443192702ea835e9b7fe	Footfall_Historian						CutsceneNeutrals			Footfall_Commoner_VisualSettings			1	
4782c6c8435740778cc563187057c133	1						CutsceneNeutrals			Character_smallWHTest_VisualSettings			2	Zaurback
478bd2c6192d4867a3145e463bc363d6	StartGame_Pregen_Soldier			HumanRace	AstraMilitarumFemale,PlayerAasimarPaladin01_Portrait		Player			StartGame_Pregen_Soldier_VisualSettings,Character_VisualSettings	StubRevolverSingleShot_Item		11	Character
4792739d1187458082e3db25248dfcb8	KunradFinal				Kunrad_Portrait	NewHumanImperiumArmy	HelpingPlayer	Kunrad1stFight_Brain		YoungGuard_VisualSettings	KnifeKunradUnlootable_Item,LasPistolKunradUnlootable_Item	ArmoredBodyglove_Item	2	Kunrad
47a61ee79dd04fd7ba30ef9c3f863df2	VectThrone_InquisitorSoldier				JungleWorldRebelSpecialist_Portrait		CutsceneNeutrals			ScavengerLeader_VisualSettings	RipperAutopistol_Item	GuardFlakArmour_Item	1	
47be3ef4e4a44997b95a7ed056f941ef	DrukhariKhymera_Melee_Wild					NewCreaturesArmy	Mobs	DrukhariKhymera_Wild_Brain		DrukhariKhymera_VisualSettings	DrukhariKhymera_Wild_Claw_Weapon		3	
47d98f05bae04c89aa959033c004f41a	0ArgentaCompanion_Level7_EtelParty_ExportedPregen			HumanRace	Argenta_Portrait,PlayerAasimarPaladin01_Portrait		Player			CompanionArgentaPrototype_VisualSettings,Character_VisualSettings	ArgentaStartBolter_Item,PreciseLasPistol_Item,Sword_Item,Bolter_Item	GuardFlakArmour_Item,EnforcerLightCarapace_Item	3	CompanionArgentaPrototype>Character
480243ed0b5d4adcbbf4029bba89c599	DoorLockerTechpriest2					NewHumanAdMechArmy	CutsceneNeutrals,Mobs			AssassinTechpriest_VisualSettings	MarksmanRifle_Item		3	DoorLockerTechpriest1>AssassinTechpriest
4810e80459704965ae65ec689521d4bf	Necron_Immortal_Trazyn_DLC3_NoReanimation					NewNecronArmy	CutsceneNeutrals,Mobs	NecronImmortal_CrashedShip_Brain		NecronImmortal_VisualSettings	NecronImmortalRanged_Epitaph_Item,NecronImmortalMelee_Epitaph_Item,NecronImmortalRange_Weapon,NecronImmortalMelee_Weapon		3	NecronImmortal_MeleeRanged_Epitaph>NecronImmortal_Prototype
482af90823074428982add8a5319af7e	NavisNobiliteShotgun_GuardFemale					NewHumanImperiumArmy	CutsceneNeutrals	RangeNNStation_brain	OrsellioTraitor_Soldier_CP	NavisNobiliteFemale_VisualSettings	Shotgun_Item	GuardFlakChestplate_Item	1	
484bc754881d47898d3936892f33c77e	EnforcerDetective3						CutsceneNeutrals			BridgeCrewMemberNavy_VisualSettings	LasPistol_Item		1	
4855276fcccf473184efe4c48d9a70d4	IdiraCompanion_Chapter1_Middle			HumanRace	Idira_Portrait,PlayerAasimarPaladin01_Portrait		Player			CompanionIdiraPrototype_VisualSettings,Character_VisualSettings	Lasgun_Item,LasPistol_Item,SniperRifle_Item,Autopistol_Item	PsychicBodyglove_Item,ArmoredBodyglove_Item,GuardFlakArmour_Item	4	IdiraCompanion>CompanionIdiraPrototype>Character
4861e74e703644e294f6fc1b1d3fce3a	CassiaCompanion_Ch05_TrueStart			HumanRace	Cassia_Portrait,PlayerAasimarPaladin01_Portrait		Player			CompanionCassiaPrototype_VisualSettings,Character_VisualSettings	StaffOfOrsellioNovator_Item,AstronomiconRegallia_Item,Longlas_Item,Autopistol_Item	VindicareStealthSuit_Item,GuardFlakArmour_Item	3	CompanionCassiaPrototype>Character
489162c6bc2a4dcfbd00d3e501a1253b	Quetza-al_Winterscale				Winterscale_Portrait	NewHumanImperiumArmy	HelpingPlayer	Winterscale_Brain		Winterscale_Companion_VisualSettings	Malivolent_PowerAxe_Item,PlasmaPistolT2CH04_Item	HeavyXenoMesh_Item	1	
489608b757cd4ea29c31359fedc45ca2	Cassia_Lv38_Chordafight_ExportedPregen			HumanRace	Cassia_Portrait,PlayerAasimarPaladin01_Portrait		Player			CompanionCassiaPrototype_VisualSettings,Character_VisualSettings	BloodhoundNavigatorStaff,ShredderShotgun_Item,Longlas_Item,Autopistol_Item	EnforcerLightCarapaceOrigin1_Item,GuardFlakArmour_Item	3	CompanionCassiaPrototype>Character
48a78f83968b4c04484869aa19784af5	TrapActor_Lvl15						Traps			TrapActor_Lvl03_VisualSettings	TrapDagger_Lvl15,TrapDagger_Lvl03		2	TrapActor_Lvl03
48c7ce841c2a437b8c3b40b41ff0380a	ImperialMisfit_MeleeRanged_Prison					NewHumanImperiumArmy	CutsceneNeutrals		Hobo_CP	Gladiator_VisualSettings	ScrappyAutopistol_Item,SwordT2CH02_Item	LeathersArmor_Item	1	
48f31af23b1d47cbabaf256b0cb5a209	DemonSlaaneshDaemonette_AstropathicChapelCH2				Daemonette_Portrait	NewDaemonArmy	Mobs	2DemonSlaaneshDaemonette_AstropathicChapelCH2_brain		DemonSlaaneshDaemonette_VisualSettings	WhipSlaaneshDaemonetteWeapon		7	
48f9825a072a4351a80d30833d7cfde1	YoungZaurback						CutsceneNeutrals			Character_smallWHTest_VisualSettings			1	
490df80776ee4fa28b9dbca7e31cf9e1	Footfall_CommonerFemale						CutsceneNeutrals		PlebFemale_CP	Footfall_CommonerFemale_VisualSettings			1	
491835c92b654f8e973f9dc1f120417e	StarPortsignalman				Mutant1_Portrait	NewHumanImperiumArmy	CutsceneNeutrals,NeutralGuards			GovernorGuardCaptain_VisualSettings	LasPistol_Item,ChainSword_Item		4	StarPortPilot>StarPortSergeant>GovernorGuardCaptain
491a0b1911404565bc655ff951dba2ca	KibellahCompanion_Ch03_NPC_Alienation			HumanRace	Kibellah_NoMask_Portrait,Argenta_Portrait,PlayerAasimarPaladin01_Portrait	HumanDeathWorldArmy	CutsceneNeutrals,Player			Kibellah_VisualSettings,CompanionArgentaPrototype_VisualSettings,Character_VisualSettings	DeathCultSword_Item,Bolter_Item,Flamer_Item	DeathCultBreastplate_Item,EnforcerLightCarapace_Item	4	KibellahCompanion>CompanionArgentaPrototype>Character
491a465545bd41dca99c6319507827f8	ChaosSpacemarineStarportBoss_unit			SpaceMarineStandardRace		NewChaosSpaceMarineArmy	Mobs	ChaosSpacemarineStarportBoss_brain		ChaosSpacemarineLair1_VisualSettings	HeavyBolterChaos_Item,LifeDrainingSword_Item		5	
49218e9889a1488f919a7f00f0f6eca2	LT_EnforcerMed						CutsceneNeutrals			BridgeCrewMemberGuard_VisualSettings	ShockBaton_Item,LasPistol_Item	GuardFlakChestplate_Item	1	
4973bf85e0ca4b5fb1332a9e2f89ccb2	FW_HideAndSeek2_FakeAvenger_Male						CutsceneNeutrals			Footfall_Worker_VisualSettings			1	
497eba49f78f4f8396b02daa6dcaf61a	Spacewolf_Ghost_Bolter			SpaceMarineStandardRace	Spacemarine1_Portrait		CutsceneNeutrals			LoyalSpaceMarine_VisualSettings	SpaceMarineStormBolter_Item		1	
4987ddf0d37a44a4a82e6b1847e32611	ML_NunciusReal						CutsceneNeutrals		Technomat_CP				1	
499224768b1f4ca7acf27ca78bf31e50	SicarianRuststalkerChaos_Grenade					NewHumanAdMechArmy	Mobs	SicarianRuststalkerChaos_Grenade_brain		SicarianRuststalkerChaos_VisualSettings	TransonicBlade		1	
49a6afdb46074e83ba11609d443532fd	LT_SF_PrisonerHelp_Reactivity						HelpingPlayer		Lowlifer_CP	Footfall_Worker_VisualSettings			1	
49a7bedbe31f408f946a6016e19cd2f6	Footfall_InquisitorAgent						CutsceneNeutrals			Footfall_Hobo_VisualSettings	Flamer_Item		1	
49c31d218b03419a83bd6b6efd733e04	Spacemarine_melta			SpaceMarineStandardRace		NewSpaceMarineArmy	Mobs	SpaceMarine_melta_brain		LoyalSpaceMarine_VisualSettings	MultiMelta_Item,FrostAxe_Item		1	
49caba4d2e4c47309fd42d67fe3f7f62	MarazhaiCompanion_Ch04_Lvl40			EldarStandardRace	Marazhai_Portrait		Player			Marazhai_VisualSettings	AncientForceSword_Item,BlastPistol_Item,DjinBladeYremeriss_Item	PsykerTempestusCarapace_Item	1	
49ce1ecb71144885a4d81e6d01ac10bd	StarportRebelRangeNoMoveSwarm					NewHumanImperiumArmy	Mobs	StarportRebelRangeSwarm_Brain	RaycadRebel_Unarmored_CP	JungleWorldRebelMeleeTough_VisualSettings	LasgunScrappy_Item		1	
49f8c7708c6f4968ba8a1a9c4346e678	JanurZarkovSergeant_Camp					NewHumanImperiumArmy	HelpingPlayer	DLC3_BA_JanurZarkovSergeant_Brain	ZarkovianSoldierMale_CP,ValanciusEnforcer_CP	JanurZarkovSergeant_VisualSettings,0Zarkov_Military_SurvivorCamp_VisualSettings_Male	LasgunT2CH4_Item	GuardFlakChestplate4_Item,GuardFlakArmour4_Item	3	JanurZarkovSergeant>HumanJanur_Ranged_SurvivorCamp_State2
4a02a1bee6f84892b3cb7a3f8c818c69	TreasureWorld_Arbites_ShieldNShotgun					NewHumanImperiumArmy	CutsceneNeutrals	TreasureWorld_Arbites_ShieldNShotgun_Brain	ArbitesTrooper14_CP	Arbites_Male_VisualSettings	ArbitesFoehammer_Item	ArbitesHeavyArmourCommon_Item	4	
4a15cb4cbcd5429a985ce3618ee7c5c8	HorrorOfTzeentch_Pink_MeleeRanged				HorrorOfTzeentch_Pink_v01_Portrait	NewDaemonArmy	Mobs	HorrorOfTzeentch_BaseBrain		DemonHorror_VisualSettings	TalonedHands_Item		1	
4a189b497eb441e28e7193cf1a519b1c	PDSparkMan					NewHumanImperiumArmy	HelpingPlayer	Officer_Brain	ValantiusSoldier_CP	BridgeCrewMemberNavyFemale_VisualSettings,BridgeCrewMemberGuard_VisualSettings	ShockBaton_Item,LasgunUnlootable_Item		4	TalkerPDChambers>EnforcerPDChambers>OfficersDeckGuard
4a2c8a5012dc45429f51b78854a0a9f2	SOLOMORNE_FORTEASER_ExportedPregen				SolomorneAnthar		Player	SolomorneCompanion_Enemy_Brain		Solomorne_VisualSettings	BloodyVigilFoehammer_Item,Solomorne_Shotgun_Item,Solomorne_Foehammer_Item	ArmouroftheFinalThreshold_Item,ReactivatorArmour_Item	2	SolomorneCompanion
4a3689779a1042ef96df66adc4436452	Solomorne_LvL28_Varl1n_v2_ExportedPregen				SolomorneAnthar		Player			Winterscale_Companion_VisualSettings	CrescendoShotgun_Item,BalancedMaul_Item	ReactivatorArmour_Item	1	
4a43eddec64645df9c10ecd6e4d1720a	6HumanCastellan_MeleeRanged_SurvivorCamp_State2_Jovakha					NewHumanImperiumArmy	HelpingPlayer	HumanDefender_SurvivorCamp_Brain	ValanciusEnforcer_CP	0Zarkov_Military_SurvivorCamp_VisualSettings_Male	ChainSwordT2CH4_Item_Unlootable,HellPistolT2CH04_Unlootable_Item	TempestusCarapace4_Unlootable_Item	2	6HumanCastellan_MeleeRanged_SurvivorCamp_State2_Dankosh
4a64bb8703374db39c38aabe53b0e53d	9Latyshev_Heinrix_Assassin_Augments_Level25_ExportedPregen			HumanRace	Heinrix_Portrait,PlayerAasimarPaladin01_Portrait		Player			CompanionHeinrixPrototype_VisualSettings,Character_VisualSettings	ForceSwordCH2Unique3_Item,LongBarreledAutopistol_Item,BiomancersStaff_Item,ForceSword_Item	FencingBodyglove_Item,GuardFlakArmour_Item	3	CompanionHeinrixPrototype>Character
4a70769a599549f2a1ae37caae367975	OP_Dying_Technomat						CutsceneNeutrals				Bolter_Item		1	
4a70d33c41bf481e8a2fcc0e0572d0c0	NobleFemale				Mutant1_Portrait		CutsceneNeutrals		JanusNobleFemale_CP_Correct	NobleFemale_VisualSettings			1	
4abeeb311bc14576b1c29d28fc5231b0	DrukhariWrack_MeleeRanged_Lab02_TiP					NewDrukhariArmy	CutsceneNeutrals	DrukhariWrackLab_MeleeRanged_Brain		DrukhariWrack_VisualSettings	HekatariiBladeT2CH04_Item,ShurikenPistolT2CH04_Item		1	
4ad934e685c649a5bae9d9e5f04b06e0	DrukhariKhymera_Melee_ArenaFiend					NewCreaturesArmy	Mobs	DrukhariKhymera_ArenaFiend_Brain		DrukhariKhymera_VisualSettings	DrukhariKhymera_ArenaFiend_Claw_Weapon		3	
4af5bb1a79d142dba1ea9c125662e79d	FootfallCh04_Chorda				IndenciaChorda_Portrait		CutsceneNeutrals			Chorda_Companion_VisualSettings,Character_smallWHTest_VisualSettings	PlasmaPistol_Item		2	Zaurback
4b6dfc3bb8434eab8700196cf268984f	DW_Beast_Vine_Unit					NewBeastLimpArmy_NotStat	Neutrals			DW_Beast_Vine_VisualSettings			1	
4b7d68c387084acd8a798cc0670ea58b	FootfallBanditRingleaderPalace					NewHumanBanditsArmy	Mobs	RangedPositionalBaseBrain		-FootfallBanditRingleaderPalace_VisualSettings	Lasgun_Item	HeavyLeathersArmour_Item	1	
4b81380dc07245849efcf0bc6572025e	Spacemarine_axe			SpaceMarineStandardRace		NewSpaceMarineArmy	Mobs	SpaceMarine_plasma_brain		LoyalSpaceMarine_VisualSettings	AstartesBoltPistol_Item,AstartesChainsword_Item,FrostAxe_Item		1	
4b8277e7aed04e2c9c993bddb239546f	Tramp					HumanVoidBornArmy	TrueNeutrals		HoboMale_CP		Knife_Item		1	
4b92868387584918805322fbe88a90f7	HeinrixCompanion_Ch03Start_NoWeapon			HumanRace	Heinrix_Portrait,PlayerAasimarPaladin01_Portrait		Player			CompanionHeinrixPrototype_VisualSettings,Character_VisualSettings	PowerSword_Item,AncientForceSword_Item,InfernoPistol_Item,Focus_Flamer_Item	PsykerTempestusCarapace_Item,ArmoredBodyglove_Item,GuardFlakArmour_Item	5	HeinrixCompanion_Ch02_Lategame>HeinrixCompanion>CompanionHeinrixPrototype>Character
4b9bd7b51c5f4f25ac7a9b2ed3b41692	DrukhariKabaliteSniperRandomEncounter					NewDrukhariArmy	Mobs	DrukhariKabaliteSniperBrain	RTSniper_CP	DrukhariKabaliteHeavy_VisualSettings	ElongatedSplinterRifle_Item	KabaliteArmour_Item	1	
4ba155f84b9a41a684f92a2dba5899a5	ExperimentalMutant				Mutant1_Portrait		CutsceneNeutrals,Mobs			Character_smallWHTest_VisualSettings			2	Character_smallWHTest
4bedb99eb2dd47f3a9d47b735fa9c831	TaintedStreetsTriumphCommonerF02				JungleWorldRebelSniper_Portrait		CutsceneNeutrals		PlebFemale_CP	TaintedStreetsHostagesF_VisualSettings			1	
4bfbce93ac0b4ac582e95d8c899110f7	MB_Enforcer						CutsceneNeutrals		ValantiusSoldier_CP		AutopistolT2CH02_Item,ShockBatonT2_Item		1	
4c2f5662b9af4c8f9ea006517b17a185	TalosCTanPainEngine					NewDrukhariArmy	Mobs			DrukhariTalosPainEngine_VisualSettings		GuardFlakChestplate_Item	1	
4c573e8420894a90abcfe0071fbfae73	FW_FireDancer						CutsceneNeutrals			Footfall_Worker_VisualSettings			1	
4c77d8f0acc2473cadd14ae869aac708	DLC3_OP_Dogmatic_Technomat_Unit					NewHumanAdMechArmy	NeutralGuards	DLC3_OP_Dogmatic_Technomat_Brain	Technomat_CP	Footfall_TechPriest_VisualSettings	ArcRifle_Item,DLC3_OP_Dogmatic_Technomat_ArcRifle_Item	ArmoredBodyglove_Item	1	
4cf60d4c416d4ae7baeb955def2f6f4d	NaviLeader				Mutant1_Portrait		CutsceneNeutrals,Mobs		NobleMale_CP_Correct	Character_smallWHTest_VisualSettings	ChainSword_Item		3	NobleInPalace>Character_smallWHTest
4cffd70af1534107b64ed9a7106736b8	RoaringMale_Gladiator					HumanDeathWorldArmy	CutsceneNeutrals			Gladiator_VisualSettings	StubRevolver_Item	GuardFlakArmour_Item	1	
4d1e95bcfc5049798ee3af28e4c3bbc2	OfficersDeckGuard_KibellahQ2KTC					NewHumanImperiumArmy	HelpingPlayer	Officer_Brain	ValantiusSoldier_CP	BridgeCrewMemberGuard_VisualSettings	LasPistol_Item		1	
4d1f090878e643598d695cdc114c99bf	DrukhariKabalite_Ranged_SwarmCh05				BCT_DrukhariKabalite_Male_Base01_Portrait	NewDrukhariArmy	Mobs	RangedRushBaseBrain	RTSniper_CP	DrukhariKabalite_VisualSettings	SplinterRifle_Item	KabaliteArmour_Item	1	
4d348a6be31b4bf5aa8b8ddf62a80ea3	JaeCompanion_Ch04_Presstour			HumanRace	Jae_Portrait,PlayerAasimarPaladin01_Portrait		Player			CompanionJaePrototype_VisualSettings,Character_VisualSettings	SplinterPistolT2CH04_Item,DaredevilAutopistol_Item,AeldariScout_LongRifle_Item,ShurikenPistol_Item	PanoplyOfAssassin_Item,ArmoredBodyglove_Item,EnforcerLightCarapace_Item	4	JaeCompanion>CompanionJaePrototype>Character
4d5ff02ddf93447994b244eb2d218937	OfficersDeckInfernusCommon						CutsceneNeutrals		Infernus_Base_CP	Footfall_Worker_VisualSettings			1	
4d6aff45175c4f5da839c629fa12224b	Sayonara_Heinrix_23lvl_ExportedPregen			HumanRace	Heinrix_Portrait,PlayerAasimarPaladin01_Portrait		Player			CompanionHeinrixPrototype_VisualSettings,Character_VisualSettings	SanctifiedStaff_Item,MeltaUltima_Item,ForceSword_Item,Shotgun_Item	PsychicBodyglove_Item,GuardFlakArmour_Item	3	CompanionHeinrixPrototype>Character
4d6d87edc53647baa306db831012763f	OfficersDeckCrew					NewHumanImperiumArmy	HelpingPlayer	Officer_Brain	NavyOfficer_CP	BridgeCrewMemberNavyFemale_VisualSettings	Autopistol_Item		1	
4d77805c5d114288b60f398dada469d8	CassiaCompanion_ForUnitSpawner			HumanRace	Cassia_Portrait,PlayerAasimarPaladin01_Portrait		CutsceneNeutrals,Player			CompanionCassiaPrototype_VisualSettings,Character_VisualSettings	StaffOfHouseOrsellio,Autopistol_Item,LasPistol_Item,Longlas_Item	ArmoredBodyglove_Item,GuardFlakArmour_Item	4	CassiaCompanion>CompanionCassiaPrototype>Character
4d84a08dc5004f188dd7a6edb6b8c2b3	LT_AngryEnforcer_Unique						CutsceneNeutrals			BridgeCrewMemberGuard_VisualSettings	ShockBaton_Item,LasPistol_Item	GuardFlakChestplate_Item	1	
4d9e9029fed24c2bb40fa172e5267e14	TESTArgentaCompanion			HumanRace	Argenta_Portrait,PlayerAasimarPaladin01_Portrait		Player			CompanionArgentaPrototype_VisualSettings,Character_VisualSettings	AutogunRapid_Item,HeavyBolter_Item,Bolter_Item,Flamer_Item	EnforcerLightCarapace_Item	3	CompanionArgentaPrototype>Character
4db462b5e21c41cd96c67bb55b082378	Q2_Mother						CutsceneNeutrals			BridgeCrewMemberNavyFemale_VisualSettings	NeedlePistol_Item		1	
4dbb65442685427eaab2453280009873	CombatServitorHeavyWarehouseJaeQ1					NewHumanAdMechArmy	Mobs	CombatServitorHeavyBrain		CombatServitor_VisualSettings	ThermalMultiMeltaServitor_Item		1	
4dc5ab9004f043d3ace50fd90ff06714	PascalCompanion_Chapter1_Start			HumanRace	Pascal_Portrait,PlayerAasimarPaladin01_Portrait		Player			CompanionPascalPrototype_VisualSettings,Character_VisualSettings	OmnissiahAxe_Item,ArcRifle_Item,PlasmaRifle_Item,Autogun_Item	HolyVestment_Item,EnforcerCarapace_Item,GuardFlakArmour_Item	4	PascalCompanion>CompanionPascalPrototype>Character
4dd7f3a406e4434a9b287c24264d31f1	SrValancius_invisibleKitten						CutsceneNeutrals,Mobs			Dummy999_VisualSettings			2	InvisibleKitten_Unit
4e06cba5dd55407d89664b3f5ccccae2	JailPlanetoidEnforcerGrenade					NewHumanImperiumArmy	Mobs	EnforcerGrenade_Brain	JailGuard_CP	JungleWorldRebelMelee_VisualSettings	StubRevolver_Item	GuardFlakChestplate_Item	1	
4e1094a5df4e4b608f868f2e6ab021e6	TaintedStreetsRebelSniper					NewHumanImperiumArmy	Mobs	TaintedStreetsSniperBrain		JungleWorldRebelMeleeTough_VisualSettings	SniperRifle_Item	ArmoredBodyglove_Item	1	
4e213a51102c486185878ff0d9a799f4	3MarazhaiCompanion_Level39_SolarParty_ExportedPregen			EldarStandardRace,HumanRace	Marazhai_Portrait,Heinrix_Portrait,PlayerAasimarPaladin01_Portrait		Player			Marazhai_VisualSettings,CompanionHeinrixPrototype_VisualSettings,Character_VisualSettings	VenomBladeT2CH04_Item,HekatariiBladeT2CH04_Item,BlasterCH4Unique_Item,ForceSword_Item	KabaliteArmourT2_Item,GuardFlakArmour_Item	3	CompanionHeinrixPrototype>Character
4e3cfbcfd62f42d69df466733c6d9db0	1PascalCompanion_level27_VasyaParty_ExportedPregen			HumanRace	Pascal_Portrait,PlayerAasimarPaladin01_Portrait		Player			CompanionPascalPrototype_VisualSettings,Character_VisualSettings	OmnissiahAxe_Item,PlasmaRifleT2_Item,PlasmaRifle_Item,Autogun_Item	HolyVestment_Item,EnforcerCarapace_Item,GuardFlakArmour_Item	4	PascalCompanion>CompanionPascalPrototype>Character
4e54aeaaade84d94a26a90c23647ed27	IdiraCompanion_Level39_PetRaven			HumanRace	Idira_Portrait,PlayerAasimarPaladin01_Portrait		Player			CompanionIdiraPrototype_VisualSettings,Character_VisualSettings	ChargedStaffItem,Longlas_Item,Autopistol_Item	AdaptiveFlakArmour_Item,GuardFlakArmour_Item	3	CompanionIdiraPrototype>Character
4e8b8cb4a8d94d2eafbc0ad6110e3e88	Latyshev_Eogann_Level27_GS_ExportedPregen						Player			CompanionPascalPrototype_VisualSettings	HandOfXenocide_OmnissiahAxe_Item,ArcRifleT1CH2_Item		1	
4e953c99cdd84f8a8d1a21badb652954	BlackShipTarantul					NewMachineArmy	Mobs			BlackShipTarantul_VisualSettings	TurretBolter_Item		1	
4ed68ab112564b83b4e66d694f54e953	WeakZombie_Melee_BlackShip_Sphere					NewHumanImperiumArmy	Mobs		Zombie_BlackShipPsyker_CP	PlagueZombie_VisualSettings	WeakZombie_Claws_Weapon		1	
4ee495a4d3cf4e5889e3b906764dc421	OfficersDeckCultistPirate_Shooter						CutsceneNeutrals	ProloguePirateShooter_Brain	Cultist_Unarmored_CP	JungleWorldRebelMeleeTough_VisualSettings	LasPistol_Item		1	
4eeb0a3e89fd47e59bae8759c530329d	TarzusTechPriestStubcarbine_Technomat_Adept					NewHumanAdMechArmy	CutsceneNeutrals	4TarzusMadTechPriestStubcarbine_Technomat_Adept_brain		MadTechPriest_VisualSettings	Stubcarbine_Item		1	
4f0a3bbd22694f9fb16748257114d6af	Lair3RebelEliteAssault				BCT_Human_Male_NoArmor_Rebel01_Portrait	NewHumanBanditsArmy	Mobs			Lair3RebelEliteAssault_VisualSettings	EliteChainSword_Item	GuardFlakArmour_Item	1	
4f2914a16bbc46e4a007fed3549147bb	DrukhariLeaderF					NewDrukhariArmy	Mobs	DrukhariLeaderF_GrandSpectacle_brain		DrukhariKabalite_VisualSettings	ShardcarbineT2CH04_Item,SplinterRifleKabalite_Item		1	
4f41771c0bcd46439a476c87573f11c3	GladiatorLeader				BCT_Male_PenalWorld_GladiatorLeader_Portrait	NewHumanImperiumArmy	CutsceneNeutrals,Mobs	RangedPositionalBaseBrain	JanusRebel_Melee_CP	Gladiator_VisualSettings,JungleWorldRebelArmoured_VisualSettings	ShredderShotgun_Item,AutogunM40_Item	CasingChestplate_Item,GuardFlakArmour_Item	2	JungleWorldRebelArmoured
4f57e77491134eb8a5c11a52ae88bc71	DrukhariYremeriss_Turret					NewMachineArmy	Mobs			DrukhariTurret_VisualSettings	AncientTrapTurretGun_Item		2	DrukhariTurret
4f94c18ce87648a5a627ad73605df3d3	LT_DeathCultist						CutsceneNeutrals		PlebMale_CP	GeneCultistMale_VisualSettings	Knife_Item		1	
4f9ca120a0804e8a9b45f759b62a1986	HumanDefender_MeleeRanged_SurvivorCamp_Flame					NewHumanImperiumArmy	HelpingPlayer	HumanDefender_SurvivorCamp_Flame_Brain		0Zarkov_Military_SurvivorCamp_VisualSettings_Male	FlamerT2CH4_Item	GuardFlakArmour4_Item	1	
4fa5affc53f6414aa0c2349f54e93870	DrukhariBandit				JungleWorldEldarRanger_Portrait	NewDrukhariArmy	CutsceneNeutrals,Mobs	DrukhariWych_BaseBrain	DrukhariCommoner_CP,RTWyches_CP	DrukhariWych_VisualSettings	HekatariiBlade_Item	WychArmour_Item	2	DrukhariWych
4fbf2f9ecfa94d5cbe2680972e16d3f4	ArgentaCompanion_Ch04_Start				Argenta_Portrait		Player			CompanionArgentaPrototype_VisualSettings	ImperialPride_Bolter_Item,Flamer_Item	SlickBodyglove_Item	1	
4fe3ee61d69b44969fa9af8c3500224e	PlagueZombie_BoardedShip_Bridge					NewHumanImperiumArmy	Mobs		Zombie_BlackShipGuard_CP	PlagueZombie_VisualSettings	PlagueZombie_Claws_Weapon		1	
4fe65082d8404d5e8a481b4645795f77	KindEnforcer						CutsceneNeutrals			BridgeCrewMemberNavyFemale_VisualSettings	LasPistol_Item		1	
501f576a4c4443108181d9dcebf30fc7	BoardedShip_Reactor_Melee_Hard_Unit					NewHumanBanditsArmy	Mobs	ChargerBaseBrain	Bandit_Armored_CP	FootfallPirate_VisualSettings	ChainAxe_BoardedShip_Unlootable_Item	CasingChestplate_BoardedShip_Unlootable_Item	1	
505f868bf36e4a1a98079b83d5cc6559	NewNavisValet				BCT_HumanM_RebelLeaderBogul_Portrait	NewHumanImperiumArmy	CutsceneNeutrals,Mobs	JungleWorldRebelLeader_Bogul_Brain	NavyOfficer_CP	JungleWorldRebelLeader_Bogul_VisualSettings	PatternT2ShurikenPistol_Item	GuardFlakArmour_Item	3	TopOfficersAssistant>JungleWorldRebelLeader_Bogul
508ccf6837684fc2b641cffac80f9410	DLC_Test												0	
508d0a2e856c42a89289accf80d2a73f	SoulMark_Chaos_Overseer_Male				BCT_HumanM_RebelLeaderBogul_Portrait	NewHumanImperiumArmy	CutsceneNeutrals,Mobs	JungleWorldRebelLeader_Bogul_Brain	ConcealedCultist_CP	JungleWorldRebelLeader_Bogul_VisualSettings	PatternT2ShurikenPistol_Item	GuardFlakArmour_Item	2	JungleWorldRebelLeader_Bogul
5094bbb95a8045859f220e9f56db9574	RE_Hold_PinkHorror					NewDaemonArmy	Mobs	RE_Hold_HorrorPink_Brain		DemonHorror_VisualSettings	TalonedHands_Item		1	
50bae6374fb9418ebe21d8c566bb01a3	Guard_Leader_Ranged_DargonusLoop				JungleWorldRebel_Portrait	NewHumanImperiumArmy,HumanFortressBornArmy	TrueNeutrals,CutsceneNeutrals	Guard_Leader_DargonusLoop_Brain,RangedPositionalBaseBrain	MerovianSoldier_CP,ValantiusSoldier_CP	RogueTraderGuardPeaceful_VisualSettings	Autopistol_DargonusLoop_Unlootable_Item,Lasgun_Item	GuardFlakArmour_Unlootable_Item,GuardFlakArmour_Item	2	RogueTraderGuardPeaceful
50eeb22886c749b6b6ae0a6469c6776c	NavisNobilite_Ranged_ShotgunZombie					NewHumanImperiumArmy	CutsceneNeutrals	NavisNobilite_ZombieBrain	OrsellioLoyal_MutantSoldier_CP	NavisNobiliteMutant_VisualSettings	Shotgun_Item	GuardFlakChestplate_Item	1	
50fe36cd26624fbc95f0d741895a60d9	SoulMark_Chaos_Slave_3				BCT_HumanM_RebelLeaderBogul_Portrait	NewHumanImperiumArmy	CutsceneNeutrals,Mobs	JungleWorldRebelLeader_Bogul_Brain	NobleMalePrisoner_CP	JungleWorldRebelLeader_Bogul_VisualSettings	PatternT2ShurikenPistol_Item	GuardFlakArmour_Item	2	JungleWorldRebelLeader_Bogul
511b1aa9ab1a4d44816b8b27c1fef81f	CorruptedTechPriestAxe				Mechanicus1_Portrait	NewHumanAdMechArmy	Mobs			CorruptedTechPriestAxe_VisualSettings	OmnissiahAxe_Item,Mechadendrite_BoltPistol_Item	GuardFlakArmour_Item	1	
511c60c0461345478cc11c347105da8c	ServitorChaosSelfDestruct_ForgeHeart					NewHumanAdMechArmy	Mobs	ServitorChaosSelfDestruct_Brain		ChaosSevitorMale03_VisualSettings	PincersServitorWeapon		1	
5130794bdb894d6983ca613d662e83ef	DLC1_NPC_VIP_EnforcerKlein_SF					NewHumanImperiumArmy	CutsceneNeutrals,HelpingPlayer	RangedRushBaseBrain	GuardRichMale_CP	Footfall_Enforcer_VisualSettings,Footfall_EnforcerFemale_VisualSettings	BoltPistol_Item	ArmoredBodyglove2_Item	2	Enforcer_Ranged_Common
514a18e3dd45458391e4f687f8100812	SideQuestFidelio_Servitor				Mutant1_Portrait		CutsceneNeutrals,Mobs			ServitorBaseMale03_VisualSettings,Character_smallWHTest_VisualSettings	ShockBaton_Item		2	Character_smallWHTest
51515117e5dc445bb99fdf31531f8f4c	LT_EnforcerOficer						CutsceneNeutrals			BridgeCrewMemberNavy2_VisualSettings	LasPistol_Item		1	
515f747e50a04783aa93cfeae7d52d5f	FootfallBanditKnivesOut_AnverLair_Ranged					NewHumanBanditsArmy	Mobs	KnivesOutBaseBrain		Footfall_CommonerFemale_VisualSettings	Stubcarbine_Item,ChainSword_Item	GuardFlakArmour_Item	1	
51604d37ac0e499da70e2c4a4f086066	AbelardCompanion			HumanRace	Abeliard_Portrait,PlayerAasimarPaladin01_Portrait		Player			CompanionAbelardPrototype_VisualSettings,Character_VisualSettings	PowerMaul_Item,Melta_Item	HeavyEnforcerCarapace_Item,EnforcerLightCarapace_Item	3	CompanionAbelardPrototype>Character
51647fb723174a6c9734b751fade1a49	PascalCompanion_Chapter1_Middle			HumanRace	Pascal_Portrait,PlayerAasimarPaladin01_Portrait		Player			CompanionPascalPrototype_VisualSettings,Character_VisualSettings	OmnissiahAxe_Item,PlasmaRifle_Item,Lasgun_Item,Autogun_Item	GuardFlakArmour_Item,EnforcerCarapace_Item	4	PascalCompanion>CompanionPascalPrototype>Character
516affe61abf4142896902a300921ea1	VC2_Mercenary6Gamma					NewHumanImperiumArmy	CutsceneNeutrals	VC2_Mercenary6Gamma_Brain		VC2_MercenaryMale_VisualSetting	HellgunT2CH04_LowerDamage_Unlootable,PowerMaulT2CH4_Item_Unlootable	-ArmoredBodyglove2_BoardedShip_Unlootable_Item	1	
516ceceef3a54badba8671e038762746	IdiraCompanion_2lvl			HumanRace	Idira_Portrait,PlayerAasimarPaladin01_Portrait		Player			CompanionIdiraPrototype_VisualSettings,Character_VisualSettings	PsyFocusStaff_Item,LasPistol_Item,Autopistol_Item,Longlas_Item	ArmoredBodyglove_Item,GuardFlakArmour_Item	3	CompanionIdiraPrototype>Character
516ea3f32a4b434c9d7a187f6e589af2	TurretHeavyBolterFoRCrypt					NewMachineArmy	Neutrals			TarantulWarWorldBunker_VisualSettings	TurretBolter_ItemForCrypt		1	
51833fad03f64b39b14c24a90e090c72	AbelardCompanionCh03Start_NoWeapon			HumanRace	Abeliard_Portrait,PlayerAasimarPaladin01_Portrait		Player			CompanionAbelardPrototype_VisualSettings,Character_VisualSettings	Knife_Item,RoaringThunder_ThunderHammer_Item,MeltaUltima_Item,PowerMaul_Item	TempestusCarapace_Item,HeavyEnforcerCarapace_Item,EnforcerLightCarapace_Item	5	AbelardCompanion_Ch02_Lategame>AbelardCompanion>CompanionAbelardPrototype>Character
518ed13aa7e448abbdaecf4efdcf9f3c	Argenta_Bakula_38LvL_ExportedPregen			HumanRace	Argenta_Portrait,PlayerAasimarPaladin01_Portrait		Player			CompanionArgentaPrototype_VisualSettings,Character_VisualSettings	AutogunM40_Item,BloodyVigilFoehammer_Item,FlamerPistolCH2Unique_Item,Bolter_Item	HuntingCarapace_Item,EnforcerLightCarapace_Item	3	CompanionArgentaPrototype>Character
51a5f36a2a4749e6bb490de74ba912b4	Infernus_Melee_VoidshipCrypt					NewHumanImperiumArmy	HelpingPlayer	InfernusBeatMagus_brain	Infernus_Base_CryptDifferentVO_CP	Footfall_Enforcer_VisualSettings	ShredderShotgun_Item,ChainAxe_Item	ArmoredBodyglove2_Item	1	
51ab09dce90449e48fbf55e403aa1680	LocigariusAndroveta						CutsceneNeutrals			BridgeCrewMemberNavy_VisualSettings			1	
51cb0bd22d3e44c18591c192ec0ec0f8	OfficerDeckNavyPriestOfficer						CutsceneNeutrals				LasPistol_Item		1	
51ed346ee4df4024aaf5066b80a5f79d	LT_EnforcerChief_Unique						CutsceneNeutrals			BridgeCrewMemberNavy_VisualSettings	LasPistol_Item		1	
51f45ae4478542239d2c21963a23f5fd	JungleWorldRebelHunter				BCT_Human_Male_Flak_Rebel03_Portrait	NewHumanImperiumArmy	Mobs	RangedPositionalSniperGrenadeBrain		JungleWorldRebelHunter_VisualSettings	HuntingRifle_Item	GuardFlakArmour_Item	1	
51f4a48dd19b4cab85a3209e97a166d4	Enforcers_Ranged_VoidshipCrypt1					NewGenestealersCultArmy	CutsceneNeutrals	GenestealerSniper_VoidshipCrypt_Brain	ValantiusEnforcerCarapace_CP	FootfallBanditSniper_VisualSettings	SniperRifleT2_Item	ArmoredBodyglove2_Item	1	
51f76630a92e4339885ed1d7cb44ae91	FW_OrchestraServitor_1					NewHumanAdMechArmy	CutsceneNeutrals,Mobs	RushBaseBrain		ServitorBaseMale01_VisualSettings	PincersServitorWeapon		3	MadServitor>Servitor_FWSH
524402232e584e2a91de8ad829be43eb	FootfallPirate					NewHumanBanditsArmy	CutsceneNeutrals	RangedCloseBaseBrain	PirateArmor1_CP	FootfallPirate_VisualSettings	ArcRifleT1CH2_Item	LeathersArmor_Item	1	
5270cd1e8a5642bdbb1cc648ace0ba32	Spacemarine_bolter			SpaceMarineStandardRace		NewSpaceMarineArmy	Mobs	SpaceMarine_bolter_brain		LoyalSpaceMarine_VisualSettings	AstartesBolter_Item,FrostAxe_Item		1	
528ceb6c946a05e49a6db0817c4097b4	Character_smallWHTest				Mutant1_Portrait		Mobs			Character_smallWHTest_VisualSettings			1	
529b9da8060d4bc0ad1a65bd24505cd8	Lair3RebelRangedPistol					NewHumanBanditsArmy	Mobs		PirateArmor1_CP	Lair3RebelRanged_VisualSettings	BoltPistol_Item	ScrapChainmail_Item	1	
52d6610a145147dc89a5c8ace7f02022	DrukhariDeviceRanger_Ranged_ReavingTempestSpire				JungleWorldEldarRanger_Portrait	NewDrukhariArmy	CutsceneNeutrals	RangeCommonBaseBrain	RTSniper_CP	DrukhariWychPrototype_VisualSettings	LiquifierGun_Item	KabaliteArmourT2_Item	1	
52db3203985f4191bc5d0543c06b3d3b	ElectroPriest_ArcheotechReactor_Melee_BossFight					NewHumanAdMechArmy	Mobs	ElectroPriest_ArcheotechReactor_Melee_Brain		ElectropriestNinja_VisualSettings	ElectrostaticGauntlets_WithLightning_Item		1	
52ea99c8324943e7b3a259efef682996	FW_Bandit						CutsceneNeutrals		FW_Lower_Commoner_CP	FootfallBandit_VisualSettings			1	
53163903199f406690f6d82f40c52185	Footfall_ColdTrader						CutsceneNeutrals		ColdTrader_CP	Footfall_ColdTrader_VisualSettings	Lasgun_Item	GuardFlakChestplate_Item	1	
5324e8249e0d497bb0f67b00dd66cebc	NecronWarrior_DLC3_NoReanimation					NewNecronArmy	Mobs	NecronWarrior_Epitaph_Brain		NecronWarrior_VisualSettings	NecronWarriorRanged_Epitaph_Item,NecronWarriorMelee_Epitaph_Item		2	NecronWarrior_MeleeRanged_Epitaph
53281ae602a34756a47c3e23f66c06cd	FootfallAnverSniper_Ranged_Elite					NewHumanBanditsArmy	Mobs	RangedSniperBrain		FootfallBanditHeavy_VisualSettings	SniperRifle_Item	Synskin_Item	1	
5337ae03d1a7483e802092717fe30be2	ImperialMedic_Ranged_Prison				BCT_NaviBodyguard_Portrait	NewHumanImperiumArmy	CutsceneNeutrals	ImperialMedic_Prison_Brain		NavisNobilite_VisualSettings	LasgunTrophy_Item	ScrapChainmail_Item	1	
53662cdd7b3248a697c0434a5e7537a1	JungleBeast_FakeMutant					NewCreaturesArmy	CutsceneNeutrals,Mobs			JungleBeast_VisualSettings			2	JungleBeastPrototype
53c496643e2f47859a599829a9879652	Footfall_ChordaEnforcer						CutsceneNeutrals		Pleb_CP	Footfall_Hobo_VisualSettings	Flamer_Item		1	
53d421b6746942ba89051421ef09ec9e	TaintedStreets_Arbites_CutSc_ShieldFace_NPC					NewHumanImperiumArmy	CutsceneNeutrals	TreasureWorld_Arbites_PetMaster_Brain		Arbites_Male_VisualSettings	.Arbites_ShotPistol_BoardedShip_Unlootable_Item	ArmoredBodyglove4_Item	1	
53e0815ea8eb4cd080efe8e4d2f84345	Tarzus					NewHumanAdMechArmy	CutsceneNeutrals	Tarzus_Brain		ServitorBaseMale02_VisualSettings	OmnissiahAxe_Item		1	
53f2b080d1cd43aca85f00aaea886a8f	Ch05Inquisitor_Heinrix_unit				Heinrix_Portrait	NewHumanImperiumArmy	CutsceneNeutrals	Inquisitor_Heinrix_brain		CompanionHeinrixPrototype_VisualSettings	AncientForceSword_Item,BlastPistol_Item,DjinBladeYremeriss_Item	PsykerTempestusCarapace_Item	1	
541001528c7d488ca0e4ffea49377109	MB_PriceOfLife_Patient_Soldier						CutsceneNeutrals		HoboNaked_CP		LasPistol_Item		1	
54116b529092439c86449c5aadfd8c74	Confessor_Void						CutsceneNeutrals			BridgeCrewMemberNavy_VisualSettings			1	
54280187ac3a461bbd263667a761d179	DrivestemSolderSwordGuard				JungleWorldRebel_Portrait	NewHumanImperiumArmy,HumanFortressBornArmy	Friends,CutsceneNeutrals	RangedPositionalBaseBrain	DrivestemSoldier_CP,ValantiusSoldier_CP	RogueTraderGuardPeaceful_VisualSettings	LasgunUnlootable_Item,Lasgun_Item	GuardFlakArmour_Unlootable_Item,GuardFlakArmour_Item	2	RogueTraderGuardPeaceful
5445d7ed0559462d8e19132c5ba84646	RE_PossessedOfficer_Flamer				BCT_NaviBodyguard_Portrait	NewHumanImperiumArmy	Mobs	FlamerRangedCloseBrain		RE_PossessedOfficer_Flamer_VisualSettings	FlamerPistol_Item,Axe_Item	CasingChestplate_Item	1	
546934cbda2c4ffdb2b0417476f28c65	Servitor_Annis						CutsceneNeutrals			AstopathicGhostFemale_VisualSetting			1	
5474486f1a5049dfae205e1ac4baf48f	AbelardCompanion_Ch03_Fake				Abeliard_Portrait		Player			CompanionAbelardPrototype_VisualSettings	RoaringThunder_ThunderHammer_Item,MeltaUltima_Item	TempestusCarapace_Item	1	
54930917f86340519047408ab789b9ca	PossessedGuardRandomEncounter				BCT_Male_Lowerdecks_Guard_Portrait	NewHumanImperiumArmy	Mobs,HelpingPlayer		ValantiusSoldier_CP	Guard_VisualSettings	Shotgun_Item	GuardFlakChestplate_Item	2	Guard
5499c2229e8c42b4ae3df2e693cff045	BridgeCrewMemberGuard_Lasgun						CutsceneNeutrals		ValantiusSoldier_CP	BridgeCrewMemberGuard_VisualSettings	Lasgun_Item	GuardFlakChestplate_Item	1	
549cad59038a42b7b6a9147ef004739f	JailPlanetoidArturGuardF					NewHumanImperiumArmy	NeutralGuards	EnforcerShooter_Brain		FootfallBanditFemale_VisualSettings	Autogun_Item	FlakVest1_Item	1	
54abb583a57e41c2bd83ade83daaaf94	Survivor						CutsceneNeutrals			Survivor_VisualSettings	Knife_Item	GuardFlakChestplate_Item	1	
54b6b0719c984ea5a2c100c6d0ee1565	Ch04Chorda_Bodyguard_unit				JungleWorldRebelOfficerMelee_Portrait	NewHumanImperiumArmy	CutsceneNeutrals	Ch04_Bodyguard_brain		JungleWorldRebelMeleeTough_VisualSettings	AutoStriking_PowerSword_Item,DaredevilAutopistol_Item	HeavyXenoMesh_Item	1	
54cc319b84574c12a78c9a0605ee20e3	SurvivorCamp_State2_NPC_CommonMan					NewHumanImperiumArmy	CutsceneNeutrals	TreasureWorld_Arbites_ShieldNShotgun_Brain	ZarkovianSoldierRejoined_CP	0Zarkov_Civilian_SurvivorCamp_VisualSettings_Male	ArbitesFoehammer_Item	ArbitesHeavyArmourCommon_Item	4	
54d46075d5f149f1ac0c1f80fe9696dc	DeathCultProphet						CutsceneNeutrals			GeneCultistMale_VisualSettings			1	
54e31b52b0d0479da3e5cfee5d0226d4	PlagueZombie_Melee_BlackShip2					NewHumanImperiumArmy	Mobs		Zombie_BlackShipGuard_CP	PlagueZombie_VisualSettings	PlagueZombie_Claws_Weapon		1	
553a94ee7c0d4d22a12bda5314b029d5	VoidshipReactor_Worker						CutsceneNeutrals		ReactorWorkerLt_CP	Footfall_Worker_VisualSettings			2	OfficersDeckWorker
5548e87792aa4d9cbe0a4f9b56a7ddbe	SolomorneCompanion_Level22_ExportedPregen				SolomorneAnthar		Player	SolomorneCompanion_Enemy_Brain		Solomorne_VisualSettings	CrescendoShotgun_Item,Solomorne_Shotgun_Item	ReactivatorArmour_Item	1	
55693d88500c44a4a17102b33da2edf8	AbelardCompanion_Chapter1_Start			HumanRace	Abeliard_Portrait,PlayerAasimarPaladin01_Portrait		Player			CompanionAbelardPrototype_VisualSettings,Character_VisualSettings	ChainSword_Item,Autopistol_Item,PowerMaul_Item,Melta_Item	FlakVest_Item,HeavyEnforcerCarapace_Item,EnforcerLightCarapace_Item	4	AbelardCompanion>CompanionAbelardPrototype>Character
556df46db3624884a59b1664475b2736	EogannCompanion_MagnarailLance_Test				Manipulus		Player			Eogann_VisualSettings	PlasmaRifle_Item,AutogunM40_Item,OmnissiahAxe_Mani_Item	EnforcerCarapace_Item	4	EogannCompanion
557647fff84748eaab7f84cb3645184e	PlayerRTFighter_Ch04_Lvl40			HumanRace	ComissarMale,PlayerAasimarPaladin01_Portrait		Player			Character_VisualSettings	Epiphany_PowerSword_Item,DeadlyPrecision_BoltPistol_Item,TwoHandedAxe_Item,ChainSword_Item	HeavyXenoMeshOrigin1_Item,EnforcerLightCarapace_Item	3	PlayerRTFighter>Character
558052fa69d64f19bfbbea91c332523b	FW_HideAndSeek2_TrueVictim_Male						CutsceneNeutrals			Footfall_Worker_VisualSettings			1	
55897fb4454e4768a66cecaf17257b30	StarPortSergeant				Mutant1_Portrait	NewHumanImperiumArmy	CutsceneNeutrals,NeutralGuards			GovernorGuardCaptain_VisualSettings	LasPistol_Item,ChainSword_Item		2	GovernorGuardCaptain
55a8c018a16248b7bc25885cc7f7f0ee	Sayonara_39lvl_RT_ExportedPregen			HumanRace	CriminalMale,PlayerAasimarPaladin01_Portrait		Player			StartGame_Pregen_Adept_VisualSettings,Character_VisualSettings	AeldariScout_LongRifle_Item,DeadshotSplinterRifle_Item	EnforcerCarapaceOrigin1_Item	11	Character
55abc67b9fdb4844b3a58c546d42b858	OfficersDeckWorker						CutsceneNeutrals			Footfall_Worker_VisualSettings			1	
55bd52b1b22f47349f42d4daea6c66f8	BackSceneArbitres					NewHumanBanditsArmy	CutsceneNeutrals	RangedCloseBaseBrain	ArbitesTrooper_CP		Bolter_Item_CutScn		1	
55cad45fe7a04ed7ae17d2b661946990	Footfall_FreakshowVictim02				RoleSpecialist1_Portrait	NewHumanBanditsArmy	CutsceneNeutrals,Mobs			Lair3RebelLeader_VisualSettings	Hellgun_Item	RadiantChestplate_Item	2	Lair3RebelLeader
561e16065b894ee9ac88169b9d85513e	Uralon41Pascal_ExportedPregen			HumanRace	Pascal_Portrait,PlayerAasimarPaladin01_Portrait		Player			CompanionPascalPrototype_VisualSettings,Character_VisualSettings	PowerSwordT2CH04_Item,FocusMelta_Item,OmnissiahAxe_Item,PlasmaRifle_Item	HeavyXenoMeshOrigin1_Item,EnforcerCarapace_Item,GuardFlakArmour_Item	4	PascalCompanion>CompanionPascalPrototype>Character
562cbd7db42d40eea2b852d4a5f64402	DemonSlaaneshDaemonette5_MarazhaiQ1				Daemonette_Portrait	NewDaemonArmy	Mobs	DemonSlaaneshDaemonette5_MarazhaiQ1_brain		DemonSlaaneshDaemonette_VisualSettings			3	
562cca3f2d074ecba86accf5e8f700bf	Drukhari_Sinestoria_Melee_Boss_MarazhaiQ2				ArchonBlackHeart_Portrait	NewDrukhariArmy	CutsceneNeutrals,Mobs	Drukhari_Sinestoria_Melee_Boss_brain,Drukhari_Nazrakey_MeleeRanged_Boss_brain,KabalitePositionalBaseBrain	RTSoldier_CP	DrukhariKabalite_VisualSettings	DrukhariIncubusKlaive_Sinestoria_Item,BlastPistolT2CH03_Item,VenomBladeT2CH04_Item,SplinterRifle_Item	KabaliteArmour_Item	4	Nazrakey>DyingKabalite>DrukhariKabalite
563ec63f082f413db7618b2e95bc7f36	OfficersDeckGuard2						HelpingPlayer	Officer_Brain		BridgeCrewMemberGuard_VisualSettings	LasgunUnlootable_Item		1	
5652649cd8ae45ac992fdef4c6694dc8	Footfall_Commoner2						CutsceneNeutrals		PlebMale_CP	Footfall_Commoner_VisualSettings			1	
56658ca3f888358498be961d1eda2e60	JungleWorldRebel					NewHumanImperiumArmy	Mobs	RangedPositionalBaseBrain	JanusRebel_Regular_CP	JungleWorldRebel_VisualSettings	Lasgun_Item		1	
566598ba5d904d0fb8031908d2f538fb	VoxMaster				VoxMaster_Portrait,BCT_HumanM_RebelLeaderBogul_Portrait	NewHumanImperiumArmy	CutsceneNeutrals,Mobs	JungleWorldRebelLeader_Bogul_Brain		JungleWorldRebelLeader_Bogul_VisualSettings	PatternT2ShurikenPistol_Item	GuardFlakArmour_Item	2	JungleWorldRebelLeader_Bogul
56711ea7370a4090b94a800bec6ce7a5	HaloDevice_Noble				Mutant1_Portrait	NewCreaturesArmy	CutsceneNeutrals,Mobs	Noble_HaloDevice_brain	NobleFemale_CP_Correct,NobleMale_CP_Correct	NobleInPalace_Female_VisualSettings,Character_smallWHTest_VisualSettings	SerratedKnife_HaloDeviceNoble_UnlootableItem	TempestusCarapaceOrigin1_Item	4	NobleInPalace_Female>NobleInPalace>Character_smallWHTest
56818fd6032643a39666f8fdffa2e581	SicarianRuststalker				Mutant1_Portrait	NewHumanAdMechArmy	Mobs			SicarianRuststalker_VisualSettings	TransonicBlade		1	
56879cd5c77c45edb19721502b818d22	DemonSlaaneshDaemonette3_MarazhaiQ1				Daemonette_Portrait	NewDaemonArmy	Mobs	DemonSlaaneshDaemonette3_MarazhaiQ1_brain		DemonSlaaneshDaemonette_VisualSettings			3	
56a7641eaed941f49d4583c4d82e94cb					BCT_Footfall_Male_Commoner02_Portrait		CutsceneNeutrals		PlebMale_CP	Footfall_AngryCommonerMelee_VisualSettings	Knife_Item		2	Footfall_AngryCommonerMelee
56bc5a4c14ae41bf90b85ee3b797b640	KibellahCompanion_Ch03_NPC_Despair			HumanRace	Kibellah_NoMask_Portrait,Argenta_Portrait,PlayerAasimarPaladin01_Portrait	HumanDeathWorldArmy	CutsceneNeutrals,Player			Kibellah_VisualSettings,CompanionArgentaPrototype_VisualSettings,Character_VisualSettings	DeathCultSword_Item,Bolter_Item,Flamer_Item	DeathCultBreastplate_Item,EnforcerLightCarapace_Item	4	KibellahCompanion>CompanionArgentaPrototype>Character
56c0155a432f4e8593bd542ca92c860c	Helbrute_MeleeRanged_UlfarQuest					NewDaemonArmy	Mobs	Helbrute_UlfarQuest_Brain		Helbrute_VisualSettings	HelbruteAutocannon_UlfarQuest_Item,HelbruteFist_UlfarQuest_Item		1	
56cbe4b7e11649d7beea25020b66dbff	1YrlietCompanion_Level27_CyrusParty_ExportedPregen			EldarStandardRace,HumanRace	Yrliet_Portrait,PlayerAasimarPaladin01_Portrait		Player			CompanionYrlietPrototype_VisualSettings,Character_VisualSettings	LongRifle_Item	EldarRangerArmour_Item	3	CompanionYrlietPrototype>Character
56d843114aae495cb3db837b181596dc	FW_Lower_Commoner						CutsceneNeutrals		FW_Lower_Commoner_CP	Footfall_TechPriest_VisualSettings			1	
56d955e5c8cc4a67b4180844e5732d72	Prisoner					NewHumanImperiumArmy	CutsceneNeutrals,Mobs			WildCannibalHeatmaster_VisualSettings	FlamerPistol_Item	HeavyLeathersArmour_Item	2	WildCannibalHeatmaster
5749139796bf4f71a72249e1229ffdf5	Amalgam_Worker						CutsceneNeutrals,Mobs			Character_MeleeWHTest_VisualSettings			3	Character_MeleeWHTest
575158ec84ed476cbc115c9ae8da6757	Zaurback						CutsceneNeutrals			Character_smallWHTest_VisualSettings			1	
57710820275e4a3280839c1849272248	ValanciusTechnomat				JungleWorldRebel_Portrait	NewHumanImperiumArmy,HumanFortressBornArmy	Friends,CutsceneNeutrals	RangedPositionalBaseBrain	BattleTechnomat_CP,ValantiusSoldier_CP	Footfall_TechPriest_VisualSettings,RogueTraderGuardPeaceful_VisualSettings	LasPistolUnlootable_Item,Lasgun_Item	GuardFlakArmour_Unlootable_Item,GuardFlakArmour_Item	2	RogueTraderGuardPeaceful
57c223a2fda84900bde650b466ced8d8	4y6_Idira_22lvl_PetRaven_ExportedPregen			HumanRace	Idira_Portrait,PlayerAasimarPaladin01_Portrait		Player			CompanionIdiraPrototype_VisualSettings,Character_VisualSettings	ChargedStaffItem,TelepathsStaff_Item,Autopistol_Item,Longlas_Item	PsychicBodyglove_Item,GuardFlakArmour_Item	3	CompanionIdiraPrototype>Character
57ca5d1e35204a6b9118da16a98f32ad	SideQuestSlyOfficial1					NewHumanBanditsArmy	CutsceneNeutrals	RangedPositionalBaseBrain		FootfallPirateSwarm_VisualSettings	AutogunM40_Item	ArmoredBodyglove_Item	1	
57ddd6824a7846c19bb7b72805884598	Lair3RebelRangedSwarm					NewHumanBanditsArmy	Mobs		PirateNoArmor_CP	Lair3RebelRanged_VisualSettings	SplinterPistol_Item	ArmoredBodyglove_Item	1	
5810828a65494b5d93246cfd8d625815	Bakula_45_Manipulus_ExportedPregen						Player			CompanionPascalPrototype_VisualSettings			1	
58418a6bb4b14eb98920bd747f97c311	SolomorneCompanion_27lvl_Overseer				SolomorneAnthar		Player	SolomorneCompanion_Enemy_Brain		Solomorne_VisualSettings	CombatShotgun_Item,PowerMaulT2_Item,Solomorne_Foehammer_Item,Solomorne_Shotgun_Item	ArbitesArmour_ItemTest,ReactivatorArmour_Item	2	SolomorneCompanion
5868b31e15254ac182a1488dc5a1d35d	PolygonTest_TurretNoShoot					NewMachineArmy	Mobs			PolygonTest_TurretNoShoot_VisualSettings	MutantSwordHands_Item	IncubusArmour_Item	1	
586a51efc7d945938a025fb4189b856b	TaintedStreetsTriumphCommonerM02				JungleWorldRebelSniper_Portrait		CutsceneNeutrals		PlebMale_CP	TaintedStreetsHostagesM_VisualSettings			1	
58792e359c8f48049c6cc04bf49e51b5	GenestealerLair04					NewGenestealersCultArmy	Mobs	Genestealer_TheLure_Hunt		Genestealer_VisualSettings	GenestealerScythingClaws		1	
587c005e0c704b24add2ec45b15088f9	Quetza-al_Yrliet				Yrliet_Portrait		CutsceneNeutrals	Yrliet_Brain		CompanionYrlietPrototype_VisualSettings	AeldariScout_LongRifle_Item,EldarChainSword_Item,ShurikenPistol_Item	EldarRangerArmour_Item	1	
588841c980cc42258f1c3ea019768945	Quetza-al_CivilMale						CutsceneNeutrals		QuetzaCivilian_Male_CP	Footfall_WorkerFeMale_VisualSettings		GuardFlakChestplate_Item	1	
589f5e1b8b98496483a93f2006dc65ac	Chorda				IndenciaChorda_Portrait		CutsceneNeutrals			Chorda_Companion_VisualSettings	PlasmaPistol_Item		1	
589ffea915f94a63b1eb63f7389b3e6e	DrukhariYremeriss_Incubus_unit					NewDrukhariArmy	CutsceneNeutrals	DrukhariYremeriss_Incubus_brain		DrukhariYremeriss_Incubus_VisualSettings	DrukhariIncubusKlaive_Item	IncubusArmour_Item	1	
58b2b6ed6b254ffdba877234bc9512c3	.DrukhariWrack_MeleeRanged_Lab01_TiP_Dialogue01				Haemonculus	NewDrukhariArmy	CutsceneNeutrals	DrukhariWrackLab_MeleeRanged_Brain		DrukhariWrack_VisualSettings	DrukhariHaemonculus_PistolSpecialClone_Item,DrukhariHaemonculus_HandsSpecialClone_Item	KabaliteArmour_Item	2	.DrukhariWrack_MeleeRanged_Lab01_TiP_Dialogue00
58f4220854434a7d9cc2d014dca1605d	MasterInfernus				Infernus		CutsceneNeutrals			GeneCultistMale_VisualSettings	AutopistolTier2_Item		1	
58f4a25ad701446c9c70f551a3c3d5d6	LT_Grandpa_Unique						CutsceneNeutrals			Footfall_Worker_VisualSettings			1	
594fde56ffa94214bc6e8845dad65d8f	3PascalCompanion_Level25_TesseraParty_ExportedPregen			HumanRace	Pascal_Portrait,PlayerAasimarPaladin01_Portrait		Player			CompanionPascalPrototype_VisualSettings,Character_VisualSettings	ThunderHammer_Item,PlasmaPistolT1CH2_Item,OmnissiahAxe_Item,PlasmaRifle_Item	HeavyXenoMeshOrigin1_Item,EnforcerCarapace_Item,GuardFlakArmour_Item	4	PascalCompanion>CompanionPascalPrototype>Character
59527f6c5ff94550ba2450b97a94f0a4	5Latyshev_Argenta_Arch_Augments_Level25_ExportedPregen			HumanRace	Argenta_Portrait,PlayerAasimarPaladin01_Portrait		Player			CompanionArgentaPrototype_VisualSettings,Character_VisualSettings	HeavyBolter_Item,ImperialPride_Bolter_Item,Bolter_Item,Flamer_Item	PirateChainmail_Item,EnforcerLightCarapace_Item	3	CompanionArgentaPrototype>Character
5990a9129d6648a68aa7b62ebe2cdc05	HumanCommissar_MeleeRanged_Prison_True				CommorraghCommissar_Portrait	NewHumanImperiumArmy	CutsceneNeutrals	HumanCommissar_MeleeRanged_Brain_True_Ranged			BoltPistol_CommissarSpecial_Item,ChainSword_CommissarSpecial_Item,BoltPistol_Item,EliteChainSword_Item	ArmoredBodyglove3_Item	11	
59ab436f8f3b427782483a93767e2679	DemonSlaaneshDaemonette_Melee_Ch04					NewDaemonArmy	Mobs	MeleeFlankerBaseBrain		DemonSlaaneshDaemonette_VisualSettings	DaemonetteClawBasic_UlfarQuest_Item		1	
59ac930deede42109dba14184cf7f3a7	EufratesCSM_Melee_unit			SpaceMarineStandardRace		NewChaosSpaceMarineArmy	Mobs	EufratesCSM_Melee_brain		ChaosSpacemarineLair1_VisualSettings	AstartesChainAxeT2_Item		1	
59dc38621801499a96b2d324b07f50b9	SlaaneshDaemonette_Melee_Perils					NewDaemonArmy	Mobs			DemonSlaaneshDaemonette_VisualSettings	DaemonetteClawBasic_UlfarQuest_Item		1	
59dfd8713660480e8945e929002edde8	AdministratumQueueMemberF3				JungleWorldRebel_Portrait		CutsceneNeutrals		NobleFemale_CP_Correct	Servant_VisualSettings			1	
59e9a2f3ca2850b45bad1fef132be338	HalfCrazyNavigator					HumanShrineWorldArmy	CutsceneNeutrals			HalfCrazyNavigator_VisualSettings	PlasmaRifle_Item	ArmoredBodyglove2_Item	1	
59f1584f8bf24856a7c60e6c35f10fe4	LT_Chaos_Beggar_Unique						CutsceneNeutrals		LT_Beggar_CP	Footfall_Worker_VisualSettings			1	
5a0b89a372404a32af6bf24e75a998c6	ArchMilitant				Mutant1_Portrait	NewHumanImperiumArmy	HelpingPlayer	ArchMilitant_Brain		YoungGuard_VisualSettings	MeltaPrologueUnlootable_Item		1	
5a3529e3962f4d508686ada8e8d1e246	YrlietCompanion_Ch02_TrueMid			EldarStandardRace,HumanRace	Yrliet_Portrait,PlayerAasimarPaladin01_Portrait		Player			CompanionYrlietPrototype_VisualSettings,Character_VisualSettings	LongRifle_Item	EldarRangerArmour_Item	3	CompanionYrlietPrototype>Character
5a3a17f652964e36b205cf83f6d3d755	Navigator_Pregen_Test			HumanRace	MercenaryNavigator,PlayerAasimarPaladin01_Portrait		Player			Character_VisualSettings	StubRevolverSingleShot_Item		12	Character
5a3de9b439a24260b5bbc108bdf13164	SoulMark_Chaos_Slave_4_Drukhari				BCT_HumanM_RebelLeaderBogul_Portrait	NewHumanImperiumArmy	CutsceneNeutrals,Mobs	JungleWorldRebelLeader_Bogul_Brain		JungleWorldRebelLeader_Bogul_VisualSettings	PatternT2ShurikenPistol_Item	GuardFlakArmour_Item	2	JungleWorldRebelLeader_Bogul
5a4033955d0343979fb2a422aa3c065c	Ch05Inquisitor_MeleeSwarm_unit					NewHumanAdMechArmy	CutsceneNeutrals	Inquisitor_Swarm_brain		JungleWorldRebelMeleeTough_VisualSettings	PlasmaPistol_Item		1	
5a5f360c41b44f979899806180009416	Exhibition_ChaosSpacemarine_Melee			SpaceMarineStandardRace	Spacemarine1_Portrait	NewChaosSpaceMarineArmy	Mobs	DarkApostleBrain		ChaosSpacemarineMelee_VisualSettings	Exhbition_FlamerPistol_Item,Exhibition_AstartesChainAxe_Item,AstartesChainAxe_Item		2	ChaosSpacemarineMelee
5a7734037e1b4a75b4b1120835b7697d	DW_Beast_Swarm_Unit					NewBeastLimpArmy	Mobs	DW_Beast_Swarm_Brain		DW_Beast_Swarm_VisualSetting			6	
5a7ec3f5545c4b13ae1bb0555b7923bc	FootfallAnver_MeleeRanged_Swarm					NewHumanBanditsArmy	Mobs	RangedRushBaseBrain	Anver_Common_CP	FootfallBandit_VisualSettings	Autopistol_Item,Axe_Item,ChainSword_Item		1	
5a84342a42454caaaf2947867a19bfe3	TreasureWorld_AmbullMother_CutSc					NewCreaturesArmy	CutsceneNeutrals	TreasureWorld_AmbullMother_Brain_Steps		Ambull_VisualSettings	TreasureWorld_AmbullMother_Claw		1	
5ad77da616be47e29797ae2cba2fb6d1	SlumsMutantPyromancer				RoleSpecialist1_Portrait	NewHumanImperiumArmy	Mobs			SlumsMutantPyromancer_VisualSettings		HeavyLeathersArmour_Item	1	
5adb1844a5014650886941a38e94f55b	JailPlanetoidPrisonerSwarm					NewHumanBanditsArmy	Mobs	PrisonerMelee_Brain	JailPlanetoidPrisoner_CP	JungleWorldRebelMeleeTough_VisualSettings	Knife_Item		1	
5add786b1391471e9bea7d5795959236	SolomorneCompanion_22lvl_OverseerNPC				SolomorneAnthar	NewHumanImperiumArmy	CutsceneNeutrals,Player	SolomorneCompanion_22lvl_OverseerNPC_Brain,SolomorneCompanion_Enemy_Brain		Solomorne_VisualSettings	Solomorne_Foehammer_Item,PatternShockBatonCh2_Item,Solomorne_Shotgun_Item	ReinforcedEnforcerCarapace_Item,ReactivatorArmour_Item	2	SolomorneCompanion
5ae662a882304a198376150da79548d6	GenestealerRanger_Ranged_PatriarchVisions_Swarm					NewGenestealersCultArmy	Mobs			TaintedStreetsCultistRangedHeavy_VisualSettings	LasgunT1CH02_Item,LasgunT2CH4_Item	Chainmail_Item	2	.GenestealerRanger_Ranged_PatriarchVisions_Hard
5ae86d44ebd64edfb110d18fb0908e90	LT_Servitor				Mutant1_Portrait		CutsceneNeutrals,Mobs			ServitorBaseMale01_VisualSettings,Character_smallWHTest_VisualSettings			2	Character_smallWHTest
5b02008c32d34ed7a888d030d8ac35ce	BoardedShip_Pirate_Gunner_Common_Unit					NewHumanBanditsArmy	Mobs	BoardedShip_Range_Brain	CommonPirate1_CP	FootfallPirate_VisualSettings	AutogunM40_Item	ArmoredBodyglove2_Item	1	
5b0ae8ba3edf48078a18cf1844066b29	Enforcers_CutSc_Sniper_VoidshipCrypt					NewGenestealersCultArmy	CutsceneNeutrals	GenestealerSniper_VoidshipCrypt_Brain	ValantiusEnforcerCarapace_CP	GeneCultistMale_VisualSettings	SniperRifle_Item_Cutscene_NewFX	ArmoredBodyglove2_Item	1	
5b138e01235641a58a09f748e21bed1c	FW_CulpritsBrazier					NewHumanImperiumArmy	Neutrals						1	
5b1ecd36de7d4632a9b907186d26f499	IdiraCompanionCh02Middle			HumanRace	Idira_Portrait,PlayerAasimarPaladin01_Portrait		Player			CompanionIdiraPrototype_VisualSettings,Character_VisualSettings	HellPistol_Item,ForceSword_Item,Autopistol_Item,Longlas_Item	ArmoredBodyglove_Item,GuardFlakArmour_Item	3	CompanionIdiraPrototype>Character
5b33071829b54e34b9958dfa3ffec52b	TarzusTechPriestStubcarbine_Technomat_Hunter					NewHumanAdMechArmy	CutsceneNeutrals	5TarzusMadTechPriestStubcarbine_Technomat_Hunter_brain		MadTechPriest_VisualSettings	Stubcarbine_Item	FlakVest2_Item	1	
5b5cff7d71b946a584865e2f05f46902	PlagueZombie_Melee_BlackShip_Sphere					NewHumanImperiumArmy	Mobs		Zombie_BlackShipGuard_CP	PlagueZombie_VisualSettings	PlagueZombie_Claws_Weapon		1	
5b5e6f828a724660b89917bad8c07c26	Lair3RebelLeader3					NewHumanBanditsArmy	Mobs	LeaderGunnerBrain		Lair3RebelLeader_VisualSettings	NullifyingShotgun_Item	HeavyLeathersArmour_Item	1	
5b680130eb8d445fa8fea254bc7906d5	Footfall_FreakshowVictim				RoleSpecialist1_Portrait	NewHumanBanditsArmy	CutsceneNeutrals,Mobs			Lair3RebelLeader_VisualSettings	Hellgun_Item	RadiantChestplate_Item	2	Lair3RebelLeader
5ba73a4183c24e909d691acabadc1db8	CombatServitorMultiMelta					NewHumanAdMechArmy	Mobs	CombatServitorHeavyBrain		CombatServitor_VisualSettings	ThermalMultiMeltaServitor_Item		1	
5bc8b3a8fb834977a3692a2325aff0f6	DLC3_DL_Inquisitor_Unit					NewHumanImperiumArmy	Mobs	DLC3_DL_Inquisitor_Normal_Brain,DLC3_DL_Inquisitor_ReactDamage_Brain		DLC3_DL_Inquisitor_VisualSettings	DLC3_DL_Inquisitor_ChainAxe_Item,DLC3_DL_Inquisitor_BoltPistol_Item	DLC3_DL_Inquisitor_Armor_Item	1	
5bccd516a5e14dbc8b4c3cbaadf5a095	PossessedSodierFireGrenadeRandomEncounter				BCT_Human_Male_Cultist1_Portrait	NewHumanImperiumArmy	Mobs	PossessedSodierGrenade_Brain	Technomat_CP	8PossessedSodierFireGrenadeRandomEncounter_VisualSettings	Autopistol_Item	GuardFlakArmour_Item	1	
5be35de965664d0d8c461c6c66804264	Gusev_Cassia_26lvl_ExportedPregen			HumanRace	Cassia_Portrait,PlayerAasimarPaladin01_Portrait		Player			CompanionCassiaPrototype_VisualSettings,Character_VisualSettings	BloodhoundNavigatorStaff,NeedleRifle_Item,Longlas_Item,Autopistol_Item	ArmoredBodyglove3_Item,GuardFlakArmour_Item	3	CompanionCassiaPrototype>Character
5bf996f0a5694e1a9044d5cc67fb737c	Latyshev_RT_Level25_SoldierAM_ExportedPregen			HumanRace	PlayerAasimarPaladin01_Portrait		Player			Character_VisualSettings	HuntingRifle_Item,FoehammerT2CH3_Item,ExpandedStubRevolver_Item	BreachersArmour_Item	2	Character
5c047420ca7f46c5933efae16a0c4693	VasiliyKassia_15LvL_ExportedPregen			HumanRace	Cassia_Portrait,PlayerAasimarPaladin01_Portrait		Player			CompanionCassiaPrototype_VisualSettings,Character_VisualSettings	StaffOfHouseOrsellio,Autopistol_Item,Longlas_Item	ArmoredBodyglove_Item,GuardFlakArmour_Item	3	CompanionCassiaPrototype>Character
5c0608ca2cd741359a934acdbd297203	BloodTrainingEnforcer						CutsceneNeutrals		BloodGuardEnforcer_CP,ValantiusEnforcerCarapace_CP	GeneCultistMale_VisualSettings,BridgeCrewMemberGuard_VisualSettings	DeathCultSword_Item,LasPistol_Item		2	OfficerDeckEnforcerOfficer
5c06ae4211a447f49e6defeafaaa9584	CommoraghArenaMarazhai1stFight			EldarStandardRace	Marazhai_Portrait	NewDrukhariArmy	Mobs	DrukhariWych_BaseBrain,Sybarite_Command_Brain	RTOfficer_CP	Marazhai_VisualSettings,DrukhariSybarite_VisualSettings	PoisonedHekatariiBlade_Item,EliteBlastPistol_Item	KabaliteArmourT2_Item	2	DrukhariSybarite
5c4d9279cb194f9b8150912183cf7c1b	TheEmperor_MeleeRanged_CultFinalDuel					NewHumanImperiumArmy	Mobs	TheEmperor_PhaseMental_Brain		TheEmperor_VisualSettings			1	
5c697eebaa37452e87cfc56fe32c203d	JungleWorldRebelWeak					NewHumanImperiumArmy	Mobs	RangedPositionalBaseBrain	JanusRebel_Regular_CP	JungleWorldRebel_VisualSettings	Autopistol_Item,Lasgun_Item		2	JungleWorldRebel
5c90768d95aa4adfbf1b6712a9fd90d7	Cassia_level47_Gamescom2024_ExportedPregen			HumanRace	Cassia_Portrait,PlayerAasimarPaladin01_Portrait		Player			CompanionCassiaPrototype_VisualSettings,Character_VisualSettings	WarpGuideStaff,SniperRifleT2CH4_Item,Longlas_Item,Autopistol_Item	SlickBodyglove_Item,GuardFlakArmour_Item	3	CompanionCassiaPrototype>Character
5cc932978b4c47f69e4d8e5cf98d272c	Exhibition_ChaosSpacemarine_Melee1			SpaceMarineStandardRace	Spacemarine1_Portrait	NewChaosSpaceMarineArmy	Mobs	DarkApostleBrain		ChaosSpacemarineMelee_VisualSettings	Exhbition_FlamerPistol_Item,Exhibition_AstartesChainAxe_Item,AstartesChainAxe_Item		2	ChaosSpacemarineMelee
5d37149b5cc74e46ab561e261889968d	StarPortPilot				Mutant1_Portrait	NewHumanImperiumArmy	CutsceneNeutrals,NeutralGuards			GovernorGuardCaptain_VisualSettings	LasPistol_Item,ChainSword_Item		3	StarPortSergeant>GovernorGuardCaptain
5d3c1bccdb974d5ea7f0645df3db6e91	StarPortSolider				BCT_Male_Lowerdecks_Guard_Portrait	NewHumanImperiumArmy	CutsceneNeutrals,HelpingPlayer	StarportAlly_Brain	Winterscale_Soldier_CP,ValantiusSoldier_CP	Guard_VisualSettings	Shotgun_Item	GuardFlakChestplate_Item	2	Guard
5d55255232e447d3a9f11e2875236c3d	APlayerRTLeader_Level31_TesseraParty_ExportedPregen_ExportedPregen			HumanRace	PlayerAasimarPaladin01_Portrait		Player			Character_VisualSettings		PirateChainmail_Item	2	Character
5d6c118831a244a6bd8a8d85202ecf9e	Footfall_RefugeeForgeWorld				BCT_Footfall_Male_Commoner02_Portrait		CutsceneNeutrals		Refugee_CP,PlebMale_CP	Footfall_AngryCommonerMelee_VisualSettings	Knife_Item		2	Footfall_AngryCommonerMelee
5d7b454772704f8dbbff8c83fe1dcd32	SideQuestPirate_Techpriest					HumanVoidBornArmy	CutsceneNeutrals	RangedCloseBaseBrain		SideQuestPirate_Techpriest_VisualSettings	ChainSword_Item	GuardFlakArmour_Item	1	
5d7ef3556f064f6d96c696f6c18c06e1	FailedClone_MeleeRanged_TheDoor					NewDrukhariArmy	CutsceneNeutrals			Farseer_VisualSettings	BleederClaws_Item		1	
5d858553a709444891fcee136c87479d	AbelardCompanion_Ch02_TrueStart			HumanRace	Abeliard_Portrait,PlayerAasimarPaladin01_Portrait		Player			CompanionAbelardPrototype_VisualSettings,Character_VisualSettings	OfficerChainSword_Item,Foehammer_Item,PowerMaul_Item,DeadShotStubRevolver_Item	GuardFlakChestplateOrigin1_Item,HeavyEnforcerCarapace_Item,EnforcerLightCarapace_Item	4	AbelardCompanion_1lvl>CompanionAbelardPrototype>Character
5ddceeaeb1db4b2589bc89fb8f250daa	Footfall_Noble				Mutant1_Portrait		CutsceneNeutrals,Mobs		NobleMale_CP_Correct	Character_smallWHTest_VisualSettings			3	NobleInPalace>Character_smallWHTest
5de030ee26e44b278e172fbcc5284a18	BoardedShip_OfficerLeader_Elite					NewHumanImperiumArmy	Mobs	BoardedShip_OfficerLeader_Brain		Footfall_EnforcerFemale_VisualSettings	BoardedShip_OfficerLeader_VenomBlade_Item	ArmoredBodyglove_Item	1	
5de6ee8d44b6c384bbf606ca9653c919	TrapActor_Lvl19						Traps			TrapActor_Lvl03_VisualSettings	TrapDagger_Lvl19,TrapDagger_Lvl03		2	TrapActor_Lvl03
5df055a2595540989189358ac606dcca	PeacefulServitorFemale1					NewHumanAdMechArmy	CutsceneNeutrals,Mobs	RushBaseBrain		ServitorBaseFemale01_VisualSettings,ServitorBaseMale01_VisualSettings	PincersServitorWeapon		3	MadServitor>Servitor_FWSH
5e18416d8c2840839d74bc63d1998d95	EnforcerPDChambersBefore					NewHumanImperiumArmy	HelpingPlayer	Officer_Brain	ValantiusSoldier_CP	BridgeCrewMemberNavyFemale_VisualSettings,BridgeCrewMemberGuard_VisualSettings	ShockBaton_Item,LasgunUnlootable_Item		2	OfficersDeckGuard
5e26c97934e642afb54277c26773b16d	FootfallBanditHitman					NewHumanBanditsArmy	Mobs	RangedPositionalBaseBrain	Bandit_Hitman_CP	FootfallBanditHitman_VisualSettings	Lasgun_Item	LeathersArmor_Item	1	
5e43bc768c59476591f19190e58ddb95	UnderhiveMelee					NewHumanImperiumArmy	CutsceneNeutrals		RaycadRebel_Unarmored_CP	UnderhiveMelee_VisualSettings	Knife_Item		1	
5e671ba008eb4e42b5713283e963e3bb	Q2_YoungerSister						CutsceneNeutrals			BridgeCrewMemberNavyFemale_VisualSettings	NeedlePistol_Item		1	
5e7a2c657f3f490688f27ee7d165e245	HaemonculusClone				BCT_FreakshowMutant01_Portrait	NewDrukhariArmy	Mobs			DrukhariSybarite_VisualSettings	Axe_Item		1	
5e90ac3e1a35475f8340f73cfa29ca42	InfernusDaughter					NewGenestealersCultArmy	Mobs	BGenestealerAcolyteHybridPowerPick_MeleeRanged_VoidshipBridge_brain		GeneCultistFemale_VisualSettings	BoltPistolT2CH04_Item,PowerPickT1CH4_Item,WebberCH4Unique_Item	HeavyRibSuit_Item	1	
5e92479da44b4db4874df843fc4c8819	FW_Hooded_One						CutsceneNeutrals			Footfall_Worker_VisualSettings			1	
5e9cc3ea84f443cb92bf1b3075ae9136	WorkerHope_KTC					HumanVoidBornArmy	CutsceneNeutrals			RabbleMelee_VisualSettings	Knife_Item		1	
5ea13ac437b744bbbed20db745827c64	LT_Beggar_Female						CutsceneNeutrals		LT_BeggarFemale_CP	Footfall_Worker_VisualSettings			1	
5ea226ac599e46299106bcf5519a5470	Falco				RoleSpecialist1_Portrait	NewHumanBanditsArmy	Mobs	FootfallSewers_Falco_MeleeRanged_brain		Lair3RebelLeader_VisualSettings	EliteBlastPistol_Item,ScorpionSting_VenomBlade_Item,Hellgun_Item	WychArmourT2_Item,RadiantChestplate_Item	2	Lair3RebelLeader
5eb133b8a28b44969985db66d5ab2df4	AbelardCompanion_Chapter1_Middle			HumanRace	Abeliard_Portrait,PlayerAasimarPaladin01_Portrait		Player			CompanionAbelardPrototype_VisualSettings,Character_VisualSettings	ChainSword_Item,StubRevolver_Item,PowerMaul_Item,Melta_Item	CeramiteStormTrooperCarapace_Item,HeavyEnforcerCarapace_Item,EnforcerLightCarapace_Item	4	AbelardCompanion>CompanionAbelardPrototype>Character
5eb421e1a824481ba5941c4a65a5f5fb	FeudalWorld_CyberLacerax_Melee_Unit					NewCreaturesArmy	Mobs	FeudalWorld_CyberLacerax_Melee_Brain		JungleBeast_VisualSettings	FeudalWorld_CyberLacerax_MeleeBite_Weapon,FeudalWorld_CyberLacerax_MeleeClaws_Weapon		1	
5ec393bf176b447e837f1fdeceeb65ba	NecronImmortal_PortalSummoned					NewNecronArmy	Mobs	NecronImmortal_PortalSummoned_brain		NecronImmortal_VisualSettings	NecronImmortalRange_Weapon,NecronImmortalMelee_Weapon		1	
5ec94f88e9484f41af066e4ce7afe3ac	PlayerRT19ChapelPsyker_ExportedPregen			HumanRace	PlayerAasimarPaladin01_Portrait		Player			Character_VisualSettings	OfficerChainSword_Item,Foehammer_Item,SniperRifle_Item	Synskin_Item	2	Character
5ed5c99b24174147b4493d4a921062ef	OfficerDeckGuest_Female				Mutant1_Portrait		CutsceneNeutrals,Mobs		NobleFemale_CP_OfficerDeck,NobleFemale_CP_Correct,NobleMale_CP_Correct	NobleInPalace_Female_VisualSettings,Character_smallWHTest_VisualSettings			4	NobleInPalace_Female>NobleInPalace>Character_smallWHTest
5efd3cd8f34f4aa6ab40a08efc191c1d	IdiraCompanion_Ch04_Lvl40			HumanRace	Idira_Portrait,PlayerAasimarPaladin01_Portrait		Player			CompanionIdiraPrototype_VisualSettings,Character_VisualSettings	DivinersStaff_Item,HellPistol_Item,SniperRifle_Item,Autopistol_Item	PsychicBodyglove_Item,ArmoredBodyglove_Item,GuardFlakArmour_Item	4	IdiraCompanion>CompanionIdiraPrototype>Character
5f12c3037d7a4b298ba5456dee8a75a8	FootfallAnverArsonistGrenade_Ranged_Common				BCT_BanditMaleAnverNoArmor01_Portrait	NewHumanBanditsArmy	Mobs	AnverArsonist_Brain	Anver_Common_CP	FootfallBanditArsonist_VisualSettings	Shotgun_Item		1	
5f13a7cd657240b595bb88bec5de6443	MB_Old_Officer_Son						CutsceneNeutrals						1	
5f1d70b0ec474628b51a23fc2a7a0a33	DrukhariWych_Dargonus_Melee					NewDrukhariArmy	Mobs	DrukhariWychMelee_Brain	RTWyches_CP	DrukhariWychFemale_VisualSettings	PoisonedHekatariiBlade_Item	WychArmour_Item	3	
5f393bd508864d0caa0d0bf1448425e2	DLC3_OP_Xenarite_Worker_Unit					NewHumanAdMechArmy	NeutralGuards		LT_Worker_CP	Footfall_Worker_VisualSettings	DLC3_OP_Xenarite_Worker_ChainSaw_Item		1	
5f4987a24cdb4512b37cb5eb8cabf6be	1AbelardCompanion_Level42_OlegParty_ExportedPregen			HumanRace	Abeliard_Portrait,PlayerAasimarPaladin01_Portrait		Player			CompanionAbelardPrototype_VisualSettings,Character_VisualSettings	AutoStriking_PowerSword_Item,Malivolent_PowerAxe_Item,AnverChainSword_Item,ChainSwordCH1Unique_Item	RadiantChestplate_Item,EnforcerLightCarapace_Item	3	CompanionAbelardPrototype>Character
5f4f31f9651a4a09b6ad73d273ea24e7	FootfallDrusianPreacher				RoleSpecialist1_Portrait	NewHumanBanditsArmy	CutsceneNeutrals,Mobs		DrusianPreacher_CP	Lair3RebelLeader_VisualSettings	Hellgun_Item	ArmoredBodyglove_Item,RadiantChestplate_Item	2	Lair3RebelLeader
5f597c683c2048de9f0b6b2e45de3fb1	1Latyshev_Level45_Chaos_Winterscale_ExportedPregen				Winterscale_Portrait		Player			Winterscale_Companion_VisualSettings	AutoStriking_PowerSword_Item,Malivolent_PowerAxe_Item,WebberT2CH4_Item	Fleshbreaker_PowerArmor_Item	2	
5f5b2de325eb4aabb155b8446cd4a1e3	CultistPsyker_Ranged_OfficersDeck				JungleWorldRebelOfficerMelee_Portrait		CutsceneNeutrals	CultistPsyker_Ranged_Brain		JungleWorldRebelLeutenant_VisualSettings	PsyFocusStaff_Item		1	
5f6a8b455fd94289bcdd276a844d5736	ItsTime_Afterlight_BossSummon					HumanShrineWorldArmy	Mobs	NaviRadicalLeaderBrain		NaviRadicalLeader_VisualSettings	ChainSword_Item	GuardFlakArmour4_Item	2	
5fc80452fb6a4e2db02cd0a305715446	DLC3_DL_Sororitas_HBolter_Unit					NewHumanImperiumArmy	Mobs	DLC3_DL_Sororitas_HBolter_Brain,DLC3_DL_Sororitas_HBolter_Brain_ReactDamage		DLC3_DL_Sororitas01_VisualSettings	DLC3_DL_Sororitas_HeavyBolter_Item	DLC3_DL_Sororitas_Armor_Item	1	
5fd444bee33c4f5ca4c72afab7702881	Krieg_Engineer_MeleeRanged_Exhibition					NewHumanImperiumArmy	Mobs	Krieg_Engineer_MeleeRanged_Exhibition_Brain,Krieg_Grenadier_Ranged_Exhibition_Brain,.Krieg_Watchmaster_MeleeRanged_Exhibition_Brain,Krieg_Commissar_MeleeRanged_Exhibition_Brain		SpecialGuard_VisualSettings	Krieg_ShotgunCh4_Item,Krieg_Lasgun_Item,Krieg_ChainSwordT2CH4_Item,Krieg_LasPistolT1CH04_Item	Krieg_HeavyArmor_Item,Krieg_MediumArmor_FlakChestplate_Item	4	Krieg_Grenadier_Ranged_Exhibition>Krieg_Watchmaster_MeleeRanged_Exhibition>Krieg_Commissar_MeleeRanged_Exhibition
5fdd752eeaa6486bbd0fdf6b17d70b8a	CannibalGirlScout					NewHumanImperiumArmy	CutsceneNeutrals,Mobs				Shotgun_Item,ShredderShotgun_Item	ScrapChainmail_Item,CasingChestplate_Item	2	WildCannibalLeader
5fede9a0894b4791acc8fc70d4006e7b	LT_SF_CutSc_Enforcers_Bolter					NewGenestealersCultArmy	CutsceneNeutrals	GenestealerSniper_VoidshipCrypt_Brain	ValantiusEnforcerCarapace_CP	BridgeCrewMemberNavy_VisualSettings	Bolter_VoidCrypt_Cutscene	ArmoredBodyglove2_Item	1	
5ff861acebec4773b886be99b7ea3704	FW_WineMan						CutsceneNeutrals			Footfall_Worker_VisualSettings			1	
600c363acc1042f2a1a77c2ecb58e820	DemonScreamer_Melee_HeinrixQuest					NewDaemonArmy	Mobs	DemonScreamer_HeinrixQuest_Brain		DemonScreamer_VisualSettings	DemonScreamer_BiteCh02_Item		1	
6049f6f057264e668f804a520838e816	DLC3_DL_SeberianVonValancius				SeberianBionics	NewHumanImperiumArmy	HelpingPlayer	DLC3_DL_SeberianVonValancius_Brain,Ancestor_MeleeRanged_Brain		OurCrewGuard_VisualSettings	DLC3_DL_Ancestor_InfernoPistol_Item,DLC3_DL_Ancestor_Knife_Item,InfernoPistolT2CH04_Item,AeldariForceSword_Item		2	Ancestor_MeleeRanged
607633048c204abbbc99b497134297db	VP_Prefect				Prefect	NewHumanBanditsArmy	CutsceneNeutrals	RangedCloseBaseBrain		ServantFemale_VisualSettings	Knife_Item	LeathersArmor_Item	1	
607722ee57c249018ddf603d78836bd3	CorruptedMagosOrdinator				Mechanicus1_Portrait	NewHumanAdMechArmy	Mobs			CorruptedMagosOrdinator_VisualSettings	CombatShotgun_Item	CasingChestplate_Item	1	
60aaace9d16f405aa9355ca5fa005735	RE_BridgeUnique_ArmoredZombie					NewHumanImperiumArmy	Mobs	RE_Zombie_Brain	Zombie_Enforcer_CP	PlagueZombieFighter_VisualSettings	RE_BridgeUnique_Zombie_Hands	GuardFlakChestplate_Item	1	
60b3a2af3144b6b4487e7ff970fbed7d	HalfCrazyServiceman				JungleWorldRebelMelee_Portrait		CutsceneNeutrals		NaviCrewSailor_CP	HalfCrazyServiceman_VisualSettings	Autopistol_Item	ArmoredBodyglove_Item	1	
60d35aaa53f6411bb05e8abdd4ec87e3	Ch05Inquisitor_Ulfar_unit			SpaceMarineStandardRace	Ulfar_Portrait	NewSpaceMarineArmy	CutsceneNeutrals	Inquisitor_Ulfar_brain		UlfarCompanion_VisualSettings	AstartesBoltPistol_Item,FrostAxe_Item,AstartesBolter_Item	UlfarArmor_Item	1	
60e6ef21c5aa417fb145e5605314d6ae	Necron_Deathmark_Trazyn_DLC3_NoReanimation					NewNecronArmy	Mobs	NecronDeathmark_Brain		NecronDeathmark_VisualSettings	NecronDeathmarkRanged_Exhibition_Item,NecronDeathmarkRanged_Epitaph_Item,NecronDeathmarkRange_Weapon		3	NecronDeathmark_Ranged_Epitaph>NecronDeathmark_Prototype
60f6ed3eb4404d4897c2903b2dd92108	EnforcerPDChambers					NewHumanImperiumArmy	HelpingPlayer	Officer_Brain	ValantiusSoldier_CP	BridgeCrewMemberNavyFemale_VisualSettings,BridgeCrewMemberGuard_VisualSettings	ShockBaton_Item,LasgunUnlootable_Item		2	OfficersDeckGuard
60f8f335ecd848e288821cf33ee8c370	TarzusServitor_Melee					NewHumanAdMechArmy	CutsceneNeutrals	RushBaseBrain		ServitorBaseMale01_VisualSettings	PincersServitorWeapon		1	
60fd87a999a64269a9c1d11ee2554abc	DrukhariWychGunslinger				JungleWorldEldarRanger_Portrait	NewDrukhariArmy	Mobs	DrukhariWych_BaseBrain	RTWyches_CP	DrukhariWychGunslinger_VisualSettings	SplinterPistol_Item	WychArmour_Item	1	
6143b9b43426454e9c996aed97917cb3	ItsTime_MarauderSniper					NewHumanCultistsArmy	CutsceneNeutrals	RangedSniperBrain		JungleWorldRebelMeleeTough_VisualSettings	SniperRifleT2CH4_Item		1	
61585f65831d4e40a8b53d2f5d3bba70	TalosPainEnginePrototype					NewDrukhariArmy	Mobs			DrukhariTalosPainEngine_VisualSettings	TalosChainFlails_Item,TalosTwinLiquifierGun_Item,TalosStingerPod_Item		1	
61761d2a2d1b47719d48e863c09dbd8d	OfficersDeckGuard_BathMale					NewHumanImperiumArmy	HelpingPlayer	Officer_Brain	ValantiusSoldier_CP	BridgeCrewMemberGuard_VisualSettings	LasgunUnlootable_Item		2	OfficersDeckGuard
6176bbc9298646d9a371999be2f02e64	StartGame_Pregen_Fighter			HumanRace	AdeptusMinistorumFemale,PlayerAasimarPaladin01_Portrait		Player			StartGame_Pregen_Fighter_VisualSettings,Character_VisualSettings	Sword_Item		7	Character
61775e9ead174f4795aecaf1d88e5d3f	PlayerRTSoldierHunter_Ch05_TrueStart			HumanRace	RogueTraderMaleCommissaryPortrait,PlayerAasimarPaladin01_Portrait		Player			Character_VisualSettings	SarragusHeavyBolter_Item,LonglasExitus_Item	KasrkinArmour_Item	5	Character
617c4afcbca54a77bee1ae302ceff21e	FootfallBanditRingleaderWarehouse					NewHumanBanditsArmy	Mobs	RangedPositionalBaseBrain		0FootfallBanditRingleaderWarehouse_VisualSettings	AutogunM40_Item	Chainmail_Item	1	
617f1c44c2fa4a73a988c8ca5f4decec	3GenestealerAcolyteHybrid_MeleeRanged_VoidshipBridge					NewGenestealersCultArmy	Mobs	9GenestealerAcolyteHybrid_MeleeRanged_VoidshipBridge_brain	GenestealerAcolyte2MeleeRanged_CP	Acolyte_v1_VisualSettings	LasPistolAcolyteT1CH04_Item,ToxicKnifeAcolyteCH04_Item	ArmoredBodyglove4_Item	1	
618ba39ba0fc480da380ad472cca70ba	VC2_LordsDaughter			HumanRace		NewHumanImperiumArmy	CutsceneNeutrals	VC2_LordsChild_Brain		NobleInPalace_Female_VisualSettings	SniperRifleT2CH4_Item_Unlootable	-ArmoredBodyglove2_BoardedShip_Unlootable_Item	1	
61a5300a98cb41e88c9cc67faded6d1b	YanusRepresentative_Leader				Mutant1_Portrait		CutsceneNeutrals,Mobs		NobleMale_CP_Correct	Character_smallWHTest_VisualSettings			3	NobleInPalace>Character_smallWHTest
61b8c9ccf2cc4dd487d7c65c2666f12e	Lair4OurCrewCutSc						CutsceneNeutrals		ValantiusSoldier_CP	BridgeCrewMemberGuard_VisualSettings	Lasgun_Item	GuardFlakChestplate_Item	1	
61e825938f2c4716abdd34442659c413	CultistTzeentchPortal02Holder				BCT_Human_Male_Cultist3_Portrait	NewHumanCultistsArmy	Mobs	TzeentchCultistPortalHolder_Brain		CultistRange_VisualSettings		ScrapChainmail_Item	2	
61fa3e7bf2c44545aaaa9899ae7d688a	FootfallPirateServitor					NewHumanAdMechArmy	CutsceneNeutrals	CombatServitorHeavyBrain		CombatServitor_VisualSettings	ThermalMultiMeltaServitor_Item		1	
620449fda7e8446186aec7bb7f5ee377	QuarryWorld_GuardF					NewHumanImperiumArmy	CutsceneNeutrals		Mines_Guard_CP	Footfall_Commoner_VisualSettings	StubRevolver_Item,ShockBaton_Item	GuardFlakArmour_Item	1	
6221f830eb074ffc9d88a96bab5f0848	IdiraPsyker_Imperium_AstropathicChapelCH2					NewDaemonArmy	Mobs			IdiraGhost_VisualSetting	ImperialStaff_Item	HeavyLeathersArmour_Item	1	
627d802679f5435aa863c37e59857098	CorruptedSkitariiAlphaAuto_Ranged					NewHumanAdMechArmy	Mobs	RangedPositionalBaseBrain		CorruptedSkitari_VisualSettings	Stubcarbine_Item		1	
62993e94d1194cb7a07345e668480ea6	4y6_Idira_35lvl_ExportedPregen			HumanRace	Idira_Portrait,PlayerAasimarPaladin01_Portrait		Player			CompanionIdiraPrototype_VisualSettings,Character_VisualSettings	ChargedStaffItem,TelepathsStaff_Item,Autopistol_Item,Longlas_Item	PsychicBodyglove_Item,GuardFlakArmour_Item	3	CompanionIdiraPrototype>Character
62b1e3e71b1b4758b0adff8e8615ff4a	Karael				ArchonBlackHeart_Portrait	NewDrukhariArmy	CutsceneNeutrals,Mobs	Drukhari_Karael_Melee_brain,Drukhari_Nazrakey_MeleeRanged_Boss_brain,KabalitePositionalBaseBrain	RTSoldier_CP	DrukhariKabalite_VisualSettings	VenomBladeKabalite_Item,BlastPistolT2CH03_Item,VenomBladeT2CH04_Item,SplinterRifle_Item	KabaliteArmour_Item	4	Nazrakey>DyingKabalite>DrukhariKabalite
62c80e2ed35434441a71a093a79eaf5b	TrapActor_Lvl06						Traps			TrapActor_Lvl03_VisualSettings	TrapDagger_Lvl06,TrapDagger_Lvl03		2	TrapActor_Lvl03
62d05c71454d4e7fa7b3d7b4884e84bf	StarportRebelMeleeBully1					NewHumanImperiumArmy	Mobs	StarportRebelBully_Brain	RaycadRebel_Normal_CP	JungleWorldRebelMeleeTough_VisualSettings	ShockBaton_Item	CarapaceChestplate_Item	1	
62e5b8ad08ad48bc8ffd4ab2059500d3	StarportRebelLaspistol					NewHumanImperiumArmy	Mobs	RangedPositionalBaseBrain	RaycadRebel_Unarmored_CP	JungleWorldRebelMeleeTough_VisualSettings	LasPistol_Item		1	
6325f27405ed4b5abca21d38cf0222d7	Kibellah28lvl_ExportedPregen			HumanRace	Argenta_Portrait,PlayerAasimarPaladin01_Portrait		Player			CompanionArgentaPrototype_VisualSettings,Character_VisualSettings	PowerClaymoreT1_Item,SerratedGreatSword_Item,Bolter_Item,Flamer_Item	EnforcerLightCarapaceOrigin1_Item,EnforcerLightCarapace_Item	3	CompanionArgentaPrototype>Character
635279cfe14a40698c860cc6117022eb	Herald4						CutsceneNeutrals			ServoSkullHerald_04_VisualSettings,ServoSkullRogueTrader_VisualSettings			2	HeraldPrototype
635979022b4c4e85a31a138f390a80d4	DrukhariHekatrixPrototype				JungleWorldEldarRanger_Portrait	NewDrukhariArmy	Mobs	DrukhariWych_BaseBrain		DrukhariHekatrix_VisualSettings	VenomBladeKabalite_Item	WychArmour_Item	1	
638ab19bfae74bb99dacc93e7d6fe7f3	Ch04Chorda_Pyromancer_unit				JungleWorldRebelOfficerMelee_Portrait	NewHumanImperiumArmy	CutsceneNeutrals	Ch04_Pyromancer_brain		JungleWorldRebelMeleeTough_VisualSettings	StaffofEndlessFlame_Item	LeathersArmor_Item	1	
638ec33644b64042bc064269f26538db	Footfall_Octaviana_Ch04				OctavianaBarmen		CutsceneNeutrals		PlebMale_CP	Footfall_Commoner_VisualSettings			2	Footfall_Commoner
63929b67a59443448bd997992f77bf63	JaeGuard_Kor					NewHumanImperiumArmy,NewHumanBanditsArmy	NeutralGuards,Mobs	RangedRushBaseBrain	JaeBandit_CP,Anver_Common_CP	FootfallBandit_VisualSettings	Lasgun_Item,Axe_Item,ChainSword_Item,Autopistol_Item		3	JaeGuard>FootfallAnver_MeleeRanged_Swarm
63977e8579f64e26b368e3d9bc3ffd2e	DemonScreamer_Melee_Ch04					NewDaemonArmy	Mobs	DemonScreamer_Ch04_Brain		DemonScreamer_VisualSettings	DemonScreamer_Bite_Item		1	
6398f0a648504d27bdf90f23c6aeea51	4YrlietCompanion_Level25_MikandraParty_ExportedPregen			EldarStandardRace,HumanRace	Yrliet_Portrait,PlayerAasimarPaladin01_Portrait		Player			CompanionYrlietPrototype_VisualSettings,Character_VisualSettings	LongRifle_Item	EldarRangerArmour_Item	3	CompanionYrlietPrototype>Character
63dc3c72d3c9489484b583ac558e6839	HorrorOfTzeentchIdiraQ1_Blue_Melee					NewDaemonArmy	Mobs	BlueHorrorMacrocannonBrain		DemonHorror_Blue_VisualSettings	TalonedHands_Item		1	
63de72f07f31412d81e0a0675d1b7e4e	Fabricator					NewHumanAdMechArmy	Mobs	FabricatorBrain		DarkMechanicum_VisualSettings	ArcRifleT2_Item,Fabricator_OmnissiahAxe_LootItem,Fabricator_OmnissiahAxe_Item,ChainAxeT2CH02_Item		1	
63e4b243e9864f81b6fdd1efe3a6076a	.Executioner_ForMarketing_Pregen_ExportedPregen			HumanRace	ImperialNavyMale,Heinrix_Portrait,PlayerAasimarPaladin01_Portrait		Player			CompanionHeinrixPrototype_VisualSettings,Character_VisualSettings	ChainGreatAxe_Item,Flamer_Item,ForceSword_Item,InfernoPistol_Item	ArmoredBodyglove_Item,GuardFlakArmour_Item	4	HeinrixCompanion>CompanionHeinrixPrototype>Character
63ec2358259f418a83bb3dea0f7283f9	.4y6_Yrliet_27lvl_ExportedPregen_ExportedPregen			EldarStandardRace,HumanRace	Yrliet_Portrait,PlayerAasimarPaladin01_Portrait		Player			CompanionYrlietPrototype_VisualSettings,Character_VisualSettings	JaeQuest_LongRifle_Item,LongRifle_Item	EldarRangerArmour_Item	3	CompanionYrlietPrototype>Character
63f79e80239a4cf7813bcf58e00d2ca2	BoardedShip_Pirate_Gunner_Hard_Unit					NewHumanBanditsArmy	Mobs	BoardedShip_Range_Brain	StrongPirate1_CP	FootfallPirate_VisualSettings	Stubcarbine_Item	ArmoredBodyglove2_Item	1	
641063dbd7544d6eace4138be461dffa	YoungSacrifice						CutsceneNeutrals			GeneCultistMale_VisualSettings,BridgeCrewMemberNavy_VisualSettings	PlasmaPistol_Item		3	DemagoguePleb>Confessor_Void
64140ab047ed4371a9bf17a6e418d55e	Guard_Serjant_Male				BCT_RTPalaceGuard_Male_Portrait,BCT_Human_Male_PalaceGuard1_Portrait	NewHumanImperiumArmy	NeutralGuards,Mobs	RangedSniperBrain	JanusCorruptedEnforcer_CP	Corrupted_GovernorGuard_VisualSettings	Lasgun_Item,AutogunM40_Item	GuardFlakChestplate_Item,GuardFlakArmour_Item	2	Corrupted_GovernorGuard
6432d6b1b2004bf0b3a06baca558db8a	VC2_Cardinal					NewHumanImperiumArmy	CutsceneNeutrals	VC2_Cardinal_Brain		VC2_Lord_Male_VisualSetting	ChainSwordT2CH4_Item_Unlootable	-ArmoredBodyglove2_BoardedShip_Unlootable_Item	1	
644fca5187d74ec0b13df15e2228db50	MB_Technomat						CutsceneNeutrals		MB_Technomat_CP				1	
646fe788c45a4c00bc004fa78038d9e2	StarportRebelAgitator					NewHumanImperiumArmy	Mobs	StarportAgitator_Brain		JungleWorldRebelMeleeTough_VisualSettings	SwordT1CH01_Item,Lasgun_Item	ArmoredBodyglove_Item	1	
64ab23fea93f4debaa9b199cee1fc0fc	Ch04Vladaym_RangeGuard_unit				JungleWorldRebelOfficerMelee_Portrait	NewHumanImperiumArmy	CutsceneNeutrals	Ch04_RangeGuard_Brain	VladaymEnforcer_CP	JungleWorldRebelMeleeTough_VisualSettings	LasgunT2CH4_Item	VoidsmenArmour_Item	1	
64bff5fdf3744b21b1b4073bd64875d9	LT_Tolimans						CutsceneNeutrals		LT_Toliman_CP	BridgeCrewMemberNavy2_VisualSettings	LasPistol_Item		1	
64c3bdca5a07408cb0d87fb9aa935bfd	NavisNobilite_Sniper					HumanFortressBornArmy	CutsceneNeutrals	NavisNobilite_SniperBrain		NavisNobilite_VisualSettings	SniperRifle_Item,ChainSword_Item	GuardFlakChestplate_Item	1	
64f0231a60b54f59bcaa861c4b616bba	AbelardCompanion_Lvl40_Bakula_ExportedPregen			HumanRace	Abeliard_Portrait,PlayerAasimarPaladin01_Portrait		Player			CompanionAbelardPrototype_VisualSettings,Character_VisualSettings	GreatSwordT2_Item,NeedlePistol_Item,PowerMaul_Item,Melta_Item	GladiatorsMeshArmour_Item,EnforcerLightCarapace_Item	3	CompanionAbelardPrototype>Character
64f0594a1d774e139a3e6f08b895bc8e	Enforcer_Ranged_Common					NewHumanImperiumArmy	HelpingPlayer	RangedRushBaseBrain	GuardRichMale_CP	Footfall_EnforcerFemale_VisualSettings	BoltPistol_Item	ArmoredBodyglove2_Item	1	
64f2ab5d993844d69bca91503ac654be	DrukhariPilot					NewDrukhariArmy	Mobs	DrukhariLeaderF_GrandSpectacle_brain		DrukhariKabalite_VisualSettings	ShardcarbineT2CH04_Item,SplinterRifleKabalite_Item		2	DrukhariLeaderF
650cc599432f41929f62de7363ee8f7b	Latyshev_Jae_GS_Level25_ExportedPregen			HumanRace	Jae_Portrait,PlayerAasimarPaladin01_Portrait		Player			CompanionJaePrototype_VisualSettings,Character_VisualSettings	ShurikenPistol_Item,SplinterPistol_Item,Hellgun_Item,SniperRifle_Item	Synskin_Item,EnforcerLightCarapace_Item	3	CompanionJaePrototype>Character
651eab55f0a14af093ee0406ebdf197c	WildCannibalRangeSwarm					NewHumanImperiumArmy	Mobs			WildCannibalRangeSwarm_VisualSettings	StubRevolver_Item	HeavyLeathersArmour_Item	1	
65296659ebef4f47b0c81d551e9fd894	.DrukhariWrack_MeleeRanged_Lab02_TiP_Dialogue03				Haemonculus	NewDrukhariArmy	CutsceneNeutrals	DrukhariWrackLab_MeleeRanged_Brain		DrukhariWrack_VisualSettings	DrukhariHaemonculus_PistolSpecialClone_Item,DrukhariHaemonculus_HandsSpecialClone_Item	KabaliteArmour_Item	2	.DrukhariWrack_MeleeRanged_Lab01_TiP_Dialogue00
6531e38b11e8460fa9b6db0c01689e42	NavisNobilite_Ranged_LasgunGuardFemale					NewHumanImperiumArmy	CutsceneNeutrals	RangeNNStation_brain	OrsellioLoyal_Soldier_CP	NavisNobiliteFemale_VisualSettings	Lasgun_Item	GuardFlakChestplate_Item	1	
65636e47aafd47399c479ebf49153985	Master_PsykerPsyberRaven_PetUnit				PsyberRaven	NewPetArmy	Player			Raven_VisualSettings			5	
656ade72e8c848699387588d99bca562	FootfallAnverCharger_Melee_Swarm					NewHumanBanditsArmy	Mobs		Anver_Plated_CP	FootfallBanditHeavy_VisualSettings	AxeT2_Item	ScrapChainmail_Item	1	
657932fa896b479fb0a62d5f09919e35	Abelard_50_HardlightLab_ExportedPregen			HumanRace	Abeliard_Portrait,PlayerAasimarPaladin01_Portrait		Player			CompanionAbelardPrototype_VisualSettings,Character_VisualSettings	ThunderHammerT2_Item,PatternShotgunCh3_Item,PowerMaul_Item,Melta_Item	PurityOfHumanity_PowerArmor_Item,EnforcerLightCarapace_Item	3	CompanionAbelardPrototype>Character
659f4cbf08a04069b482dbdb52e996bd	HumanTraitor_Ranged_DeathCultTrials_Male					NewHumanBanditsArmy	CutsceneNeutrals		HumanTraitor_Female_CP	GeneCultistMale_VisualSettings	StubRevolver_Item,ScrappyAutopistol_Item,LasPistol_Item	CarapaceChestplate_Item	1	
65a89ea68d1d4c168e0d88c580006d21	FW_Lizzy			HumanRace	Maive,PlayerAasimarPaladin01_Portrait		CutsceneNeutrals,Player			Lizzy_VisualSettings,Character_VisualSettings			2	Character
65b78875af9240d195c2f3aaaaa5ff41	AbelardCompanion_Gamescom			HumanRace	Abeliard_Portrait,PlayerAasimarPaladin01_Portrait		Player			CompanionAbelardPrototype_VisualSettings,Character_VisualSettings	Knife_Item,SniperRifle_Item,PowerMaul_Item,Melta_Item	EnforcerCarapace_Item,HeavyEnforcerCarapace_Item,EnforcerLightCarapace_Item	4	AbelardCompanion>CompanionAbelardPrototype>Character
65c4794b0a6b4c1d82973d5f0f898553	NurgleAmbushZombie_RandomEncounter					NewHumanImperiumArmy	Mobs		Zombie_VoidWorker_CP	PlagueZombieFighter_VisualSettings	Knife_Item,MutantSwordHands_Item		2	PlagueZombieFighter
65d4ecad008945408ba6fd60ef0ffe83	Cassia_Level40_VasiliyPreset_ExportedPregen			HumanRace	Cassia_Portrait,PlayerAasimarPaladin01_Portrait		Player			CompanionCassiaPrototype_VisualSettings,Character_VisualSettings	StaffOfHouseOrsellio,Longlas_Item,Autopistol_Item	HeadhunterLightCarapace_Item,GuardFlakArmour_Item	3	CompanionCassiaPrototype>Character
65e9370241dc41489f37477dcbe53752	JungleWorldRebelBlinder					NewHumanImperiumArmy	Mobs	BlinderRanged_Brain	JanusRebel_Diversant_CP	JungleWorldRebelBlinder_VisualSettings	Autopistol_Item	CarapaceChestplate_Item	1	
66109c8627a84568ab9190a8c7745d7a	Ch01_SpacePirateVendorMasked				BCT_PirateFuneral_ChiefOfficer_Portrait		CutsceneNeutrals		PlebMale_CP	Footfall_Commoner_VisualSettings			2	Footfall_Commoner
6610e74f9d034f499cb041bf11b4b682	LT_DeathCultist_Female						CutsceneNeutrals			GeneCultistFemale_VisualSettings	Knife_Item		1	
6617bca032d34b0c82b7da3751d8bcab	Footfall_RichCommonerFemale						CutsceneNeutrals		NobleFemale_CP_Correct	Footfall_CommonerFemale_VisualSettings			1	
663e7a7362bb4b659b26d1ec42a2a650	EngineMaster_MB				BCT_HumanM_RebelLeaderBogul_Portrait	NewHumanImperiumArmy	CutsceneNeutrals,Mobs	JungleWorldRebelLeader_Bogul_Brain		JungleWorldRebelLeader_Bogul_VisualSettings	PatternT2ShurikenPistol_Item	GuardFlakArmour_Item	2	JungleWorldRebelLeader_Bogul
666a4d0cb1624afa882bcc25fa5f077f	Tanakia						CutsceneNeutrals			Tanakia_VisualSettings,Character_smallWHTest_VisualSettings	SerratedKnife_Item		2	Zaurback
6684c17002274d21a22beb503565dc9d	DeathCultExecutioner_Melee_CultFinalDuel_03					NewHumanImperiumArmy	CutsceneNeutrals	TheExecutioner_CultFinalDuel_Brain		DeathCultistFemale_VisualSettings	DeathCultSwordT1CH4_Item	DeathCultBreastplateMob_Item	2	DeathCultExecutioner_Melee_CultFinalDuel
66a4bc3d4ad84dfaa96e6eb3a6a0c23e	LT_HumanNurgleFollowerExplosive_Melee_Hard					NewHumanImperiumArmy	Mobs	0LT_HumanNurgleFollowerExplosive_Melee_Hard_Brain		-ShipServicemanMutantPyromancer_VisualSettings	Axe_Item	CarapaceChestplate_Item	1	
66ad01d79d374959b72a1c9a9538c97c	EufratesCSM_HeavyFlamer_unit			SpaceMarineStandardRace		NewChaosSpaceMarineArmy	Mobs	EufratesCSM_HeavyFlamer_brain		ChaosSpacemarineLair1_VisualSettings	AstartesFlamerT2_Item		1	
66b20fc142cf4049a465ff16db240890	RoaringMale_GladiatorMelee					HumanDeathWorldArmy	CutsceneNeutrals			Gladiator_VisualSettings	Knife_Item	GuardFlakArmour_Item	1	
66d7719e0ae944ad9e3f80699c77624e	Aurora				Mutant1_Portrait		CutsceneNeutrals,Mobs			Character_smallWHTest_VisualSettings			2	Character_smallWHTest
6706425475ec4e8897e1422d8ac7f88e	DrukhariKabaliteBlackHeart					NewDrukhariArmy	CutsceneNeutrals,Mobs	KabalitePositionalBaseBrain	BlackHeart_Soldier_CP,HeavyRT_CP,RTSoldier_CP	DrukhariKabalite_VisualSettings	SplinterRifle_Item		3	DrukhariKabaliteTempest>DrukhariKabalite
671cd4cd98c44d8a9c47aaa698cb4d26	Aberrant_02_Hammer_Prototype					NewGenestealersCultArmy	Mobs				AberrantHammer_Weapon		1	
67213c2d0aa749f0999340295fd5b0db	FootfallSewers_Bandit_Flamer					NewHumanBanditsArmy	Mobs	RangedRushBaseBrain		FootfallBandit_VisualSettings	FlamerT2CH4_Item	Chainmail_Item	1	
6722031ce12749c2b48d0fa3819a7ed8	Daemonette_Companion				Daemonette_Portrait,Solitair	NewAeldariArmy	TrueNeutrals	Zanni_Brain		DemonSlaaneshDaemonette_VisualSettings,HarlequinMale_VisualSettings	WhipSlaaneshDaemonetteWeapon,NocturneShurikenPistol_Item,HarlequinsKiss_Item	WychArmour_Item	2	Zanni
672527ded6de4eae972f9f22a7f4936c	Henrix35Yremeris_ExportedPregen			HumanRace	Heinrix_Portrait,PlayerAasimarPaladin01_Portrait		Player			CompanionHeinrixPrototype_VisualSettings,Character_VisualSettings	AncientForceSword_Item,DesolationBlastPistol_Item,StaffOfBlood_Item,ForceSword_Item	EnforcerLightCarapaceOrigin1_Item,GuardFlakArmour_Item	3	CompanionHeinrixPrototype>Character
6727085fc8e241108ba05355274127ca	TheodoraUnit				Theodora_Portrait		CutsceneNeutrals			TheodoraUnit_VisualSettings			1	
6732f32be47c49e69d40f4f0de55816c	Amalgam_Priest						CutsceneNeutrals,Mobs			Character_MeleeWHTest_VisualSettings			3	Character_MeleeWHTest
6737164d023c4e2184edd9e22192532b	OfficersDeckCultistPirateMelee					HumanAgriWorldArmy	CutsceneNeutrals	BerserkerMeleeBaseBrain	Cultist_UnarmoredBruiser_CP	JungleWorldRebelMeleeTough_VisualSettings	AxeUnlootable_Item		1	
675e5268ac504331ada2b9ff191eca3a	ArenaRanger_Ranged_Prison					NewHumanImperiumArmy	CutsceneNeutrals	RangedPositionalBaseBrain	ChasmGladiators_Shooter_CP		LasgunTrophy_Item	XenoMesh_Item	1	
67675e83b86844e598c85d3615d48e86	CorruptedServitor1					NewHumanAdMechArmy	CutsceneNeutrals,Mobs	RushBaseBrain		ServitorBaseMale03_VisualSettings,ServitorBaseMale01_VisualSettings	PincersServitorWeapon		2	Servitor_FWSH
6788f42c21ad40b6886d1b9ab1438cfa	VasiliyRt_15LvL_ExportedPregen			HumanRace	PlayerAasimarPaladin01_Portrait		Player			Character_VisualSettings	Longlas_Item,PsyFocusStaff_Item	EnforcerFlakArmourOrigin1_Item	2	Character
67fa5044c4fc49a6a2aa477eeaf95885	ScreamerDemonStarport					NewDaemonArmy_DLC	Mobs	ScreamerBrain_starport		DemonScreamer_VisualSettings	Screamer_BiteWeapon		2	
67fe9b72e63645278a0c4e1ddf3580bc	SurvivorCamp_State2_NPC_CommonWoman					NewHumanImperiumArmy	CutsceneNeutrals	TreasureWorld_Arbites_ShieldNShotgun_Brain	ZarkovianSoldierRejoined_CP	0Zarkov_Civilian_SurvivorCamp_VisualSettings_Male	ArbitesFoehammer_Item	ArbitesHeavyArmourCommon_Item	4	
6811aca7afb74b83956f7cd821200765	RTPalaceServant_Male3						CutsceneNeutrals		ValantiusServantMale_CP	RTPalaceServant_Male_VisualSettings			1	
6835513502034708a8a27ad1f7cb4059	ItsTime_TarantulTurret						CutsceneNeutrals			BlackShipTarantul_VisualSettings	TurretBolter_Item		1	
684a45fba70846c0aba2734e8994defd	HumanRavor_MeleeRanged_Boarding				Ravor_Portrait	HumanVoidBornArmy	CutsceneNeutrals	HumanRavor_Boarding_Brain		BridgeCrewMemberNavy_VisualSettings	ChainSwordT2CH4_Item,BoltPistolT2CH04_Item		1	
68723f739f6541f1b4ea51a08491c8b6	MadServitor					NewHumanAdMechArmy	CutsceneNeutrals,Mobs	RushBaseBrain		ServitorBaseMale01_VisualSettings	PincersServitorWeapon		2	Servitor_FWSH
687515ef73124a65b3bb7ce22296feb2	Uralon41Cassia_ExportedPregen			HumanRace	Cassia_Portrait,PlayerAasimarPaladin01_Portrait		Player			CompanionCassiaPrototype_VisualSettings,Character_VisualSettings	WarpGuideStaff,BloodhoundNavigatorStaff,Longlas_Item,Autopistol_Item	VoidsmenArmour_Item,GuardFlakArmour_Item	3	CompanionCassiaPrototype>Character
687765dfba464988af598aceb92f2250	2KibellahCompanion_Level42_OlegParty_ExportedPregen			HumanRace	Kibellah_NoMask_Portrait,Argenta_Portrait,PlayerAasimarPaladin01_Portrait		Player			Kibellah_VisualSettings,CompanionArgentaPrototype_VisualSettings,Character_VisualSettings	DjinBladeYremeriss_Item,DeathCultSwordT1CH4_Item,BloodseekerKlaive_Item,Bolter_Item	EnforcerLightCarapaceOrigin1_Item,EnforcerLightCarapace_Item	3	CompanionArgentaPrototype>Character
6887e0cf433947d093f001b6ab085a52	SurvivorCamp_Draft_Helper					NewHumanImperiumArmy	CutsceneNeutrals	TreasureWorld_Arbites_ShieldNShotgun_Brain	ArbitesTrooper14_CP	0Zarkov_Civilian_SurvivorCamp_VisualSettings_Male	ArbitesFoehammer_Item	ArbitesHeavyArmourCommon_Item	4	
68b67a7192d94f68a704b2702c59b359	TestAreaPC			SpaceMarineStandardRace,HumanRace	Ulfar_Portrait,Heinrix_Portrait,PlayerAasimarPaladin01_Portrait		Player			UlfarCompanion_VisualSettings,CompanionHeinrixPrototype_VisualSettings,Character_VisualSettings	TestAreaPC_Weapon_Ranged,FrostAxe_Item,AstartesBoltPistol_Item,AstartesCombatKnife_Item	UlfarArmor_Item,GuardFlakArmour_Item	4	UlfarCompanion>CompanionHeinrixPrototype>Character
68b88ea6e0ae4d61bfafa48bff04463f	HumanGladiator_Melee_Arena_02					NewHumanImperiumArmy	Neutrals		ChasmGladiators_Heavy_CP		GreatSwordT2_Item	LeathersArmor_Item	1	
68d3b4d119fd4cddb7fcdadc850d267e	JailPlanetoidEnforcerButcher				JungleWorldRebelMelee_Portrait	NewHumanImperiumArmy	Mobs	EnforcerTank_Brain		JungleWorldRebelMelee_VisualSettings	Axe_Item	GuardFlakArmour_Item	1	
690247ee506c463ca943836b83660d9d	PeacefulServitorFemale4					NewHumanAdMechArmy	CutsceneNeutrals,Mobs	RushBaseBrain		ServitorBaseFemale01_VisualSettings,ServitorBaseMale01_VisualSettings	PincersServitorWeapon		3	MadServitor>Servitor_FWSH
6909a084276c40c6be562fe29fa3a095	JailPlanetoidEnforcerPistol					NewHumanImperiumArmy	Mobs	EnforcerShooter_Brain	JailGuard_CP	JungleWorldRebelMelee_VisualSettings	LasgunT1CH02_Item	GuardFlakChestplate_Item	1	
692d6d260293446797057e10ecd8bb87	TalkerPDChambersBefore					NewHumanImperiumArmy	HelpingPlayer	Officer_Brain	ValantiusSoldier_CP	BridgeCrewMemberNavyFemale_VisualSettings,BridgeCrewMemberGuard_VisualSettings	ShockBaton_Item,LasgunUnlootable_Item		3	EnforcerPDChambers>OfficersDeckGuard
693c6b94b4c04ffdb4a2cace435c5390	Medusae_Human				BCT_MedusaeHuman_Portrait	NewCreaturesArmy	Mobs	Medusae_Human_Brain		Medusae_VisualSettings	Eyeburst_Weapon_Item		1	
69446090c140476aace53fdda2e4f1c2	InquisitorFlamer_Ranged_Boarding					NewHumanWarpNullArmy	CutsceneNeutrals	InquisitorFlamer_Boarding_Brain		BridgeCrewMemberNavy_VisualSettings	FlamerT2CH4_Item	GuardFlakChestplate4_Item	1	
6948cfcda9b441869479967f06d14bc5	Footfall_PiligrimPriest						CutsceneNeutrals			Footfall_PiligrimPriest_VisualSettings		ArmoredBodyglove2_Item	1	
694cb472658d4ce4ae292995949e5428	SoulMark_Faith_Cardinal				BCT_HumanM_RebelLeaderBogul_Portrait	NewHumanImperiumArmy	CutsceneNeutrals,Mobs	JungleWorldRebelLeader_Bogul_Brain		JungleWorldRebelLeader_Bogul_VisualSettings	PatternT2ShurikenPistol_Item	GuardFlakArmour_Item	2	JungleWorldRebelLeader_Bogul
69a085c57823457a902fb0abb5d7204d	Vivisector_No_Hands				Martinax		CutsceneNeutrals						1	
69a4cbaaa12940e1b55fc32b37cf060b	Citizen				Mutant1_Portrait		CutsceneNeutrals,Mobs		Pleb_CP,NobleMale_CP_Correct	Character_smallWHTest_VisualSettings			3	NobleInPalace>Character_smallWHTest
69c944a99172459c9a2c126909ed5af9	OfficersDeck_NavyCrewMember_wrongForm						CutsceneNeutrals			BridgeCrewMemberNavy_VisualSettings	LasPistol_Item		1	
69d40ecaf9354e758a312d9e3ed23c0d	Opticon22				Opticon_Portrait	HumanAgriWorldArmy	CutsceneNeutrals			Opticon22_VisualSettings	PincersServitorWeapon		1	
69f89fa606ae416d954fdff0c7b4f2dc	Quetza-al_NavigatorVillage					NewHumanImperiumArmy	CutsceneNeutrals,HelpingPlayer	Navigator_Brain			YuVathGlassStaff_Item	Synskin_Item	2	Quetza-al_Navigator
6a06eb7343ea44268a819faed46f13a7	PossessedSniperRandomEncounter				BCT_Human_Male_Rebel3_Portrait	NewHumanImperiumArmy	Mobs			-PossessedSniperRandomEncounter_VisualSettings	MarksmanRifle_Item	HeavyLeathersArmour_Item	1	
6a0a9e2a13a143bdbd739c38448b6a4b	NobleInPalace_Zauerback_Female				Mutant1_Portrait		CutsceneNeutrals,Mobs		ZauerbeckNobleFemale_CP	-NobleInPalace_Zauerback_Female_VisualSettings,Character_smallWHTest_VisualSettings		GuardFlakChestplate_Item	2	Character_smallWHTest
6a1aa4b560454e299df1a38ded3df782	ImmortalSkitariiSupport_ArcShip					NewHumanAdMechArmy	CutsceneNeutrals	ImmortalSkitariiSupport_Brain		CorruptedTechPriest_VisualSettings	PlasmaRifleT1CH2_Item		1	
6a1b152a7c094d5ab3a00b41ddec8bde	Gusev_Jae_26lvl_ExportedPregen			HumanRace	Jae_Portrait,PlayerAasimarPaladin01_Portrait		Player			CompanionJaePrototype_VisualSettings,Character_VisualSettings	ShurikenPistol_Item,PatternT2ShurikenPistol_Item,StarPoison_Hexrifle_Item,SniperRifle_Item	ArmoredBodyglove3_Item,EnforcerLightCarapace_Item	3	CompanionJaePrototype>Character
6a1f8fc841394fe09182751d2dc22b2a	Solomorne_Bakula_46_ExportedPregen				SolomorneAnthar		Player	SolomorneCompanion_Enemy_Brain		Solomorne_VisualSettings	ScopedShotgun_Item,CrescendoShotgun_Item,Solomorne_Shotgun_Item	ArbitesArmour_Item	1	
6a6ecaeadd62403b90b778e796390d3f	DrukhariWych_MeleeRanged_Anger					NewDrukhariArmy	CutsceneNeutrals	DrukhariWych_Anger_Brain		DrukhariWychPrototype_VisualSettings	VenomBladeKabalite_Item,SplinterPistolKabalite_Item	WychArmour_Item	1	
6a743c7859414827a7f249655808de06	SoulMark_Faith_Missionary_Male				BCT_HumanM_RebelLeaderBogul_Portrait	NewHumanImperiumArmy	CutsceneNeutrals,Mobs	JungleWorldRebelLeader_Bogul_Brain	EcclPreacher_CP	JungleWorldRebelLeader_Bogul_VisualSettings	PatternT2ShurikenPistol_Item	GuardFlakArmour_Item	2	JungleWorldRebelLeader_Bogul
6a98744c80874d9598c0d460dbc7050d	GovernorGuard_TrailerCinematicFlamer				BCT_Human_Male_PalaceGuard1_Portrait	NewHumanImperiumArmy	NeutralGuards,Mobs	RangedSniperBrain	JanusCorruptedEnforcer_CP	Corrupted_GovernorGuard_VisualSettings	Flamer_Item,AutogunM40_Item	GuardFlakArmour_Item	2	Corrupted_GovernorGuard
6a99cf53d3c24f5b9e1e2fc8f31fb8da	.4y6_Cassia_27lvl_ExportedPregen_ExportedPregen			HumanRace	Cassia_Portrait,PlayerAasimarPaladin01_Portrait		Player			CompanionCassiaPrototype_VisualSettings,Character_VisualSettings	BloodhoundNavigatorStaff,StaffOfHouseCassini,Longlas_Item,Autopistol_Item	ArmoredBodyglove3_Item,GuardFlakArmour_Item	3	CompanionCassiaPrototype>Character
6aa2445d37794eb8867b068e63df2f57	ChaosSpacemarine			SpaceMarineStandardRace	Spacemarine1_Portrait	NewChaosSpaceMarineArmy	Mobs			ChaosSpacemarine_VisualSettings	ChaosSpaceMarineBolter_Item		1	
6aa650295bca4fa6b839bb6ba4a78270	RegindSpacewolfMarine_Ranged			SpaceMarineStandardRace	Spacemarine1_Portrait		CutsceneNeutrals			ChaosSpacemarine_VisualSettings	SMLongRange_StormBolter_Item		1	
6aae413bc30c4826930ad9fd5f4eda63	Latyshev_Cassia_MT_Level25_ExportedPregen			HumanRace	Abeliard_Portrait,PlayerAasimarPaladin01_Portrait		Player			CompanionAbelardPrototype_VisualSettings,Character_VisualSettings	EliteChainSword_Item,PowerClaymore_Item,PowerMaul_Item,Melta_Item	HeavyXenoMeshOrigin1_Item,EnforcerLightCarapace_Item	3	CompanionAbelardPrototype>Character
6ab30fcb20954e10be43344314511ca6	DLC3_OP_Xenarite_TechPriest_Unit					NewHumanAdMechArmy	NeutralGuards	DLC3_OP_Xenarite_TechPriest_Brain		Footfall_TechPriest_VisualSettings	Fabricator_OmnissiahAxe_LootItem,-DLC3_OP_Xenarite_TechPriest_OmnissiahAxe_Item	EnforcerLightCarapace_Item	1	
6aba276b98114c5199658f948c8f7df5	Astropath_M						CutsceneNeutrals		AstropathM_CP	AstopathicGhostMale_VisualSetting			1	
6acf93b5fcce423cae9273b1fa8bf33f	NewPirateVendor						CutsceneNeutrals		PlebMale_CP	Footfall_Commoner_VisualSettings			2	Footfall_Commoner
6b07aee89d49477f9370cd7d8e7c1183	DemonSlaaneshMainDaemonette_MarazhaiQ1				Daemonette_Portrait	NewDaemonArmy	CutsceneNeutrals	DemonSlaaneshMainDaemonette_MarazhaiQ1_brain		DemonSlaaneshDaemonette_VisualSettings	WhipSlaaneshBossDaemonetteWeapon		1	
6b08410adc154a97823a4f9dd06a5a8c	TalosPainEngine					NewDrukhariArmy	Mobs	Talos_FlailLiquifierStinger_Brain		DrukhariTalosPainEngine_VisualSettings	TalosChainFlails_Item,TalosTwinLiquifierGun_Item,TalosStingerPod_Item		1	
6b4cbf81aa4c43c2bc7ebbbe9dd8b3a2	CanoptekScarabs_TechArcGrave					NewNecronArmy	Mobs	CanoptekScarab_HealerBrain		CanoptekScarabs_VisualSettings	CanoptekScarab_MeleeWeapon		3	
6b768e86abc7460e884a23f74aa18661	DLC3_BA_HumanResearcher_Flamer_Unit					NewHumanImperiumArmy	HelpingPlayer	DLC3_BA_HumanResearcher_Flamer_Brain,HumanDefender_SurvivorCamp_Brain	ZarkovianSoldierRejoined_CP	0Zarkov_Military_SurvivorCamp_VisualSettings_Male	Flamer_Item,ChainSwordT2CH4_Item,AutogunRapid_Item,LasgunT2CH4_Item	GuardFlakChestplate4_Item	2	-HumanDefender_MeleeRanged_SurvivorCamp_State2
6b7a852d309644d0a8cd3174a47c5477	ArgentaCompanion_Ch02_TrueMid			HumanRace	Argenta_Portrait,PlayerAasimarPaladin01_Portrait		Player			CompanionArgentaPrototype_VisualSettings,Character_VisualSettings	ImperialPride_Bolter_Item,Focus_Flamer_Item,Bolter_Item,Flamer_Item	FireproofCarapace_Item,EnforcerLightCarapace_Item	3	CompanionArgentaPrototype>Character
6b88236610cb4bc5b0ee2c0106b72ccc	Quetza-al_SslythVillage					NewCreaturesArmy	CutsceneNeutrals,HelpingPlayer	Sslyth_Brain		DrukhariSslyth_VisualSettings	BlasterForSslyth_Item,SslythChainSword_Item		2	Quetza-al_Sslyth
6b8ea925fd3145ca81d260cbac3b5c18	PlayerRTLeader_Ch03Middle			HumanRace	ComissarMale,PlayerAasimarPaladin01_Portrait		Player			Character_VisualSettings	StormBolter_Item,TwinShurikenPistol_Item,EliteChainSword_Item,ChainSword_Item	EnforcerLightCarapace_Item	3	PlayerRTFighter>Character
6baca5d057e94d38aad3320854ecc162	0OfficersDeckCrewTheodirasPetEncounterFirstAttack					NewHumanImperiumArmy	HelpingPlayer	PrologueOfficerDeck_Brain		BridgeCrewMemberGuard_VisualSettings	LasPistolUnlootable_Item		1	
6bbbbd164a6e45f084888942e63bfca1	Priest				Mutant1_Portrait		CutsceneNeutrals,Mobs		EcclPreacher_CP,NobleMale_CP_Correct	Character_smallWHTest_VisualSettings			3	NobleInPalace>Character_smallWHTest
6bbc7602d6ae4fb4a9a011fdfa6f38a9	VectThrone_BridgeGuard				JungleWorldRebelSpecialist_Portrait		CutsceneNeutrals			ScavengerLeader_VisualSettings	RipperAutopistol_Item	GuardFlakArmour_Item	1	
6bbda555576e40b3b09ea62fdc68849f	PlaguebearerLeader					NewDaemonArmy	Mobs	PlaguebearerBrawler_BaseBrain		PlaguebearerLeader_VisualSettings	Plaguesword_Item		1	
6bc1026f51f249c4bb7c8713d22b951e	TaddeusTank_Melee_AstropathicChapelCH2					NewDaemonArmy	Mobs	FootfallEmberBrain		AstopathicGhostMale_VisualSetting	PowerSwordT2CH04_ItemUnlootable	CarapaceChestplate_ItemUnlootable	1	
6bcf4dc494204c8d84b70cefc7faa902	SurvivorGuard						CutsceneNeutrals			SurvivorGuard_VisualSettings	Lasgun_Item	GuardFlakArmour_Item	1	
6bdc6fa256934a5d90118ca5e150b388	Ulfar_Ch03End_Companion			SpaceMarineStandardRace	Ulfar_Portrait		Player			UlfarCompanion_VisualSettings	AstartesBoltPistol_Item,FrostAxe_Item,AstartesBolter_Item	UlfarArmor_Item	1	
6be0e361b3eb48b38e1d771148007bbc	FW_Commoner_Trader						CutsceneNeutrals		FW_Commoner_Trader_CP	Footfall_ColdTrader_VisualSettings			1	
6c1fb6d3024e4feda6a931fde83e295e	TalosPainEngine_TwinLiquifierGun					NewDrukhariArmy	Mobs	Talos_FlailLiquifier_Brain		DrukhariTalosPainEngine_VisualSettings	TalosChainFlails_Item,TalosTwinLiquifierGun_Item		1	
6c31f35372084504a5d7dde81838d3ab	FootfallAnverChange_MeleeRanged_Common					NewHumanBanditsArmy	Mobs	BerserkerRangedBaseBrain	Anver_Shooter_CP	FootfallBandit_VisualSettings	Shotgun_Item,ChainAxe_Item	GuardFlakArmour_Item	1	
6c3a7633b65449eaa52bb664163e3874	PirateSpaceCapitan				Soldier1_Portrait,RoleSpecialist1_Portrait	NewHumanBanditsArmy	CutsceneNeutrals,Mobs			Lair3RebelLeader_VisualSettings	ShurikenCatapult_Item,PlasmaPistol_Item,Hellgun_Item	ArmoredBodyglove_Item,RadiantChestplate_Item	2	Lair3RebelLeader
6c490c0252c343718abb30b64e82cc74	Footfall_AngryCommonerMelee				BCT_Footfall_Male_Commoner02_Portrait		CutsceneNeutrals		PlebMale_CP	Footfall_AngryCommonerMelee_VisualSettings	Knife_Item		1	
6c6199eef6614ae686fa1a7e9bb77a23	Yanus19RTT_ExportedPregen			HumanRace	PlayerAasimarPaladin01_Portrait		Player			Character_VisualSettings	AnverChainSword_Item,OfficerChainSword_Item,Longlas_Item	ArmoredBodyglove3_Item	2	Character
6ca7208d1e20492f9cd6fa1ca097731d	AhileasSkalandr				Achilleas		CutsceneNeutrals			Character_smallWHTest_VisualSettings	NeedlePistol_Item		1	
6cc0f5a1055f4bdea960894f75543d7f	Latyshev_Argenta_Arch_Level34_ExportedPregen			HumanRace	Argenta_Portrait,PlayerAasimarPaladin01_Portrait		Player			CompanionArgentaPrototype_VisualSettings,Character_VisualSettings	HeavyBolter_Item,HeavyFlamer_Item,Bolter_Item,Flamer_Item	EnforcerCarapaceOrigin1_Item,EnforcerLightCarapace_Item	3	CompanionArgentaPrototype>Character
6cf69e53e609439c90ec3ac3b314f21e	HeinrixCompanion_Ch02_TrueMid			HumanRace	Heinrix_Portrait,PlayerAasimarPaladin01_Portrait		Player			CompanionHeinrixPrototype_VisualSettings,Character_VisualSettings	ForceSword_Item,InfernoPistol_Item,CombatShotgun_Item,Shotgun_Item	EnforcerCarapace_Item,GuardFlakArmour_Item	3	CompanionHeinrixPrototype>Character
6cfe8edc42a34e00a80270f9d35efa7f	DrukhariTurret_virgilCastle					NewMachineArmy	Mobs			DrukhariTurret_VisualSettings	AncientTrapTurretGun_Item		1	
6d16a5ba6da14494ac439068324b5b58	Krieg_Commissar_MeleeRanged_Exhibition					NewHumanImperiumArmy	Mobs	Krieg_Commissar_MeleeRanged_Exhibition_Brain		SpecialGuard_VisualSettings	Krieg_Commissar_BoltPistolT2CH04_Item,Krieg_ChainSwordT2CH4_Item	Krieg_HeavyArmor_Item	1	
6d1af2eba54c43c8a4b3a06fe0686db1	RT10CSM_ExportedPregen			HumanRace	PlayerAasimarPaladin01_Portrait		Player			Character_VisualSettings	OfficerChainSword_Item,ChainSwordCH1Unique_Item,Longlas_Item	Synskin_Item	2	Character
6d201116de5e46db8afa9764bfa9c0bd	JailPlanetoidPrisonerTortured					HumanVoidBornArmy	CutsceneNeutrals	RangedCloseBaseBrain		FootfallBandit_VisualSettings	Autopistol_Item		1	
6d227702de2e45f1bf6f16e7ee8210da	Lair3RebelMeleeKnife					NewHumanBanditsArmy	Mobs	RushBaseBrain	PirateArmor2_CP	Lair3RebelMelee_VisualSettings	ChainSword_Item	MeshVest_Item	1	
6d3438998aec4769b4f82a975601c9f3	YanusRepresentative				Mutant1_Portrait		CutsceneNeutrals,Mobs		JanusNobleFemale_CP_Correct,NobleMale_CP_Correct	Character_smallWHTest_VisualSettings			3	NobleInPalace>Character_smallWHTest
6d4f27d00b304fd785e871c25f55cd07	PsyDumper				EvilCodeGramofon_Portrait	NewMachineArmy	CutsceneNeutrals	EvilCodeGramofonBrain					1	
6d50bbb8f2f74a73a554951325fdb9fb	1KeeperOfPossibilities_NecronLordSkorpekhDestroyer				DarkMechanicus_Portrait	NewNecronArmy	Mobs			NecronSkorpekhLord_VisualSettings	GaussGun_Weapon		3	
6d733673552c44aa98056498c843c3ed	LT_HumanNurgleFollowerExplosive_Melee_Common					NewHumanImperiumArmy	Mobs	ShipServicemanMutantExlposiveBrain	LT_BeggarCultist_CP	-ShipServicemanMutantPyromancer_VisualSettings	Sword_Item	CarapaceChestplate_Item	1	
6d7e1bc149ad40e08a46d80b2f6f722e	SurvivorCamp_NPC_DocMini					NewHumanImperiumArmy	CutsceneNeutrals	TreasureWorld_Arbites_ShieldNShotgun_Brain	ArbitesTrooper14_CP	0Zarkov_Civilian_SurvivorCamp_VisualSettings_Male	ArbitesFoehammer_Item	ArbitesHeavyArmourCommon_Item	1	
6d928913b917488295c4935551ba23a8	NavisNobiliteServant				BCT_HumanM_Servant_Portrait		CutsceneNeutrals		OrsellioLoyal_Servant_CP	Servant_VisualSettings			1	
6d9327d83a3e49f41a1f62ca90342b24	TrapActor_Lvl12						Traps			TrapActor_Lvl03_VisualSettings	TrapDagger_Lvl12,TrapDagger_Lvl03		2	TrapActor_Lvl03
6db1a543dd2440259670cd5213369ff7	MapObjectKitten_CryptArena						CutsceneNeutrals			MapObjectKitten_VisualSettings			1	
6dba395bf9524b09b0456f3e6a857e52	Footfall_ChordaEnforcer02_Melee						CutsceneNeutrals		Pleb_CP	Footfall_Hobo_VisualSettings	ShockBaton_Item		1	
6dbb598bcc5a4de8aa38258aca8cf6e2	Corrupted_GovernorGuard				BCT_Human_Male_PalaceGuard1_Portrait	NewHumanImperiumArmy	Mobs	RangedSniperBrain	JanusCorruptedEnforcer_CP	Corrupted_GovernorGuard_VisualSettings	AutogunM40_Item	GuardFlakArmour_Item	1	
6dc343ca59f24adab31b6f1d0ffc7f4f	Gusev_Yrliet_26lvl_ExportedPregen			EldarStandardRace,HumanRace	Yrliet_Portrait,PlayerAasimarPaladin01_Portrait		Player			CompanionYrlietPrototype_VisualSettings,Character_VisualSettings	LongRifle_Item,ShurikenCatapult_Item	EldarRangerArmour_Item	3	CompanionYrlietPrototype>Character
6dcd198b2407462a9a8ca1d5e251def9	HorrorOfTzeentchBlue02_RandomEncounter				HorrorOfTzeentch_Blue_v03_Portrait	NewDaemonArmy	Mobs	RE_HorrorOfTzeentchBlueMelee_Brain		DemonHorror_Blue_VisualSettings	TalonedHands_Item		1	
6de02414026e420493fe4f58b14304b6	Latyshev_Pasqal_Level25_BH_ExportedPregen			HumanRace	Pascal_Portrait,PlayerAasimarPaladin01_Portrait		Player			CompanionPascalPrototype_VisualSettings,Character_VisualSettings	AOO_OmnissiahAxe_Item,PlasmaRifleT1CH2_Item,OmnissiahAxe_Item,PlasmaRifle_Item	FireproofCarapace_Item,EnforcerCarapace_Item,GuardFlakArmour_Item	4	PascalCompanion>CompanionPascalPrototype>Character
6e0680a2fbfb4eb2b34113f305c70647	Heinrix_level47_Gamescom2024_ExportedPregen			HumanRace	Heinrix_Portrait,PlayerAasimarPaladin01_Portrait		Player			CompanionHeinrixPrototype_VisualSettings,Character_VisualSettings	PlasmaSword_Item,AncientForceSword_Item,StaffOfTheRigheousPyre_Item,ForceSword_Item	Assault_EnforcerLightCarapace_Item,GuardFlakArmour_Item	3	CompanionHeinrixPrototype>Character
6e082e48981c4cfa809f89e79df01731	Ghost				BCT_HumanM_RebelLeaderBogul_Portrait	NewHumanImperiumArmy	CutsceneNeutrals,Mobs	JungleWorldRebelLeader_Bogul_Brain		Footfall_Worker_VisualSettings,JungleWorldRebelLeader_Bogul_VisualSettings	PatternT2ShurikenPistol_Item	GuardFlakArmour_Item	2	JungleWorldRebelLeader_Bogul
6e0eef1fafa84facb8a4a3feecfa84de	BackSceneEnemyAuto					NewHumanBanditsArmy	CutsceneNeutrals	RangedCloseBaseBrain	PirateArmor1_CP	FootfallPirate_VisualSettings	ScrappyAutogunUnlootable_Item_CutScn		1	
6e40a4f7da7d471bb7d7818580220c4d	.ElectroPriest_ArcheotechReactor_Melee_Peaceful					NewHumanAdMechArmy	CutsceneNeutrals	ElectroPriest_ArcheotechReactor_Melee_Brain		ElectropriestNinja_VisualSettings	ElectrostaticGauntlets_Item		1	
6e45da169e874111b295a36cb22de14a	Bakula_50LvL_Abelar_ExportedPregen			HumanRace	Abeliard_Portrait,PlayerAasimarPaladin01_Portrait		Player			CompanionAbelardPrototype_VisualSettings,Character_VisualSettings	CoffinmakersSledgeMaul_Item,PatternShotgunCh3_Item,PowerMaul_Item,Melta_Item	PurityOfHumanity_PowerArmor_Item,EnforcerLightCarapace_Item	3	CompanionAbelardPrototype>Character
6e55784521f0494e90bbfb7e6f017ea2	Astropath_TelepathicSearch2						Neutrals		Astropath_CP				1	
6e6fbc1468e24f33a563e09d9b5724ea	FootfallArmorer				RoleSpecialist1_Portrait	NewHumanBanditsArmy	CutsceneNeutrals,Mobs			Lair3RebelLeader_VisualSettings	ChainSword_Item,PlasmaPistol_Item,Hellgun_Item	ArmoredBodyglove_Item,RadiantChestplate_Item	2	Lair3RebelLeader
6e7c733adae147b58180c08ef1342992	LT_Toliman						CutsceneNeutrals		LT_Toliman_CP	Footfall_TechPriest_VisualSettings	LasPistol_Item		1	
6e905ba8911f49af9599f916fe2591b0	FighterPsykerQA_AllDoTs			HumanRace	Heinrix_Portrait,PlayerAasimarPaladin01_Portrait		Player			CompanionHeinrixPrototype_VisualSettings,Character_VisualSettings	Flamer_Item,ArenaGlimmersteelBlade_Item,ToxicKnife_Item,ForceSword_Item	GuardFlakArmour_Item	3	CompanionHeinrixPrototype>Character
6e9a4f1c32504d3ab466a24bdc8f8f47	ItsTime_MarauderPlasma					HumanAgriWorldArmy	CutsceneNeutrals	RangedRushBaseBrain		JungleWorldRebelMeleeTough_VisualSettings	RangedWeaponBasicPlasma_Prototype_Item	XenoMesh_Item	1	
6ec5f2eed68642c1b1594ba1d6b8712b	OfficersDeckCultistPirateMeleeStart1				JungleWorldRebelOfficerMelee_Portrait	HumanAgriWorldArmy	CutsceneNeutrals	BerserkerMeleeBaseBrain	Cultist_UnarmoredBruiser_CP	JungleWorldRebelMeleeTough_VisualSettings	AxeUnlootable_Item		1	
6ec88efbad8e400b901e77291e7f9c3e	VC_LadyMollesJr_female						CutsceneNeutrals			NobleFemale_VisualSettings			1	
6eeda0f05e314d09a8e2281b263ae27a	PolygonTest_Turret					NewMachineArmy	Mobs			PolygonTest_Turret_VisualSettings	SuperCheat_TurretBolter1_Item	IncubusArmour_Item	1	
6f38c89a029449998545157006d02b73	CSM_MeleeRanged_UlfarQuest			SpaceMarineStandardRace		NewChaosSpaceMarineArmy	Mobs	CSM_UlfarQuest_Brain		ChaosSpacemarineLair1_VisualSettings	CSM_CorruptedBoltPistol_Item,CSM_CorruptedAxe_Item,AstartesBoltPistol_Item,AstartesChainAxe_Item		1	
6f3ff574af4748afb397197408d96d4b	JailPlanetoid_Ewain					NewHumanImperiumArmy	CutsceneNeutrals	EnforcerShooter_Brain		OurCrewPilot_VisualSettings	Stubcarbine_Item	ArmoredBodyglove2_Item	1	
6f47d240ae65457892133c00bb8f49fd	FootfallLiege				Vladaim_Portrait,RoleSpecialist1_Portrait	NewHumanBanditsArmy	CutsceneNeutrals,Mobs			Lair3RebelLeader_VisualSettings	Hellgun_Item	ArmoredBodyglove_Item,RadiantChestplate_Item	2	Lair3RebelLeader
6f58bbfb7bb6415a9a5c65e4db8f6160	0Latyshev_Abelard_Level25_Vanguard_ExportedPregen			HumanRace	Abeliard_Portrait,PlayerAasimarPaladin01_Portrait		Player			CompanionAbelardPrototype_VisualSettings,Character_VisualSettings	EliteChainSword_Item,NullifyingShotgun_Item,PowerMaul_Item,Melta_Item	RadiantChestplate_Item,EnforcerLightCarapace_Item	3	CompanionAbelardPrototype>Character
6f69b2cca18b4561929d8dfad3bd7867	FabricatorsLeutenantTechPriest_2				Mechanicus2_Portrait	NewHumanAdMechArmy	Mobs			-FabricatorsLeutenantTechPriest_VisualSettings	Lasgun_Item	ForgeArmour_Item	2	FabricatorsLeutenantTechPriest
6f6efecb487d4056bd99daf798d5bbbf	PatchMonster					NewCreaturesArmy	HelpingPlayer	DrukhariGrotesqueArena_Melee_Brain		DrukhariGrotesque_Melee_VisualSettings	DrukhariGrotesqueArena_Sword_Item,DrukhariGrotesqueArena_Claw_Item		1	
6f96a864aa8c41379de704a1e6a169d6	ImperialSoldierFemale_Ranged_Prison				BCT_Footfall_Male_Guard_Portrait	NewHumanImperiumArmy	CutsceneNeutrals	ImperialSoldier_Prison_Brain	Resistant_CP	Footfall_NobleGuard_VisualSettings	LasgunT2CH2_Item	XenoMesh_Item	1	
6f9b88c98fe34e0596f39a587d222ce9	1IdiraCompanion_Level19_HarmonParty_ExportedPregen			HumanRace	Idira_Portrait,PlayerAasimarPaladin01_Portrait		Player			CompanionIdiraPrototype_VisualSettings,Character_VisualSettings	Autopistol_Item,Longlas_Item	PsychicBodyglove_Item,GuardFlakArmour_Item	3	CompanionIdiraPrototype>Character
6f9ec83a1f4644bea93316444f347238	Latyshev_Solomorne_Level38_ExportedPregen				SolomorneAnthar		Player	SolomorneCompanion_Enemy_Brain		Solomorne_VisualSettings	CrescendoShotgun_Item,PatternShockBatonCh2_Item	HuntingCarapace_Item	1	
6fa61b440c474edf9a2533932e9a3124	KiavaRepresentative				Mutant1_Portrait		CutsceneNeutrals,Mobs		Techpriest_CP,NobleMale_CP_Correct	Character_smallWHTest_VisualSettings			3	NobleInPalace>Character_smallWHTest
6fb7b685d06c415582d10d2738d1c817	Sayonara_39lvl_Cassia_ExportedPregen			HumanRace	Cassia_Portrait,PlayerAasimarPaladin01_Portrait		Player			CompanionCassiaPrototype_VisualSettings,Character_VisualSettings	BloodhoundNavigatorStaff,WarpGuideStaff,Longlas_Item,Autopistol_Item	FireproofCarapace_Item,GuardFlakArmour_Item	3	CompanionCassiaPrototype>Character
6fbff06eb3124f8eb1be3565e2c821d8	InfernusMaster				Infernus		CutsceneNeutrals			GeneCultistMale_VisualSettings			1	
6fc803e077cc4751b4c7e1c3de60b012	0GenestealerMagus_MeleeRanged_LowerTunnels_SF_VIP					NewGenestealersCultArmy	Mobs	GenestealerMagusDestruction_MeleeRanged_LowerTunnels_brain		GeneCultistFemale_VisualSettings	PsyFocusStaffForMagusCH02Item		4	
6fd18ff55ea0a5e4f89ae8f3297770e8	Servant						CutsceneNeutrals		JanusServant_CP	Servant_VisualSettings			1	
6fe796a8829448a9ad21ce3d97fabda0	FootfallVendorServitor					HumanAgriWorldArmy	CutsceneNeutrals	CombatServitorHeavyBrain		ServitorBaseMale03_VisualSettings	ThermalMultiMeltaServitor_Item		1	
6ff8b9bffabb4f5282870a4a4bc3e968	PlayerRTSoldierHunter_Ch05_Finale_ChaosSoulmark			HumanRace	RogueTraderMaleCommissaryPortrait,PlayerAasimarPaladin01_Portrait		Player			Character_VisualSettings		KasrkinArmour_Item	5	Character
703f51255be945ecafe55e27ca6609b9	FW_GossipingCommoner1						CutsceneNeutrals			Footfall_Commoner_VisualSettings			1	
7042114bf3ce4d179c2f56a68e9d1636	Cultist_ArcheotechReactor_Melee				Soldier1_Portrait	NewHumanCultistsArmy	Mobs		Cultist_Regular_CP	CultistRange_VisualSettings	Sword_Item	CarapaceChestplate_Item	1	
70497a93b1b44af7a06cf1b37bab8a54	MB_PriceOfLife_Patient_Worker						CutsceneNeutrals		HoboNaked_CP		LasPistol_Item		1	
708d5d58b8114ee58a1a1bf4567be5ad	DW_Beast_Flower_Unit					NewBeastLimpArmy	Neutrals	DW_Beast_Flower_Brain,DW_Beast_Flower_Brain_AttackAfterDeathAlly		DW_Beast_Flower_VisualSettings			1	
70b41f06f7934a3c88568fad2360c290	TaintedStreetsRebelRanged					NewHumanImperiumArmy	Mobs	TaintedStreetsRanged_Brain	RaycadRebel_Veteran_CP	JungleWorldRebelMeleeTough_VisualSettings	ScrappyAutopistol_Item	CarapaceChestplate_Item	1	
70c63ed7836c46cca1b7b37b9230d92c	CommorraghArenaUlfar			SpaceMarineStandardRace	Ulfar_Portrait	NewSpaceMarineArmy	CutsceneNeutrals	DarkApostleBrain		UlfarCompanion_VisualSettings	FrostAxe_Item,AstartesBolter_Item		1	
70ddb98874c74f9aaf8eceea6e8f87b0	Quetza-al_TechpriestVillage					NewHumanAdMechArmy	CutsceneNeutrals,HelpingPlayer	Techpriest_Brain			OmnissiahAxe_Item,MultiMelta_Item	TempestusCarapace_Item	2	Quetza-al_Techpriest
70e4973d9cef400da93e0b5672dcd014	HeinrixCompanion			HumanRace	Heinrix_Portrait,PlayerAasimarPaladin01_Portrait		Player			CompanionHeinrixPrototype_VisualSettings,Character_VisualSettings	ForceSword_Item,InfernoPistol_Item,CombatShotgun_Item,Shotgun_Item	ArmoredBodyglove_Item,GuardFlakArmour_Item	3	CompanionHeinrixPrototype>Character
70fbe82d92220d84abe9f9932f42d7dd	TrapActor_Lvl28						Traps			TrapActor_Lvl03_VisualSettings	TrapDagger_Lvl28,TrapDagger_Lvl03		2	TrapActor_Lvl03
710ad225d5c444a78c83690d51747260	BackSceneNavyBreacher					NewHumanBanditsArmy	CutsceneNeutrals	RangedCloseBaseBrain	NavyBreacherTrooper_CP		Bolter_Item_CutScn		1	
7126b4c3976c41b1b245bf3df1628037	DummyUlfar				Ulfar_Portrait		Mobs			UlfarCompanion_VisualSettings		UlfarArmor_Item	1	
71414b3a5526417cafaa186bb1897ca7	BoardedShip_Pirate_Shield_Common_Unit					NewHumanBanditsArmy	Mobs	BoardedShip_ShieldNPistol_Brain	CommonPirate1_CP	FootfallPirate_VisualSettings	AutopistolT2CH02_Item	FlakVest2_Item	1	
71567ea6792f45f7b40fe9395d9fdf2d	DeathCultProphet_Peacefull						CutsceneNeutrals			GeneCultistMale_VisualSettings	DeathCultPowerBladeT1CH4_Item		1	
7167c07696324f759ed0736a40b8001e	Latyshev_Yrlier_BH_Level34_ExportedPregen			EldarStandardRace,HumanRace	Yrliet_Portrait,PlayerAasimarPaladin01_Portrait		Player			CompanionYrlietPrototype_VisualSettings,Character_VisualSettings	SilenceofShaeilLongRifle_Item,StarPoison_Hexrifle_Item,LongRifle_Item	KabaliteArmourT2_Item,EldarRangerArmour_Item	3	CompanionYrlietPrototype>Character
71735da2df574131adb28a80baf95c8b	OfficersDeckCrewTheodirasPetEncounter					NewHumanImperiumArmy	HelpingPlayer	PrologueOfficerDeck_Brain	NavyOfficer_CP	BridgeCrewMemberGuard_VisualSettings	LasPistolUnlootable_Item		1	
71762d8593ab4bddbe3950743424c193	Argenta_Level40_VasiliyPreset_ExportedPregen			HumanRace	Argenta_Portrait,PlayerAasimarPaladin01_Portrait		Player			CompanionArgentaPrototype_VisualSettings,Character_VisualSettings	FocusMelta_Item,PreciseBolter_Item,Bolter_Item,Flamer_Item	FireproofCarapace_Item,EnforcerLightCarapace_Item	3	CompanionArgentaPrototype>Character
7187c2d9bec0474aa8484fe3ab8304f9	AgriWorldGovernorCompanion					NewHumanImperiumArmy	Mobs	CultistSummonerPositionalBrain		AgriWorldGovernorCompanion_VisualSettings	Knife_Item		1	
71987eae71584c7daf746b626aa7c2a3	Q2_YoungerBrother						CutsceneNeutrals			BridgeCrewMemberNavy_VisualSettings	NeedlePistol_Item		1	
71b2c120fd534c5d9dee85ee977546ac	DiodasFakeForVox					HumanFortressBornArmy	CutsceneNeutrals				LasPistolUnlootable_Item		1	
71b3ab6179ef44a5bf0d77f3bd0a7fb1	EldarCompanionNPC_Town				Yrliet_Portrait		CutsceneNeutrals			CompanionYrlietPrototype_VisualSettings	LongRifle_Item	EldarRangerArmour_Item	2	0cd55320
71d0f52b28f44cbdb618308468625402	JungleWorldRebelMelee					NewHumanImperiumArmy	Mobs	AgriworldJungleSmartMelee_Brain	JanusRebel_Melee_CP	JungleWorldRebelMelee_VisualSettings	AxeT2_Item	Chainmail_Item	1	
721742fb58604b92ac68aab47325a343	SideQuestSlyOfficial2				RoleSpecialist1_Portrait	NewHumanBanditsArmy	CutsceneNeutrals,Mobs			Lair3RebelLeader_VisualSettings	ChainSword_Item,PlasmaPistol_Item,Hellgun_Item	ArmoredBodyglove_Item,RadiantChestplate_Item	2	Lair3RebelLeader
7218ca13e03e4c1fa661d6c8b2bb2e9e	NecronImmortal_MeleeRanged_TechArcGrave					NewNecronArmy	Mobs	NecronImmortal_CrashedShip_Brain		NecronImmortal_VisualSettings	NecronImmortalRange_Weapon,NecronImmortalMelee_Weapon		2	
7228ba6977d242c38b85f1b55fc15c69	Footfall_VladaymEnforcerFemale				BCT_Footfall_Female_Guard_Portrait	NewHumanImperiumArmy	NeutralGuards		VladaymEnforcer_CP	Footfall_EnforcerFemale_VisualSettings	ShockBaton_Item	GuardFlakArmour_Item	1	
72348c8d5bd84d44bee2833d92f905f2	NecronWarrior_MeleeRanged_CrashedShip					NewNecronArmy	Mobs	NecronWarrior_CrashedShip_Brain		NecronWarrior_VisualSettings	NecronWarriorRange_Weapon,NecronWarriorMelee_Weapon		3	
7236bcf909374c38bebcfacd34ff1fc6	BoardedShip_Reactor_Melee_Swarm_Unit					NewHumanBanditsArmy	Mobs		WeakPirate1_CP	FootfallPirate_VisualSettings	Knife_BoardedShip_Unlootable_Item		1	
724f066b25754ce68ccdde262a6fe8fb	DeathCultist_PeacefullWeaver6						CutsceneNeutrals			GeneCultistMale_VisualSettings	DeathCultSwordCH2Unique_Item,DeathCultSwordT1CH4_Item		1	
725300e314d74125b85d76675937c457	ManipulusNunciusSkull				Nuncius		CutsceneNeutrals			ServoSkullRogueTrader_VisualSettings			2	HeraldPrototype
7260e0b893e14698be7d9940567dfd86	DrukhariYremeriss_Slave_unit					NewHumanBanditsArmy	Mobs	DrukhariYremeriss_Slave_brain	HoboMale_CP	Gladiator_VisualSettings	GreatSwordT2_Item		1	
7260e7e9d9064cec9146dadb35780bc2	Mercy						CutsceneNeutrals						1	
72671ea79fc34ae45a73771fa07ca302	TrapActor_Lvl18						Traps			TrapActor_Lvl03_VisualSettings	TrapDagger_Lvl18,TrapDagger_Lvl03		2	TrapActor_Lvl03
7268ec72d15e450aa268514e6ffa840f	Candidate						CutsceneNeutrals			YoungGuard_VisualSettings	ChainSword_Item		1	
727fae0e545c0394988f21d490e99ad2	AgriWorldGovernor				VistencaVjatt_Portrait	HumanAgriWorldArmy	CutsceneNeutrals	GovernorHealerBrain		AgriWorldGovernor_VisualSettings			1	
728df148201b4780be8140cbd357f29a	HeinrixTorturer				Solitair	NewDrukhariArmy,NewAeldariArmy	TrueNeutrals	Zanni_Brain		HarlequinMale_VisualSettings	HarlequinsKiss_Item,NocturneShurikenPistol_Item	WychArmour_Item	2	Zanni
72a85f59262346d1a66660942be6775f	-GenestealerSniper_Ranged_VoidshipTempleAmbush					NewHumanImperiumArmy	CutsceneNeutrals	GenestealerSniper_VoidshipTempleAmbush_Brain		GeneCultistMale_VisualSettings	SniperRifleT2_Item	ScrapChainmail_Item	1	
72a9f340e2af425d8bdb5e8bace49819	PlayerRT_level47_Gamescom2024_ExportedPregen			HumanRace	ComissarFemale,PlayerAasimarPaladin01_Portrait		Player			CharacterFemale_VisualSettings,Character_VisualSettings	HighVoltage_Lasgun_Item,LonglasCH04_Item	EnforcerLightCarapaceOrigin1_Item	2	Character
72f5a9bf277f4d80aa8be696ecbfafdf	FootfallAnverChargerLeader_Melee_Elite					NewHumanBanditsArmy	Mobs	FootfallEmberBrain		FootfallBandit_VisualSettings	ThunderHammer_Item	FireproofCarapace_Item	1	
72fe2bfe437fdb24ea460b1a7c8b0041	CompanionAbelardPrototype			HumanRace	Abeliard_Portrait,PlayerAasimarPaladin01_Portrait		Player			CompanionAbelardPrototype_VisualSettings,Character_VisualSettings	PowerMaul_Item,Melta_Item	EnforcerLightCarapace_Item	2	Character
7305a09098c14bd786bdb1908f8f66a3	ArgentaCompanionCh02Middle			HumanRace	Argenta_Portrait,PlayerAasimarPaladin01_Portrait		Player			CompanionArgentaPrototype_VisualSettings,Character_VisualSettings	Bolter_Item,Flamer_Item	EnforcerCarapace_Item,EnforcerLightCarapace_Item	3	CompanionArgentaPrototype>Character
730ad4a150b44910be50820c921d3f4d	DrukhariSslyth_MeleeRanged_ArenaFiend					NewCreaturesArmy	Mobs	DrukhariSslyth_ArenaFiend_Ranged_Brain		DrukhariSslyth_VisualSettings	SslythSplinterRifle_ArenaFiend_Item,SslythSplinterPistol_ArenaFiend_Item,SslythChainSword_ArenaFiend_Item		1	
730cfc7d91cf425eb675f39eec36faa9	FW_GossipingCommoner3						CutsceneNeutrals			Footfall_Commoner_VisualSettings			1	
730e6918d8f8447b96583ae1040f9167	Guard_CutsceneNeutral					HumanVoidBornArmy	CutsceneNeutrals			Guard_CutsceneNeutral_VisualSettings	Shotgun_Item	GuardFlakChestplate_Item	1	
730ff9a24ae2431a829b22664f1fbd33	FootfallPeacefullBandit					NewHumanBanditsArmy	CutsceneNeutrals,Mobs	RangedRushBaseBrain	Bandit_Common_CP,Anver_Common_CP	FootfallBandit_VisualSettings	Autopistol_Item,Axe_Item,ChainSword_Item		2	FootfallAnver_MeleeRanged_Swarm
732d8b21f7584329a587bc047b3789e1	GovernorSecurityMeister					NewHumanImperiumArmy	NeutralGuards,Mobs	RangedPositionalBaseBrain	JanusRebel_Regular_CP	JungleWorldRebel_VisualSettings	LasPistol_Item,Lasgun_Item	EnforcerLightCarapace_Item	2	JungleWorldRebel
732df87f75cf40a8ab8189449527ed35	.Latyshev_Level45_Chaos_Idira_BH_ExportedPregen			HumanRace	Idira_Portrait,PlayerAasimarPaladin01_Portrait		Player			CompanionIdiraPrototype_VisualSettings,Character_VisualSettings	WraithBoneStaff_Item,StaffOfShockAndAwe_Item,Autopistol_Item,Longlas_Item	PsykerTempestusCarapace_Item,GuardFlakArmour_Item	3	CompanionIdiraPrototype>Character
7369934920dc472eb2fe45a09e89096f	DrukhariWrack_Liquifier_Ranged					NewDrukhariArmy	Mobs	Wrack_Buffer_Brain		DrukhariWrack_VisualSettings	PoisonedHekatariiBladeT2CH04_Item,LiquifierGun_Item		1	
736a55fa831e4c858eebe70f91675057	HumanJanur_Ranged_SurvivorCamp_State2					NewHumanImperiumArmy	HelpingPlayer		ValanciusEnforcer_CP	0Zarkov_Military_SurvivorCamp_VisualSettings_Male	LasgunT2CH4_Item	GuardFlakArmour4_Item	1	
73782384a0fd49dcb8477c69627949ac	SurvivorCamp_NPC_ShootingRange_Trainer					NewHumanImperiumArmy	CutsceneNeutrals	TreasureWorld_Arbites_ShieldNShotgun_Brain	ArbitesTrooper14_CP	0Zarkov_Civilian_SurvivorCamp_VisualSettings_Male	ArbitesFoehammer_Item	ArbitesHeavyArmourCommon_Item	1	
737fc140e70f4ac08b642a67deef64a4	DLC3_OP_Dogmatic_Skitarii_Unit					NewHumanAdMechArmy	NeutralGuards	DLC3_OP_Dogmatic_Skitarii_Brain	Techpriest_CP	Footfall_TechPriest_VisualSettings	ChainSword_Item,PlasmaPistolT1CH2_Item,DLC3_OP_Dogmatic_Skitarii_ChainSword_Item,DLC3_OP_Dogmatic_Skitarii_PlasmaPistol_Item	FlakVest_Item	1	
73a3f037e9eb49d1a7829558f4d02c3d	ChaosCultist_Psyker				JungleWorldRebelSpecialist_Portrait	NewHumanCultistsArmy	Mobs			Lair3RebelRanged_VisualSettings	HellPistol_Item	GuardFlakArmour_Item	1	
73c59c9ec5bd4c929be80e15d7f88c73	Winterscale_Companion				Winterscale_Portrait		Player			Winterscale_Companion_VisualSettings	PowerAxeT2_Item,HellPistolT2CH04_Item	TempestusCarapace4_Item	2	
73cbf1e734594b6a8c74df03ec0aabb1	FabricatorsLeutenant1				Mechanicus2_Portrait	NewHumanAdMechArmy	CutsceneNeutrals,Mobs			-FabricatorsLeutenantTechPriest_VisualSettings	Lasgun_Item	ForgeArmour_Item	2	FabricatorsLeutenantTechPriest
741416df69e6423cb622cd0b77a7621c	YrlietQ1_Farseer01					NewAeldariArmy	CutsceneNeutrals			Farseer_VisualSettings	SerratedKnife_Item		2	0cd55320
744649da123e4f1b880d8d74ee20e95b	0BloodthirstyExperiment_Melee_ReavingTempestSpire				BCT_Eldar_Male_Guardian1_Portrait	NewAeldariArmy	Mobs	BloodthirstyExperiment_Melee_Brain	PrisonedFarseer_CP	Farseer_VisualSettings	EldarChainSword_Item		1	
7448d0ef178d437d9c657eeb9b742d5d	GenestealerSeneschal_Melee_PatriarchVisions				Abeliard_Portrait	NewGenestealersCultArmy	Mobs			CompanionAbelardPrototype_VisualSettings	ThunderHammerT2CH4_Item	SororitasPowerArmourFury_Item	1	
745084880a6d4f57a3994216956dddb2	NecronLair3NecronLokhustHeavyDestroyer				DarkMechanicus_Portrait	NewNecronArmy	Mobs			NecronLokhustHeavyDestroyer_VisualSettings			1	
746db3dd33464644a1e4c864bc563bfc	Ch04Vladaym_DrukhariSslythGuard_unit					NewCreaturesArmy	CutsceneNeutrals	Ch04_Sslyth_brain		DrukhariSslyth_VisualSettings	SslythSplinterRifle_Basic_Item,SslythChainSword_Item,SslythSplinterPistol_Anger_Item,SslythChainSword_Anger_Item		1	
7471e5bc0eeb46a1a4d5ae3b1a490abe	SlumsMutantFast				Mutant1_Portrait	NewHumanImperiumArmy	Mobs			SlumsMutantFast_VisualSettings	MutantSwordHands_Item	ScrapChainmail_Item	1	
7472e8c98cd24bfd9fc855ecc661203f	GenestealerSniper_Ranged_LowerTunnels					NewGenestealersCultArmy	CutsceneNeutrals	GenestealerSniper_VoidshipCrypt_Brain	Genestealer3Tier_CP	GeneCultistMale_VisualSettings	SniperRifleT2_Item	ArmoredBodyglove4_Item	1	
7477dd098ad54f49acb14981d45a7583	YrlietCompanion_Ch05_Finale			EldarStandardRace,HumanRace	Yrliet_Portrait,PlayerAasimarPaladin01_Portrait		Player			CompanionYrlietPrototype_VisualSettings,Character_VisualSettings	BlasterUniqueCH05_Item,LongRifle_Item	AeldarGuardianMeshArmour_Item,EldarRangerArmour_Item	3	CompanionYrlietPrototype>Character
747e05c57de64a78913a93684762ef24	DeathCultistBrutal_Peacefull						CutsceneNeutrals		DeathCultAdept_Melee_CP	CultistRange_VisualSettings	DeathCultBlade_Item		1	
749fd865ed674249832aab3666a2cae2	LeaderNavigatorQA_lvl15			HumanRace	Cassia_Portrait,PlayerAasimarPaladin01_Portrait		Player			CompanionCassiaPrototype_VisualSettings,Character_VisualSettings	Autogun10test_Item,Axe10test_Item,Longlas_Item,Autopistol_Item	GuardFlakArmour_Item	3	CompanionCassiaPrototype>Character
74e2c4f70f5b45879323d17533a39ce9	NecronLokhustHeavyDestroyer_Lair3				DarkMechanicus_Portrait	NewNecronArmy	Mobs	NecronLokhustHeavyDestroyer_Lair3_Brain		NecronLokhustHeavyDestroyer_VisualSettings	GaussGun_Weapon		1	
74ea8e8de832459bb78e3c70a5391fea	Cassia_50_HardlightLab_ExportedPregen			HumanRace	Cassia_Portrait,PlayerAasimarPaladin01_Portrait		Player			CompanionCassiaPrototype_VisualSettings,Character_VisualSettings	RedCrystalStaff,StaffOfOrsellioNovator_Item,Longlas_Item,Autopistol_Item	HeadhunterLightCarapace_Item,GuardFlakArmour_Item	3	CompanionCassiaPrototype>Character
7509cc7b2b3a43cda1399df46965c5fc	PlayerRT_Level47_PetEagle_ExportedPregen			HumanRace	PlayerAasimarPaladin01_Portrait		Player			Character_VisualSettings	PlasmaSword_Item,PowerMaulT2CH4_variation2_Item,ChargedStaffItem	ModifiedArtificerArmour_Item	3	Character
751042885a284bd8b676601f6b5fb025	UlfarInPrison			SpaceMarineStandardRace	Ulfar_Portrait	NewSpaceMarineArmy	CutsceneNeutrals			UlfarPrison_VisualSettings			1	
751fcc1dcb7e441aab722858420edb04	Ch04Vladaym_Pirate_unit				JungleWorldRebelOfficerMelee_Portrait	NewHumanImperiumArmy	Mobs	Ch04_Pirate_brain	PirateArmor1_CP	JungleWorldRebelMeleeTough_VisualSettings	ChainSword_Item	LeathersArmor_Item	1	
75202b09f23a41fba4833da57b2be9d1	-GenestealerWebber_Ranged_VoidshipTempleAmbush					NewHumanImperiumArmy	CutsceneNeutrals	GenestealerWebber_VoidshipTempleAmbush_Brain	Genestealer_Temple_CP	GeneCultistMale_VisualSettings	Webber_Item	ScrapChainmail_Item	1	
753243289a7e4887b7db5e04806ffdaa	ArenaGladiatorArc3				BCT_Male_PenalWorld_Gladiator_Portrait	NewHumanImperiumArmy	Neutrals,CutsceneNeutrals		ChasmGladiators_Shooter_CP,VheabosGladiators_CP	Gladiator_VisualSettings	ArcRifleT2_Item,StubRevolver_Item	Chainmail_Item	2	Gladiator
7533f005fe904ec3839896836550091a	FW_Culprit_Brigadier					NewHumanImperiumArmy	CutsceneNeutrals	FW_Culprit_Brigadier_Brain		Footfall_Worker_VisualSettings	FW_MutantHands_Item		1	
753ca024b7484a0b84bb556404cebaaa	LT_Pariah						CutsceneNeutrals			Footfall_WorkerFeMale_VisualSettings			1	
75845a4ff9ff1ec4d9805cdd6c351aa4	ShipServicemanMutant				Mutant1_Portrait	NewHumanImperiumArmy	Mobs		Mutant_LowLifer_CP	ShipServicemanMutant_VisualSettings	Knife_Item		1	
7587878490e14a3fad92823a4b7b1a08	Argenta19Chapel_ExportedPregen			HumanRace	Argenta_Portrait,PlayerAasimarPaladin01_Portrait		Player			CompanionArgentaPrototype_VisualSettings,Character_VisualSettings	Bolter_Item,FlamerPistolT1CH2_Item,ChainAxe_Item,Flamer_Item	FireproofCarapace_Item,EnforcerLightCarapace_Item	3	CompanionArgentaPrototype>Character
75a0ae150d7d4582a7c314742cc733a4	DrukhariSniper_Ranged_Portals_Loot					NewDrukhariArmy	Mobs	DrukhariSniper_Portals_Brain		DrukhariKabalite_VisualSettings	DrukhariSniper_SplinterRifleSpecial_Item,DeadshotSplinterRifle_Item	KabaliteArmour_Item	1	
75a473f8b89d453bac4d8f6459429000	DrukhariKabaliteBlademaster_Melee_Santiel				BCT_DrukhariKabalite_Male_Fighter01_Portrait	NewDrukhariArmy	Mobs	RushBaseBrain	Blademaster_CP	DrukhariKabaliteBlademaster_VisualSettings	VenomBladeKabalite_Item	KabaliteArmour_Item	1	
75cba69468f94396af52c1fdf0210257	DW_Beast_Tail_2					NewBeastLimpArmy	Neutrals	DW_Beast_Tail_Brain,DW_Beast_Tail_Brain_React		DW_Beast_Tail_VisualSettings			2	DW_Beast_Tail_1
75f12c9a372e4734b432c39431ec70a4	CassiaCompanion_Ch03_TrueStart			HumanRace	Cassia_Portrait,PlayerAasimarPaladin01_Portrait		Player			CompanionCassiaPrototype_VisualSettings,Character_VisualSettings	WarpFocusingStaff,AutogunRapid_Item,Longlas_Item,Autopistol_Item	CommissarFlakBreastplate_Item,GuardFlakArmour_Item	3	CompanionCassiaPrototype>Character
7628977a3ac64f80899d4e69e9e6359c	YrlietCompanion_Ch03_TrueStart			EldarStandardRace,HumanRace	Yrliet_Portrait,PlayerAasimarPaladin01_Portrait		Player			CompanionYrlietPrototype_VisualSettings,Character_VisualSettings	HuntingSharpshooterRifle_Item,LongRifle_Item	XenoCeramiteChestplate_Item,EldarRangerArmour_Item	3	CompanionYrlietPrototype>Character
762e8b0561934271b3c2d184a8c91f33	DrukhariGrotesque_Melee_LabPainSeeker					NewCreaturesArmy	CutsceneNeutrals	DrukhariGrotesque_LabPainSeeker_Brain		DrukhariGrotesque_Melee_VisualSettings	DrukhariGrotesqueLab_Sword_Item,DrukhariGrotesqueLab_Claw_Item		1	
7662298726c44497a19ca73185ab638f	TaintedStreetsCultistFlamer					NewHumanCultistsArmy	Mobs	FlamerRangedCloseBrain		TaintedStreetsCultistFlamer_VisualSettings	FlamerPistol_Item	CarapaceChestplate_Item	1	
768a816a8b734882af399f8258ffcada	JaeCompanion			HumanRace	Jae_Portrait,PlayerAasimarPaladin01_Portrait		Player			CompanionJaePrototype_VisualSettings,Character_VisualSettings	ShurikenPistol_Item,SplinterPistol_Item,EldarChainSword_Item,SniperRifle_Item	ArmoredBodyglove_Item,EnforcerLightCarapace_Item	3	CompanionJaePrototype>Character
76a7887e95154e7ab7ac82b6febb32c8	SolomorneCompanion_PetOwner_Mastiff				SolomorneAnthar		Player	SolomorneCompanion_Enemy_Brain		Solomorne_VisualSettings	Solomorne_Foehammer_Item,Solomorne_Shotgun_Item	ReactivatorArmour_Item	2	SolomorneCompanion
76c8dfbce4364d64bccefd1fbe38301b	HeraldOfTzeentch_Prototype					NewDaemonArmy	Mobs			DemonHeraldOfTzeentch_VisualSettings1			1	
76d3888cc25245aaa616fb9672d013d6	ArgentaCompanion_Ch05_Finale			HumanRace	Argenta_Portrait,PlayerAasimarPaladin01_Portrait		Player			CompanionArgentaPrototype_VisualSettings,Character_VisualSettings	BolterCH05Unique_Item,FlamerCH05Unique_Item,Bolter_Item,Flamer_Item	SororitasPowerArmourFury_Item,EnforcerLightCarapace_Item	4	ArgentaCompanion>CompanionArgentaPrototype>Character
76f726c9d955486789f1bfc5dbabd5b4	GenestealerPatriarch_Melee_VoidshipBridge					NewGenestealersCultArmy	Mobs	GenestealerPatriarch_Melee_VoidshipBridge_brain		GenestealerPatriarch_VisualSettings	4GenestealerPatriarchScythingClawsCh04_VoidshipBridge		3	
76f875cb450448238fe86fde69b3225c	GenestealerWebber_Ranged_VoidshipCrypt					NewGenestealersCultArmy	CutsceneNeutrals		Genestealer2Tier_CP	GeneCultistMale_VisualSettings	Webber_Item,Webber_CH02_VoidshipCrypt_UnlootableItem	ArmoredBodyglove2_Item	1	
7713f37a6d4b4f80a893bd9a8f615220	KibellahAugTestlvl_ExportedPregen			HumanRace	Argenta_Portrait,PlayerAasimarPaladin01_Portrait		Player			CompanionArgentaPrototype_VisualSettings,Character_VisualSettings	NobleSword_Item,ChainSwordCH1Unique_Item,GreatSwordT1_Item,Bolter_Item	FencingBodyglove_Item,EnforcerLightCarapace_Item	3	CompanionArgentaPrototype>Character
772b200213e4411bbea56a6c13251712	MedCorruptedServitor				Mutant1_Portrait		CutsceneNeutrals,Mobs			ServitorBaseMale01_VisualSettings,Character_smallWHTest_VisualSettings	MutantSwordHands_Item		2	Character_smallWHTest
7747bda8a18425c45a84b292eb078df0	TrapActor_Lvl27						Traps			TrapActor_Lvl03_VisualSettings	TrapDagger_Lvl27,TrapDagger_Lvl03		2	TrapActor_Lvl03
775dacee032e4833bfa36bd8b55d9c25	AngerVoice				JungleWorldEldarRanger_Portrait	NewDrukhariArmy	TrueNeutrals					WychArmour_Item	1	
775f26cc64494ea7bdbbe241b1fd7cde	PascalCompanionCh03Start_NoWeapon			HumanRace	Pascal_Portrait,PlayerAasimarPaladin01_Portrait		Player			CompanionPascalPrototype_VisualSettings,Character_VisualSettings	Autopistol_Item,HandOfXenocide_OmnissiahAxe_Item,Cooler_PlasmaRifle_Item,OmnissiahAxe_Item	FireproofCarapace_Item,EnforcerCarapace_Item,GuardFlakArmour_Item	5	PascalCompanion_Ch02_Lategame>PascalCompanion>CompanionPascalPrototype>Character
776da5f59949465ebc1979b0809d50b6	CassiaCompanion_Ch04_Lvl40			HumanRace	Cassia_Portrait,PlayerAasimarPaladin01_Portrait		Player			CompanionCassiaPrototype_VisualSettings,Character_VisualSettings	WarpGuideStaff,Repeater_Longlas_Item,Longlas_Item,Autopistol_Item	Synskin_Item,GuardFlakArmour_Item	3	CompanionCassiaPrototype>Character
778d465c968f49008337d6821d54cc56	FootfallBanditBloodbath					NewHumanBanditsArmy	Mobs	MeleeBloodbath_Brain	Bandit_Common_CP	FootfallBandit_VisualSettings	ChainSword_Item		1	
77beac5c33f24d5ebd661a1eb5581f56	LT_GenericWorker						CutsceneNeutrals		PlebMale_CP	Footfall_Worker_VisualSettings			1	
77dbc6d259f94674b3d14a0b30dc26cc	ChaosSpacemarineLair1			SpaceMarineStandardRace	Spacemarine1_Portrait	NewChaosSpaceMarineArmy	Mobs	RushBigCreatureBaseBrain		ChaosSpacemarineLair1_VisualSettings	AstartesChainAxe_Item		1	
77df58345ce2463fb3da4d91f83161ae	RT_Level40_VasiliyPreset_ExportedPregen			HumanRace	NeutralMale,PlayerAasimarPaladin01_Portrait		Player			Character_VisualSettings	GreatSwordT2_Item,SwordOfOnslaught_PowerSword_Item	GladiatorsMeshArmour_Item	2	Character
77e61da1e30c6394581dee2bad5573ff	TrapActor_Lvl02						Traps			TrapActor_Lvl02_VisualSettings	TrapDagger_Lvl02		1	
780aa97e31c643399a0a568b8165bb1e	FW_HideAndSeek4_TrueNoble_Male						CutsceneNeutrals			Noble_VisualSettings			1	
7815ae1fd9964f4dae3e5f1c3ec64414	HumanRenegade_Melee_DeathCultTrials					NewHumanBanditsArmy	CutsceneNeutrals		HumanTraitor_Male_CP	GeneCultistMale_VisualSettings	Knife_Item,ShockBaton_Item,Sword_Item	Chainmail_Item	1	
781c637396c0401b9c95e82cedad27e5	CommorraghArenaUlfar1stFight			SpaceMarineStandardRace	Ulfar_Portrait	NewSpaceMarineArmy	CutsceneNeutrals	DarkApostleBrain		UlfarCompanion_VisualSettings	AstartesCombatKnife_Item		1	
78300b0cea0e495995de2b792c41b215	NavisNobiliteLasgun_GuardFemale					NewHumanImperiumArmy	CutsceneNeutrals	RangeNNStation_brain	OrsellioTraitor_Soldier_CP	NavisNobiliteFemale_VisualSettings	Lasgun_Item	GuardFlakChestplate_Item	1	
7858de30632b489e8ef5ed182ce28863	CanoptekScarabs_CrashedShip					NewNecronArmy	Mobs	CanoptekScarab_HealerBrain		CanoptekScarabs_VisualSettings	CanoptekScarab_MeleeWeapon		3	
7860c29336574f7e90dd1c3a7b410d55	RabbleLeaderWeak				BCT_Male_Lowerdecks_LeaderWeak_Portrait		CutsceneNeutrals			RabbleLeaderWeak_VisualSettings	LasPistol_Item	GuardFlakChestplate_Item	1	
78a63f767811472fb800d3ebbcf86d12	ItsTime_MarauderChief					NewHumanCultistsArmy	CutsceneNeutrals	RangedFinisherlBaseBrain		JungleWorldRebelMeleeTough_VisualSettings	BoltPistolT2CH04_Item	CasingChestplate_Item	1	
78bc85f6b1ad4ccbba91e93583cf647c	InfernusMaster				Infernus,BCT_HumanM_RebelLeaderBogul_Portrait	NewHumanImperiumArmy	CutsceneNeutrals,Mobs	JungleWorldRebelLeader_Bogul_Brain		GeneCultistMale_VisualSettings,JungleWorldRebelLeader_Bogul_VisualSettings	PatternT2ShurikenPistol_Item	GuardFlakArmour_Item	2	JungleWorldRebelLeader_Bogul
78bea0ca7571471895776b39e61f4195	MutantPsyker02RandomEncounter				BCT_Human_Male_Cultist2_Portrait	NewHumanImperiumArmy	Mobs	MutantPsyker02_Brain		MutantPsykerRandomEncounter_VisualSettings	Lasgun_Item	ScrapChainmail_Item	1	
78c860108aae466a9210013e3b7b0e14	ShipConfessorPeaceful						CutsceneNeutrals			BridgeCrewMemberNavy_VisualSettings			1	
78d44054643a4ef58486923164445dfb	LT_SF_NPC_Enforcers						CutsceneNeutrals	GenestealerSniper_VoidshipCrypt_Brain	ValantiusEnforcerCarapace_CP	Footfall_Enforcer_VisualSettings	Bolter_Item	ArmoredBodyglove2_Item	1	
78e39ac2c17d47b18c9c7bf9d429937a	FighterPsyker_Test_Pregen			HumanRace	RogueTraderFemaleNavyPortrait,PlayerAasimarPaladin01_Portrait		Player			Character_VisualSettings	Longlas_Item	EnforcerLightCarapace_Item	2	Character
78f25c29b2204085bfecf134e61fac1b	FootfallDrusianAcolyte				RoleSpecialist1_Portrait	NewHumanBanditsArmy	CutsceneNeutrals,Mobs		DrusianAcolyte_CP	Lair3RebelLeader_VisualSettings	Hellgun_Item	ArmoredBodyglove_Item,RadiantChestplate_Item	2	Lair3RebelLeader
790ba290fab948f8bb4c2d74becde002	HumanPreacher_Ranged_VoidshipTempleAmbush					NewHumanBanditsArmy	CutsceneNeutrals	HumanPreacher_VoidshipTempleAmbush_Brain			HeavyFlamerArsonist_Item	HeavyLeathersArmourCH02_Item	1	
791b860725ed4c4d8c39a03e8cd14ae6	QuarryWorld_Miner2					NewHumanImperiumArmy	CutsceneNeutrals		Mines_Worker_CP	Footfall_Commoner_VisualSettings	Sword_Item		1	
7930624806b24e1cb5b03a902d96f529	GenestealerAcolyteHybridPowerPick_MeleeRanged_LowerTunnels					NewGenestealersCultArmy	Mobs	GenestealerAcolyteHybridPowerPick_MeleeRanged_LowerTunnels_brain	GenestealerAcolyte3PowerPick_MeleeRanged_CP	Acolyte_v1_VisualSettings	AutopistolAcolyteCH04_Item,PowerPickAcolyteCH04_Item		1	
7942e05633b44ec7a6a181c783cc6608	AncientServitor_HaloDevice					NewHumanAdMechArmy	Mobs	RushBaseBrain		ServitorBaseMale03_VisualSettings	PincersServitorWeapon		1	
796f4f9b3b134ea9b0da83662a4614f7	BYrlietCompanion_Level31_TesseraParty_ExportedPregen_ExportedPregen			HumanRace	PlayerAasimarPaladin01_Portrait		Player			Character_VisualSettings		PirateChainmail_Item	2	Character
797e4eb7873a45caa11f7a0893a71339	ShipServicemanMutant_ForCoronation				Mutant1_Portrait	NewHumanImperiumArmy	Mobs		Mutant_LowLifer_CP	ShipServicemanMutant_VisualSettings	Knife_Item		1	
798c60992b0e8e74aa48ad81cd23ca6c	Character_SniperWHTest						Mobs			Character_SniperWHTest_VisualSettings			2	
79a73ef832d24192bdf8b62c7697b796	0CanoptekScarabsDamaged_Melee_ManipulusLaboratory					NewNecronArmy	Mobs	0CanoptekScarabsDamaged_ManipulusLaboratory_Brain		CanoptekScarabs_VisualSettings	CanoptekScarab_MeleeWeapon		1	
79b62845c3b54d34ba76170f02a712d0	Footfall_FreakshowFakeDrukhari				RoleSpecialist1_Portrait	NewHumanBanditsArmy	CutsceneNeutrals,Mobs			Lair3RebelLeader_VisualSettings	Hellgun_Item	RadiantChestplate_Item	2	Lair3RebelLeader
79c1c74d46fb4f0198990701c10910a8	DrukhariKabaliteHeavy				BCT_DrukhariKabalite_Male_Specialist01_Portrait	NewDrukhariArmy	Mobs	DrukhariKabaliteHeavyBrain	HeavyRT_CP	DrukhariKabaliteHeavy_VisualSettings	BlastPistol_Item	KabaliteArmour_Item	1	
79cfcaa967b64d6fab61e860883bdbc5	ServitorMortus					NewHumanAdMechArmy	CutsceneNeutrals			ServitorBaseMale02_VisualSettings	PincersServitorWeapon		1	
79d597f048e94a23a090c9230df9261c	Kibellah6_ExportedPregen			HumanRace	Argenta_Portrait,PlayerAasimarPaladin01_Portrait		Player			CompanionArgentaPrototype_VisualSettings,Character_VisualSettings	DeathCultSword_Item,Bolter_Item,Flamer_Item	DeathCultBreastplate_Item,EnforcerLightCarapace_Item	3	CompanionArgentaPrototype>Character
79dc03a02149429e8f8353b444ac1f22	NecronImmortal_MeleeRanged_Epitaph					NewNecronArmy	Mobs	NecronImmortal_CrashedShip_Brain		NecronImmortal_VisualSettings	NecronImmortalRanged_Epitaph_Item,NecronImmortalMelee_Epitaph_Item,NecronImmortalRange_Weapon,NecronImmortalMelee_Weapon		2	NecronImmortal_Prototype
79f80ee055a9421c91146a1901d0637b	VP_Marshal				Marshal	NewHumanBanditsArmy	CutsceneNeutrals	RangedCloseBaseBrain	PirateArmor1_CP	FootfallPirate_VisualSettings	Knife_Item	LeathersArmor_Item	1	
79f8e709bc14489db43e419786d58a63	Footfall_JaeCanteenaSceneBandit2					NewHumanBanditsArmy	Mobs	RangedRushBaseBrain	Anver_Common_CP	FootfallBandit_VisualSettings	Lasgun_Item,Axe_Item,ChainSword_Item,Autopistol_Item		2	FootfallAnver_MeleeRanged_Swarm
79fc7388601342e7bdc942a6f49b007a	Chapter2Lair2MiniBoss					NewDaemonArmy	Mobs	Lair2Boss_MiniBoss_Brain		DemonHeraldOfTzeentch_VisualSettings1	TalonedHands_Item		2	
79fe9ab2f7bd4ea784c8a935ae2277c3	StarportRebelSniper					NewHumanImperiumArmy	Mobs	StarportSniper_Brain		JungleWorldRebelMeleeTough_VisualSettings	SniperRifle_Item		1	
7a05bc301b3a4b718cd8f586d3cf8efd	JailPlanetoidOverseer					NewHumanImperiumArmy	Mobs	OverseerDuelist_Brain		FootfallBandit_VisualSettings	NobleSword_Item,PreciseLasPistol_Item	ArmoredBodyglove2_Item	1	
7a08650131004aa2868a249c0c75800a	Sniper_AstropathicChapelCH2					NewHumanImperiumArmy	Mobs	RangedSniperBrain	ChapelSerf_CP	GeneCultistMale_VisualSettings	SniperRifle_Item	Synskin_Item	1	
7a1815f59e884ab497155f883d2239ab	HarlequinZanni_Summon				Solitair	NewAeldariArmy	TrueNeutrals	Zanni_Brain		HarlequinMale_VisualSettings	DrukhariPowerSword_Item,NocturneShurikenPistol_Item,HarlequinsKiss_Item	WychArmour_Item	4	HarlequinZanni_Companion>Zanni
7a1bfafd405d49249c59602c38993b96	TESTCompanion10			HumanRace	Argenta_Portrait,PlayerAasimarPaladin01_Portrait		Player			CompanionArgentaPrototype_VisualSettings,Character_VisualSettings	AutogunRapid_Item,HeavyBolter_Item,Bolter_Item,Flamer_Item	EnforcerLightCarapace_Item	3	CompanionArgentaPrototype>Character
7a728f85977346bcae7e3ef2eb8ddee1	ShipServicemanMutantPsyker				RoleSpecialist1_Portrait	NewHumanImperiumArmy	Mobs			ShipServicemanMutantPsyker_VisualSettings		GuardFlakChestplate_Item	1	
7a7327c4312049768e43f45a0546fbef	CultistRangeKhorneRandomEncounter				BCT_Human_Male_Cultist1_Portrait	NewHumanCultistsArmy	Mobs	CultistRangeKhorneRandomEncounter_Brain	KhorneVoidsman_CP	CultistRange_VisualSettings	Autogun_Item	ScrapChainmail_Item	1	
7a92f84c52054b11a200ee54f36f97d4	AbelardCompanionCh02End			HumanRace	Abeliard_Portrait,PlayerAasimarPaladin01_Portrait		Player			CompanionAbelardPrototype_VisualSettings,Character_VisualSettings	MeltaUltima_Item,ThunderHammer_Item,PowerMaul_Item,Melta_Item	HuntingCarapace_Item,EnforcerLightCarapace_Item	3	CompanionAbelardPrototype>Character
7a9448a35ad449bcbcb9af8bed810134	Master_CyberEagle_PetUnit				CyberEagle	NewPetArmy	Player	EaglePet_Default_Brain		CyberEagle_VisualSettings	Master_CyberEagle_Claws_Weapon		5	
7a9c297a583141a7a089dc44f397823f	TaintedStreetsTriumphCommonerF				JungleWorldRebelSniper_Portrait		CutsceneNeutrals		PlebFemale_CP	TaintedStreetsHostagesF_VisualSettings			1	
7a9e1775ec7b497191619a2a0e2b20aa	NecronDeathmark_Ranged_ManipulusLaboratory					NewNecronArmy	Mobs	NecronDeathmark_ManipulusLaboratory_Brain		NecronDeathmark_VisualSettings	NecronDeathmarkRange_Weapon		1	
7ad234204e3b44058962fc16e993756f	UlfarNPC_Naked			SpaceMarineStandardRace,HumanRace	Ulfar_Portrait,Heinrix_Portrait,PlayerAasimarPaladin01_Portrait		CutsceneNeutrals,Player			UlfarCompanion_VisualSettings,CompanionHeinrixPrototype_VisualSettings,Character_VisualSettings	AstartesBoltPistol_Item,AstartesCombatKnife_Item,AstartesBolter_Item,ForceSword_Item	UlfarArmor_Item,GuardFlakArmour_Item	4	UlfarCompanion>CompanionHeinrixPrototype>Character
7af399d172044c75bb7b6e92b248a429	PascalCompanion_Ch04_Start				Pascal_Portrait		Player			CompanionPascalPrototype_VisualSettings	HandOfXenocide_OmnissiahAxe_Item,Cooler_PlasmaRifle_Item	TempestusCarapace_Item	1	
7b08105cff4046899efb76f898d0ece7	CorruptedTechPriestAutogun				Mechanicus1_Portrait	NewHumanAdMechArmy	Mobs			CorruptedTechPriestAutogun_VisualSettings	Autogun_Item,Mechadendrite_BoltPistol_Item	GuardFlakArmour_Item	1	
7b0b21c0fb11481b8a2c85cd810357c0	PlayerRT_Level22_NeiliusParty_ExportedPregen			HumanRace	PlayerAasimarPaladin01_Portrait		Player			Character_VisualSettings	SniperRifleT2_Item	EnforcerLightCarapaceOrigin1_Item	2	Character
7b112ce0dead455fa627ba39028fa7d1	LT_Servitor_Faith_Unique				Mutant1_Portrait		CutsceneNeutrals,Mobs			ServitorBaseMale01_VisualSettings,Character_smallWHTest_VisualSettings			2	Character_smallWHTest
7b12abdef2c7408cb13e12eb1bc55d45	ThiefGunner_Ranged_LowerTunnels					NewHumanBanditsArmy	CutsceneNeutrals		ThiefGunner_CP		Autopistol_Item,LasPistol_Item	CasingChestplate_Item	1	
7b26241495c9496bb0c06c7b1bd51f17	FW_Cogitator						CutsceneNeutrals			Noble_VisualSettings			1	
7b33a690ebf3408b98a5b12d75551d06	PlayerRT_Level38_OfficerOverseer_ExportedPregen			HumanRace	NeutralMale,PlayerAasimarPaladin01_Portrait		Player			Character_VisualSettings	GreatSwordT2_Item,LonglasCH04_Item,SniperRifleMammonthkiller_Item,ChainSwordT2CH4_Item	VoidsmenArmour_Item	3	1PlayerRT_Level38_ArbitratorOfficer_ExportedPregen>Character
7b354c62ceb34a949baaddd24ac67db0	WildCannibalTrapper					NewHumanImperiumArmy	Mobs			WildCannibalTrapper_VisualSettings	Knife_Item		1	
7b3e7f4f65894b968d1ea9b5e1e3704e	JailPlanetoidPrisonerLeader					NewHumanBanditsArmy	Mobs	PrisonerLeaderAttack_Brain		FootfallBanditFemale_VisualSettings	SerratedKnife_Item,SerratedKnifeUnlootable_Item	Chainmail_Item	1	
7b625c8a72d1473cb469c97e66d3b7d9	FootfallCh04_Frosche						CutsceneNeutrals			Character_smallWHTest_VisualSettings	SerratedKnife_Item		2	Zaurback
7b8bb4548efa410d92074b60074839aa	CaptainVedkaDunavski_Voidship				VedkaValancius,Vedka,VedkaNewHandUniform	NewHumanImperiumArmy	HelpingPlayer	DLC3_BA_CaptainVedkaDunavski_Brain,HumanDefender_SurvivorCamp_Brain	ValanciusEnforcer_CP	0Zarkov_Military_SurvivorCamp_VisualSettings_Male	GreatswordT2CH4_Item	GuardFlakChestplate4_Item	4	CaptainVedkaDunavski>.HumanArchitect_Melee_SurvivorCamp_State2_Vedka>1HumanArchitect_Melee_SurvivorCamp_State2_Kuravich
7ba6ef57c4c340c2b3b78eb06d5b9204	WinterscaleArchmillitant						CutsceneNeutrals			Character_smallWHTest_VisualSettings	PowerAxe_Item		1	
7bfd12d6f13a4753aa6915ae08eace43	JaeCompanion_Ch04_Lvl40				Jae_Portrait		Player			CompanionJaePrototype_VisualSettings	Hellgun_Item,ModifiedSplinterPistol_Item,HellPistol_Item	Assault_EnforcerLightCarapace_Item	1	
7bfdd2436ee7497fa51ea996ccb248cd	Nazrakey				ArchonBlackHeart_Portrait	NewDrukhariArmy	CutsceneNeutrals,Mobs	Drukhari_Nazrakey_MeleeRanged_Boss_brain,KabalitePositionalBaseBrain	RTSoldier_CP	DrukhariKabalite_VisualSettings	BlastPistolT2CH03_Item,VenomBladeT2CH04_Item,SplinterRifle_Item	KabaliteArmour_Item	3	DyingKabalite>DrukhariKabalite
7c113c0c37f0431fa3633085704d2a5b	ScreamerOfTzeentch_KhraveRuinsPuzzle					NewDaemonArmy	Mobs	ScreamerOfTzeentch_KhraveRuinsPuzzle_Brain		DemonScreamer_VisualSettings	Screamer_BiteWeapon		1	
7c32fe6b9a6847c3b0326f167594dd44	BranekZarkov				JungleWorldRebel_Portrait	NewHumanImperiumArmy,HumanFortressBornArmy	Friends,CutsceneNeutrals	Guard_Leader_DargonusLoop_Brain,RangedPositionalBaseBrain	ValantiusSoldier_CP	RogueTraderGuardPeaceful_VisualSettings	AutopistolT2CH02_BoardedShip_Unlootable_Item,Lasgun_Item	GuardFlakArmour_Unlootable_Item,GuardFlakArmour_Item	2	RogueTraderGuardPeaceful
7c46cca87a26449f812ca55128a18722	RE_DemonTransform_Grunt				BCT_Human_Male_Cultist2_Portrait	NewHumanImperiumArmy	Mobs			RE_DemonTransform_Grunt_VisualSettings	Axe_Item,Autopistol_Item,Knife_Item	CasingChestplate_Item	1	
7c4911e0082644368c5531cf38cc2d99	DrukhariThrallmaster				.BCT_DrukhariKabalite_Male_Commander02_Portrait	NewDrukhariArmy	Mobs	KabalitePositionalBaseBrain		DrukhariThrallmaster_VisualSettings	BlastPistol_Item	KabaliteArmour_Item	1	
7c7cd5eb0f0c40fe88195402e16196db	FootfallBanditPeacefull1					NewHumanBanditsArmy	CutsceneNeutrals,Mobs	RangedRushBaseBrain	Anver_Common_CP	FootfallBandit_VisualSettings	Autopistol_Item,Axe_Item,ChainSword_Item		2	FootfallAnver_MeleeRanged_Swarm
7c8312442ff24f38bdb136bbb01015a7	NecronWarrior_Melee_ManipulusLaboratory					NewNecronArmy	Mobs	NecronWarrior_PortalSummoned_brain		NecronWarrior_VisualSettings	NecronWarriorRanged_StryxShed_Item,NecronWarriorMelee_StryxShed_Item		1	
7c96112083af49e79a42d5fd747f0a50	KibellahCompanion_Ch03_NPC			HumanRace	Kibellah_Mask_Portrait,Kibellah_NoMask_Portrait,Argenta_Portrait,PlayerAasimarPaladin01_Portrait		CutsceneNeutrals,Player			Kibellah_VisualSettings,CompanionArgentaPrototype_VisualSettings,Character_VisualSettings	DeathCultSword_Item,Bolter_Item,Flamer_Item	DeathCultBreastplate_Item,EnforcerLightCarapace_Item	4	KibellahCompanion>CompanionArgentaPrototype>Character
7cb75a4d12254fc99dcaa11fbd8b970b	OfficerDeckEnforcerOfficer						CutsceneNeutrals		ValantiusEnforcerCarapace_CP	BridgeCrewMemberGuard_VisualSettings	LasPistol_Item		1	
7cc04bdbd0654a8d9ae08b71c2cfd907	DrukhariGrotesque_MeleeRanged_Lab02					NewCreaturesArmy	Mobs	DrukhariGrotesque_Lab02_Brain		DrukhariGrotesque_Ranged_VisualSettings	DrukhariGrotesqueLab_Liquifer_Item,DrukhariGrotesqueLab_Claw_Item		1	
7cc84610cc8643f49a1746ac231821ea	PascalCompanion_Ch04_Lvl40				Pascal_Portrait		Player			CompanionPascalPrototype_VisualSettings	HandOfXenocide_OmnissiahAxe_Item,Cooler_PlasmaRifle_Item	TempestusCarapace_Item	1	
7cc8b4925cbd44acbf43e24800d7a79f	Footfall_RiotPerson						CutsceneNeutrals		Hobo_CP,PlebMale_CP	Footfall_Commoner_VisualSettings			2	Footfall_Commoner1
7d20134cb7d9459e869668ea114ae0b3	FootfallPirateSwarm					HumanVoidBornArmy	CutsceneNeutrals	RangedCloseBaseBrain	PirateArmor2_CP	FootfallPirateSwarm_VisualSettings	Autopistol_Item	ScrapChainmail_Item	1	
7d283cafa6d04574be55b2ae6440d3bf	AbelardCompanionCh02Start			HumanRace	Abeliard_Portrait,PlayerAasimarPaladin01_Portrait		Player			CompanionAbelardPrototype_VisualSettings,Character_VisualSettings	OfficerChainSword_Item,Foehammer_Item,PowerMaul_Item,Melta_Item	EnforcerLightCarapace_Item	3	CompanionAbelardPrototype>Character
7d43072c5bf14b8ca6e604c68effa3bb	GenestealerAutogun_Ranged_VoidshipCrypt					NewGenestealersCultArmy	CutsceneNeutrals		Genestealer2Tier_CP	GeneCultistMale_VisualSettings	AutogunT2CH1_Item	ArmoredBodyglove2_Item	1	
7d5504622abd43a79744cfbbe1427276	Tech_BoardedShip_Bridge4					NewMachineArmy	TrueNeutrals			Tech_BoardedShip_VisualSettings			7	
7d57dfccf7d0410abbbffecd1a16b591	1DrukhariDeviceGuardian_Ranged_ReavingTempestSpire					NewDrukhariArmy	CutsceneNeutrals	KabalitePositionalBaseBrain	RTOfficer_CP	DrukhariWychPrototype_VisualSettings	ShurikenCannon_Item	IncubusArmour_Item	1	
7d80f7204acc435aa661131f6ea9258b	FootfallSmugglerCompanionNPC				Jae_Portrait,RoleSpecialist1_Portrait	NewHumanBanditsArmy	CutsceneNeutrals,Mobs			CompanionJaePrototype_VisualSettings,Lair3RebelLeader_VisualSettings	ChainSword_Item,PlasmaPistol_Item,Hellgun_Item	ArmoredBodyglove_Item,RadiantChestplate_Item	2	Lair3RebelLeader
7d85f03e0e7e4df08f79cc9d17dd47c8	LT_SF_CutSc_CommonDefender_Lasgun						CutsceneNeutrals		Lowlifer_CP,LT_Worker_CP	Footfall_Enforcer_VisualSettings,Footfall_Worker_VisualSettings	Lasgun_Item_Cutscene		2	LT_Worker
7d94598ac7fd4cb1b89683e7819a0f8e	Footfall_AngryCommoner				BCT_Footfall_Male_Commoner_Portrait		CutsceneNeutrals		PlebMale_CP	Footfall_AngryCommoner_VisualSettings	Autopistol_Item		1	
7d9dd6c381bd41eeb1df862fb601de96	VC2_Zealot					NewHumanImperiumArmy	CutsceneNeutrals			NobleInPalace_Female_VisualSettings	VindictorFlamer_Unlootable		1	
7daba3f054a748e184c0ae94c13dffdb	HeraldOfTzeentch_Prologue						Mobs	HeraldOfTzeentch_Brain		DemonHeraldOfTzeentch_VisualSettings1	TalonedHands_Item		1	
7db9df5f901049b8b45dfda1f90b8fec	DemonSlaaneshDaemonette2_MarazhaiQ1				Daemonette_Portrait	NewDaemonArmy	CutsceneNeutrals	DemonSlaaneshDaemonette2_MarazhaiQ1_brain		DemonSlaaneshDaemonette_VisualSettings			3	
7dbd4bd591c5465da5f26912fc4ce0ab	Ch04Vladaym_MeleeSwarm_unit				JungleWorldRebelOfficerMelee_Portrait	NewHumanImperiumArmy	CutsceneNeutrals	Ch04_Swarm_brain	Bandit_Common_CP	JungleWorldRebelMeleeTough_VisualSettings	GreatswordT2CH4_Item		1	
7dc2be320a07444cade35a3f1e915efc	NobleInPalace_Female_Stryx				Mutant1_Portrait		CutsceneNeutrals,Mobs		NobleMale_CP_Correct	NobleInPalace_Stryx_Female_VisualSettings,Character_smallWHTest_VisualSettings			3	NobleInPalace>Character_smallWHTest
7dd7034305284d92a31d7059e1d6a376	BlackshipCrewInquisitor						CutsceneNeutrals			BlackshipCrewMainAgent_VisualSettings,Footfall_Hobo_VisualSettings	LaspistolGhost_Item,Flamer_Item		2	Footfall_InquisitorAgent
7dd98f7673dc48679314ccf78f9fe710	MB_Serf_Speaker						CutsceneNeutrals						1	
7dfc18ec4bb64fbfbce73af97544d7ef	VectThrone_Vigdis				VoxMaster_Portrait,BCT_HumanM_RebelLeaderBogul_Portrait	NewHumanImperiumArmy	CutsceneNeutrals,Mobs	JungleWorldRebelLeader_Bogul_Brain		JungleWorldRebelLeader_Bogul_VisualSettings	RipperAutopistol_Item,PatternT2ShurikenPistol_Item	GuardFlakArmour_Item	3	VoxMaster>JungleWorldRebelLeader_Bogul
7dfc8b946f57436590825a53c2ab0991	Meduse				BCT_MedusaeHuman_Portrait	NewCreaturesArmy	CutsceneNeutrals,Mobs	Medusae_Human_Brain		Medusae_VisualSettings	Knife_Item,Eyeburst_Weapon_Item		2	Medusae_Human
7e069d37e4c84dda821d5e805ed7decc	RE_DemonTransform_Possessed				BCT_LowerdecksNurgleZombieNoArmor_Portrait	NewHumanImperiumArmy	Mobs		Mutant_LowLifer_CP	RE_DemonTransform_Possessed_VisualSettings		CasingChestplate_Item	1	
7e62f5119ff24ffea423335b35507d41	Herimon_AstropathicChapelCH2						CutsceneNeutrals	CultistPsyker_Ranged_Brain		AstopathicGhostMale_VisualSetting	PsyFocusStaff_Item		1	
7e6309af554e4d5bab35be517a711ad8	4y6_Heinrix_35lvl_ExportedPregen			HumanRace	Heinrix_Portrait,PlayerAasimarPaladin01_Portrait		Player			CompanionHeinrixPrototype_VisualSettings,Character_VisualSettings	Epiphany_PowerSword_Item,AncientForceSword_Item,StaffOfBlood_Item,ForceSword_Item	PsykerTempestusCarapace_Item,GuardFlakArmour_Item	3	CompanionHeinrixPrototype>Character
7e78e068c7324488a3144cb3b4dc9ee6	Ctan_Epitaph_Stage02_temp						Player			Ctan_VisualSettings	CtanTail_Weapon,CtanSpear_Weapon		1	
7ea7d5bf1f0d495daf3ccafee3e1c0eb	Footfall_TestVendor						CutsceneNeutrals			Footfall_TestVendor_VisualSettings	ShockBaton_Item	GuardFlakArmour_Item	1	
7eed02ed7f464062acdf6b0384b24526	SuicideVladaimAgent					NewHumanBanditsArmy	CutsceneNeutrals,Mobs	RangedRushBaseBrain	Anver_Common_CP	FootfallBandit_VisualSettings	ScrappyAutopistol_Item,Axe_Item,Autopistol_Item,ChainSword_Item		2	FootfallAnver_MeleeRanged_Swarm
7effee518fdb44d28c7001f5ecaf4507	Footfall_TechPriest				Mechanicus1_Portrait		CutsceneNeutrals		Techpriest_CP	Footfall_TechPriest_VisualSettings	OmnissiahAxe_Item,Mechadendrite_BoltPistol_Item	GuardFlakArmour_Item	1	
7f118f059749468090bffebf318163a9	Sayonara_39lvl_Abelard_ExportedPregen			HumanRace	Abeliard_Portrait,PlayerAasimarPaladin01_Portrait		Player			CompanionAbelardPrototype_VisualSettings,Character_VisualSettings	GreatSwordT2_Item,DuelingSwordItem,Epiphany_PowerSword_Item,PowerMaul_Item	GladiatorsMeshArmour_Item,EnforcerLightCarapace_Item	3	CompanionAbelardPrototype>Character
7f1d5a06cb9848f0984eb88d32c16832	Smugler				Mutant1_Portrait		CutsceneNeutrals,Mobs		NobleMale_CP_Correct	Character_smallWHTest_VisualSettings			3	NobleInPalace>Character_smallWHTest
7f382da3137a416284affa44ef59d185	ForgeWorld_Cultist_Melee				BCT_Human_Male_Cultist1_Portrait	NewHumanCultistsArmy	Mobs	RushBaseBrain	Cultist_Regular_CP	CultistRange_VisualSettings	ChainAxe_Item	CarapaceChestplate_Item	1	
7f41891fed624c5597a8f8c143112562	TaintedStreets_ArbitesShield_NPC					NewHumanImperiumArmy	CutsceneNeutrals	TreasureWorld_Arbites_PetMaster_Brain	ArbitesTrooper_CP	Arbites_Male_VisualSettings	ArbitesFoehammer_Item	ArmoredBodyglove4_Item	1	
7f4418b7ac7848a2998fcf7d66087354	StarportRebelMeleeBullyWithGrenade					NewHumanImperiumArmy	Mobs	StarportRebelBully_Brain	RaycadRebel_Normal_CP	JungleWorldRebelMeleeTough_VisualSettings	ShockBaton_Item	CarapaceChestplate_Item	1	
7f52198a46c549309e40edd9ec6a7fec	JungleBeastAlpha_CoronationPeaceful				GardenWorldBeast_Portrait	NewCreaturesArmy	CutsceneNeutrals,Mobs	RushBaseBrain		JungleBeast_VisualSettings	ClawsJBeastAlphaWeapon,BiteJBeastComWeapon		3	JungleBeastAlpha>JungleBeastPrototype
7f85ee3b54e04cffade0fbed0c55ebd1	DrukhariKabaliteTempest_Neutral					NewDrukhariArmy	CutsceneNeutrals,Mobs	KabalitePositionalBaseBrain	HeavyRT_CP,RTSoldier_CP	DrukhariKabalite_VisualSettings	SplinterRifle_Item		3	DrukhariKabaliteTempest>DrukhariKabalite
7fbab4211226436a91c04233734e5b25	OfficersDeckGuard_Baton					NewHumanImperiumArmy	HelpingPlayer	Officer_Brain	ValantiusSoldier_CP	BridgeCrewMemberGuard_VisualSettings	ShockBaton_Item,LasgunUnlootable_Item		1	
7fbead97e4b245428fa65420db79c4bf	JaeCompanion_Ch04_Start				Jae_Portrait		Player			CompanionJaePrototype_VisualSettings	Hellgun_Item,ModifiedSplinterPistol_Item,HellPistol_Item	Assault_EnforcerLightCarapace_Item	1	
7fc7568dff5b4b898ae659cf6f51dcbc	PlayerRTFighter_SpaceHulkTrailerCinematic			HumanRace	RogueTraderMaleCommissaryPortrait,ComissarMale,PlayerAasimarPaladin01_Portrait		Player			Character_VisualSettings	MassiveShotgun_Item,EliteChainSword_Item,ChainSword_Item,PlasmaRifle_Item	GuardFlakArmour_Item,EnforcerLightCarapace_Item	3	PlayerRTFighter>Character
7fc8093dd36240baafec347fd635db74	6KibellahCompanion_Level25_MikandraParty_ExportedPregen			HumanRace	Kibellah_NoMask_Portrait,Argenta_Portrait,PlayerAasimarPaladin01_Portrait		Player			Kibellah_VisualSettings,CompanionArgentaPrototype_VisualSettings,Character_VisualSettings	DeathCultSword_Item,SwordT2Prologue_Item,Webber_Item,Bolter_Item	DeathCultBreastplate_Item,EnforcerLightCarapace_Item	3	CompanionArgentaPrototype>Character
7fcadedf3ae648d7ac6a989e9dbfce38	LT_Commoner						CutsceneNeutrals		LowliferMale_CP	Footfall_Commoner_VisualSettings			1	
7fd2672861704bc8ab48157534b01ce3	Astropath_Dialogue						CutsceneNeutrals			AstopathicGhostMale_VisualSetting			1	
7ff1d7ba354c4a5384b4df5d92c02425	.GenestealerBrute_Melee_VoidshipTempleAmbush_02					NewHumanImperiumArmy	CutsceneNeutrals		Genestealer_Temple_CP	GeneCultistMale_VisualSettings	ChainSaw_Item,ThunderHammer_Item,GreatSword_Item	CasingChestplate_Item	2	.GenestealerBrute_Melee_VoidshipTempleAmbush_01
7ff7d839cd2045259d25e39ee5c099c2	RTHope					NewHumanImperiumArmy	CutsceneNeutrals	IdiraAlternative_Brain		Character_VisualSettings	SolarStaff_Item	LightCarapaceScaleArmour_Item	1	
80106dbdfc804bc9a5b7cc8bfaa94a3d	VB_LizzyOnBoard			HumanRace	MaiveRitual,PlayerAasimarPaladin01_Portrait		CutsceneNeutrals,Player			Lizzy_VisualSettings,Character_VisualSettings			2	Character
8027582d345d4424b02002ccedeb54b3	FW_TrueGovernor				FoolBluffNoMask	NewHumanImperiumArmy	CutsceneNeutrals	FW_TrueGovernor_Brain		FW_TrueGovernor_VisualSettings	GovernorsSniperRifle_Item	ArmoredBodyglove2_Item	1	
80339d2104e3483ba0e5922ba9157083	Sayonara_23_Abelard_ExportedPregen			HumanRace	Abeliard_Portrait,PlayerAasimarPaladin01_Portrait		Player			CompanionAbelardPrototype_VisualSettings,Character_VisualSettings	ThunderHammer_Item,SerratedGreatSword_Item,PowerMaul_Item,Melta_Item	CeramiteStormTrooperCarapace_Item,EnforcerLightCarapace_Item	3	CompanionAbelardPrototype>Character
8055ada0751d4b7c8449abeebdd41fb2	FW_Preacher						CutsceneNeutrals		EcclPreacherFW_CP	BridgeCrewMemberTechnician_VisualSettings	LasPistol_Item		1	
80670c5e93964d33a8483b6a62e048b1	Zanni				Solitair	NewAeldariArmy	TrueNeutrals	Zanni_Brain		HarlequinMale_VisualSettings	HarlequinsKiss_Item,NocturneShurikenPistol_Item	WychArmour_Item	1	
8095ec2e96384b4bac33ee0940571f93	QuarryWorld_Miner1					NewHumanImperiumArmy	CutsceneNeutrals		Mines_Worker_CP	Footfall_Commoner_VisualSettings	Axe_Item		1	
80a43fcb6dc34e828c7c99f9b769aad2	GovernorGuardPeacefulFemale				BCT_Human_Female_PalaceGuard_Portrait,BCT_Human_Male_PalaceGuard1_Portrait	NewHumanImperiumArmy	NeutralGuards,Mobs	RangedSniperBrain	Janus_Soldier_CP_Correct,JanusCorruptedEnforcer_CP	Corrupted_GovernorGuard_VisualSettings	Lasgun_Item,AutogunM40_Item	GuardFlakArmour_Item	2	Corrupted_GovernorGuard
80b3a756c6174a9d8b70cad9fef26b27	CultistPirate_Ranged_ArgentaFight						Mobs	CultistRanged_Argenta_Brain	Cultist_Unarmored_CP	JungleWorldRebelMeleeTough_VisualSettings	ScrappyAutogun_Item		1	
80cee71ee82b4132bdb0cf83fde7bb54	Trazyn_ForFinalTalk				Trazyn	NewNecronArmy	HelpingPlayer			Trazyn_VisualSettings	Trazyn_EmpathicObliterator_Ranged_Item,Trazyn_EmpathicObliterator_Melee_Item		1	
8104e86cc05c42bfbb2c11c70332ef06	DLC3_DL_Arbites_Sniper_Unit					NewHumanImperiumArmy	Mobs	DLC3_DL_Arbites_Sniper_Brain,DLC3_DL_Arbites_Sniper_React_Brain	Inquisition_Soldier_CP	Arbites_Male_VisualSettings	DLC3_DL_Arbites_SniperRifle_Item	DLC3_DL_Arbites_StandartArmour_Item	1	
810abdf21de74eb99abc3b09388861fb	Valet				BCT_HumanM_RebelLeaderBogul_Portrait	NewHumanImperiumArmy	CutsceneNeutrals,Mobs	JungleWorldRebelLeader_Bogul_Brain	NavyOfficer_CP	JungleWorldRebelLeader_Bogul_VisualSettings	PatternT2ShurikenPistol_Item	GuardFlakArmour_Item	3	TopOfficersAssistant>JungleWorldRebelLeader_Bogul
812b26b8135d441099be1fa267360ca4	TaintedStreets_Arbites_CutSc_NPC					NewHumanImperiumArmy	CutsceneNeutrals	TreasureWorld_Arbites_PetMaster_Brain	ArbitesTrooper_CP	Arbites_Male_VisualSettings	Arbites_Shotgun_BoardedShip_Unlootable_Item	ArmoredBodyglove4_Item	1	
813b0ee3082342caaa7c315822dd6fb5	ZombieFighterRandomEncounter				BCT_Human_Male_PalaceGuard2_Portrait	NewHumanImperiumArmy	Mobs		Zombie_VoidWorker_CP	PlagueZombieFighter_VisualSettings	MutantSwordHands_Item		2	PlagueZombieFighter
8169b1c6f3804df4a629aad1ea82233d	NecronWarriorSwarm_MeleeRanged_StryxShed					NewNecronArmy	Mobs	NecronWarrior_Epitaph_Brain		NecronWarrior_VisualSettings	NecronWarriorRanged_StryxShed_Item,NecronWarriorMelee_StryxShed_Item		1	
8184724b595d4b79ae08b6d60168aafd	CaptainVedkaDunavski_Camp				Vedka,VedkaNewHandUniform	NewHumanImperiumArmy	HelpingPlayer	DLC3_BA_CaptainVedkaDunavski_Brain,HumanDefender_SurvivorCamp_Brain	ValanciusEnforcer_CP	0Zarkov_Military_SurvivorCamp_VisualSettings_Male	GreatswordT2CH4_Item	GuardFlakChestplate4_Item	4	CaptainVedkaDunavski>.HumanArchitect_Melee_SurvivorCamp_State2_Vedka>1HumanArchitect_Melee_SurvivorCamp_State2_Kuravich
8188975f6ba6475ab4b14e27f414ff3b	Marazhai			EldarStandardRace	Marazhai_Portrait	NewDrukhariArmy	TrueNeutrals	KabalitePositionalBaseBrain		Marazhai_VisualSettings	DrukhariPowerSword_Item	WychArmour_Item	1	
8195bcef538a40e4a5670c7aeec5e5f0	StarportRebelRangeSpecialist					NewHumanImperiumArmy	Mobs	StarportRebelSpecialist_Brain	RaycadRebel_Range_CP	JungleWorldRebelMeleeTough_VisualSettings	Sword_Item	ArmoredBodyglove_Item	1	
81a087b50df44c058275193934d44631	Eufrates_LoC_Horror_Pink_unit					NewDaemonArmy	Mobs	Eufrates_LoC_PinkHorror_brain		DemonHorror_VisualSettings	Eufrates_Horror_TalonedHands_Item		1	
81a837734a174ae5b1330660e5c47d70	Sayonara_23_Argenta_ExportedPregen			HumanRace	Argenta_Portrait,PlayerAasimarPaladin01_Portrait		Player			CompanionArgentaPrototype_VisualSettings,Character_VisualSettings	BolterT1_Item,Assault_Lasgun_Item,Bolter_Item,Flamer_Item	ArmoredBodyglove3_Item,EnforcerLightCarapace_Item	3	CompanionArgentaPrototype>Character
81bd5bc7af694cf8a36b8bed5f39e168	ServantFemale						CutsceneNeutrals		JanusServant_CP	ServantFemale_VisualSettings			1	
81ea10e5590a45608cca074828139443	GenestealerAberrant_Melee_LowerTunnels					NewGenestealersCultArmy	Mobs	GenestealerAberrant_Melee_LowerTunnels_brain		Aberrant_01_VisualSettings	AberrantHammerCh04_LowerTunnels_Weapon		1	
81eff5831d5c4a9d848b9f9c883a041d	PascalCompanion_Level47_ExportedPregen			HumanRace	Pascal_Portrait,PlayerAasimarPaladin01_Portrait		Player			CompanionPascalPrototype_VisualSettings,Character_VisualSettings	RoaringThunder_ThunderHammer_Item,LonglasCH04_Item,OmnissiahAxe_Item,PlasmaRifle_Item	SkitariiRangerArmour_Item,EnforcerCarapace_Item,GuardFlakArmour_Item	4	PascalCompanion>CompanionPascalPrototype>Character
822e6199c4294e82973e8ca1d407eccb	SurvivorCamp_NPC_Cook					NewHumanImperiumArmy	CutsceneNeutrals	TreasureWorld_Arbites_ShieldNShotgun_Brain	ArbitesTrooper14_CP	0Zarkov_Civilian_SurvivorCamp_VisualSettings_Male		ArbitesHeavyArmourCommon_Item	1	
823f2761ae744e75a00176ac46909d6e	NavisNobilite_Ranged_AutopistolGuard					NewHumanImperiumArmy	CutsceneNeutrals	RangeNNStation_brain	OrsellioLoyal_UnarmoredGuard_Male_CP	NavisNobilite_VisualSettings	ScrappyAutopistol_Item		1	
826897ea83544a698210a0e03311cf43	Footfall_PiligrimFemale						CutsceneNeutrals		PiligrimFemale_CP	Footfall_Piligrim_VisualSettings		GuardFlakChestplate_Item	1	
826c80e40eef460f9c602e0d576ead31	DrukhariSslyth_MeleeRanged_Anger				Malice_Portrait	NewCreaturesArmy	CutsceneNeutrals	DrukhariSslyth_Anger_Brain		DrukhariSslyth_VisualSettings	BladeOfMalice_Item,SslythSplinterRifle_Anger_Item,SslythSplinterPistol_Anger_Item,SslythChainSword_Anger_Item		1	
827bc94bbdbec48408f730e4bd5edef4	TrapActor_Lvl11						Traps			TrapActor_Lvl03_VisualSettings	TrapDagger_Lvl11,TrapDagger_Lvl03		2	TrapActor_Lvl03
82870e226ce04d6eafd9c1c0339130dd	RaycadMinoris_GovernorGuard					NewHumanImperiumArmy	CutsceneNeutrals			RaycadMinoris_GovernorGuard_VisualSettings	Bolter_Item	GuardFlakChestplate_Item	1	
8287bcb69a04417ea44a9281d43f8f9f	JailPlanetoidPirates					NewHumanBanditsArmy	Mobs	JailPlanetoidPirates_Brain	JailPlanetoidPirate_CP	FootfallBandit_VisualSettings	Knife_Item		1	
828a79ce98734ccea8f03633e7862abe	DrukhariYremeriss_Grotesque_unit					NewCreaturesArmy	CutsceneNeutrals	DrukhariGrotesqueYremeriss_Brain		DrukhariGrotesque_Melee_VisualSettings	DrukhariYremerissGrotesque_Sword_Item,DrukhariYremerissGrotesque_Claw_Item		1	
829aa2bfee6c4190aac0d74d957b7129	PlayerRT_Level29_Commissar_ExportedPregen			HumanRace	PlayerAasimarPaladin01_Portrait		Player			Character_VisualSettings	InfernoPistol_Item,CorruptedInfernoPistol_Item,StaffofEndlessFlame_Item	SlickBodyglove_Item	2	Character
82ac1024f9fc448d8cefacceedfc1a1e	NewMasterOfSeals						CutsceneNeutrals			Servant_VisualSettings			1	
82bf80eab44f4fe980236ce293b19740	.AbelardCompanion_Lvl40_Vlad_NavyOfficer_Pregen			HumanRace	Abeliard_Portrait,PlayerAasimarPaladin01_Portrait		Player			CompanionAbelardPrototype_VisualSettings,Character_VisualSettings	GreatSwordT2_Item,ChainSword_Item,NeedlePistol_Item,PowerMaul_Item	Coil_Reactive_PowerArmor_Item,EnforcerLightCarapace_Item	3	CompanionAbelardPrototype>Character
82c9efb12739f3342815786f19c81b5f	AgriWorldMagus				Mutant1_Portrait		CutsceneNeutrals			AgriWorldMagus_VisualSettings			1	
831a9eb5e89340298d24987d0bf4619f	DrukhariWychRange2_ReavingTempestSpire_unit					NewDrukhariArmy	Mobs	DrukhariWychRange_Brain,DrukhariWych_BaseBrain	RTSniper_CP	DrukhariWychPrototype_VisualSettings	SplinterRifleKabalite_Item,SplinterRifle_Item	KabaliteArmourT2_Item,KabaliteArmour_Item	2	DrukhariWychPrototype
832a587d3c0d4d8995765528854ad705	Quetza-al_VillageOverlord						CutsceneNeutrals			Footfall_WorkerFeMale_VisualSettings		GuardFlakChestplate_Item	2	Quetza-al_Dweller_Overlord
832b3f3b02ef451c8c93ad5e74f8e8ab	DrukhariGrotesqueArena_Melee_Arena					NewCreaturesArmy	Mobs	DrukhariGrotesqueArena_Melee_Brain		DrukhariGrotesque_Melee_VisualSettings	DrukhariGrotesqueArena_Sword_Item,DrukhariGrotesqueArena_Claw_Item		1	
83404e8c1ff749058606636fd17895bb	QuarryWorld_Guard1					NewHumanImperiumArmy	CutsceneNeutrals		Mines_Guard_CP	Footfall_Commoner_VisualSettings	Lasgun_Item,ShockBaton_Item		1	
83636e89a68c4b3da1464f89d1f06e14	NobleInPalace_Drivesteam_Male				Mutant1_Portrait		CutsceneNeutrals,Mobs		DrivesteamNobleMale_CP	Character_smallWHTest_VisualSettings		GuardFlakChestplate_Item	2	Character_smallWHTest
837763149a264ed394893fc80180bddf	JaeCompanion_Ch03_Fake				Jae_Portrait		Player			CompanionJaePrototype_VisualSettings	Hellgun_Item,ExpandedStubRevolver_Item,HellPistol_Item	Assault_EnforcerLightCarapace_Item	1	
838974c07f204909bd32adcb38283a09	TzeentchScreamer_Melee_Perils					NewDaemonArmy	Mobs	ScreamerOfTzeentch_KhraveRuinsPuzzle_Brain		DemonScreamer_VisualSettings	Screamer_BiteWeapon		2	ScreamerOfTzeentch_KhraveRuinsPuzzle
83b73a1e89da4f12a9d093747b5ad22f	HeraldPrototype						CutsceneNeutrals			ServoSkullRogueTrader_VisualSettings			1	
83d733d3e4e8492e979f9ec40290315b	OfficersDeckServant						CutsceneNeutrals		ValantiusServant_CP	Servant_VisualSettings			1	
83e78961e15a4787bdc888f00fd59cd0	3UlfarCompanion_Level37_ValladinParty_ExportedPregen			SpaceMarineStandardRace,HumanRace	Ulfar_Portrait,Heinrix_Portrait,PlayerAasimarPaladin01_Portrait		Player			UlfarCompanion_VisualSettings,CompanionHeinrixPrototype_VisualSettings,Character_VisualSettings	AstartesBoltPistol_Item,AstartesCombatKnife_Item,HeavyBolter_Item,ForceSword_Item	UlfarArmor_Item,GuardFlakArmour_Item	3	CompanionHeinrixPrototype>Character
83e86f77a695423b9146f8c3dff226d1	ValanciusSolder				JungleWorldRebel_Portrait	NewHumanImperiumArmy,HumanFortressBornArmy	Friends,CutsceneNeutrals	RangedPositionalBaseBrain	ValanciusSolder_CP,ValantiusSoldier_CP	RogueTraderGuardPeaceful_VisualSettings	LasgunUnlootable_Item_CutScn,Lasgun_Item	GuardFlakArmour_Unlootable_Item,GuardFlakArmour_Item	2	RogueTraderGuardPeaceful
83f295bd8e0d4ee289442262eeb8f749	RT_FORTEASER_2_ExportedPregen			HumanRace	NeutralMale,PlayerAasimarPaladin01_Portrait		Player			Character_VisualSettings	ShotgunDLC2CH4T2_Item	ArmouroftheFinalThreshold_Item	2	Character
83f54732ff69424291d852d658250476	ChaosCultist_Sniper				JungleWorldRebelSniper_Portrait	NewHumanCultistsArmy	Mobs			Lair3RebelRanged_VisualSettings	Autogun_Item		1	
840575766c4145e4beafde84b4dc66d3	PenalWorld_Prisoner_NPC						CutsceneNeutrals		PenalWorldPrisoner_CP				1	
841ac8fcf04848139722034856149b7c	ChaosSpawn_Prototype					NewCreaturesArmy	Mobs	ChaosSpawn_Prototype_Brain		ChaosSpawn_VisualSettings	ChaosSpawnRightArm_Weapon,ChaosSpawnLeftArm_Weapon		1	
843c6704f241470f90fad2d9cab3d4aa	NaviRadicalBodyguardFemale				BCT_NaviBodyguard_Portrait	HumanFortressBornArmy	CutsceneNeutrals	RangeCommonBaseBrain	OrsellioTraitor_Soldier_CP	RadicalBodyguardFemale_VisualSettings	Bolter_Item	GuardFlakArmour_Item	1	
8442cc65d3ce422982636f8807f65fbe	SolomorneCompanion_PetOwner_Swarm				SolomorneAnthar		Player	SolomorneCompanion_Enemy_Brain		Solomorne_VisualSettings	Solomorne_Foehammer_Item,Solomorne_Shotgun_Item	ReactivatorArmour_Item	3	SolomorneCompanion_PetOwner_Mastiff>SolomorneCompanion
8445f2a9079148a3850a1eaedc580165	NewBlueprintUnit												0	
8457c460d0324930a9b48ca47556c1c8	NecronImmortal_MeleeRanged_StryxShed					NewNecronArmy	Mobs	NecronImmortal_StryxShed_Brain		NecronImmortal_VisualSettings	NecronImmortalRanged_StryxShed_Item,NecronImmortalMelee_StryxShed_Item		3	
845f21dfb1ee48a1a21a8b647cb70d17	HeinrixCompanion_Ch03_Demo				Heinrix_Portrait		Player			CompanionHeinrixPrototype_VisualSettings	AncientForceSword_Item,InfernoPistol_Item,Focus_Flamer_Item	PsykerTempestusCarapace_Item	1	
8488bd6e35214f2aa6d07cdc3f56375c	OurCrewServitor					NewHumanAdMechArmy	CutsceneNeutrals,Mobs	RushBaseBrain		ServitorBaseMale01_VisualSettings	PincersServitorWeapon		3	MadServitor>Servitor_FWSH
8490602314654f5ca33f659f83614b80	CutsceneSniper					NewHumanImperiumArmy	CutsceneNeutrals,Mobs	RangedPositionalSniperBrain		JungleWorldRebelSniper_VisualSettings	MarksmanRifle_Item	GuardFlakArmour_Item	2	JungleWorldRebelSniper
84947b3b035842abb580b19e117c6a98	HumanTraitor_Ranged_DeathCultTrials_Female					NewHumanBanditsArmy	CutsceneNeutrals			GeneCultistFemale_VisualSettings	StubRevolver_Item,ScrappyAutopistol_Item,LasPistol_Item	CarapaceChestplate_Item	1	
84971ee0bab5455a8be887e15d9116ae	Steward				Mutant1_Portrait		CutsceneNeutrals						1	
84a354589be241598c28289bfcbd7c13	ImmortalSkitariiRanged_ArcShip					NewHumanAdMechArmy	CutsceneNeutrals	ImmortalSkitariiRanged_Brain		CorruptedTechPriest_VisualSettings	ArcRifleCH4UniqueMob_Item		1	
84a7406a854448a381b8080d95102520	Chapter2Lair2MiniBoss					NewDaemonArmy	Mobs	Lair2Boss_MiniBoss_Brain		DemonHeraldOfTzeentch_VisualSettings1	HeraldOfTzeentchKnife_Weapon		2	
84ac3a95f9cd49dcba26418c6f027fd7	TechShaman				Mutant1_Portrait	HumanForgeWorldArmy	CutsceneNeutrals	Magos_ScrapCode_Brain		CorruptedMagus_VisualSettings		ForgeArmour_Item	1	
84d8ddf761474a25bde208991e3148b4	Mummy				Mutant1_Portrait		CutsceneNeutrals,Mobs			Character_smallWHTest_VisualSettings			2	Character_smallWHTest
84dec51a76be478db781dacbfa38d0d5	InfernusCH04LTState1_Melee_Swarm					NewGenestealersCultArmy	CutsceneNeutrals		Infernus_Base_CP	GeneCultistMale_VisualSettings	ChainSwordT2CH4_Item	ArmoredBodyglove4_Item	1	
84ee4c89d1004e34913998aecdd01169	DemonSlaaneshDaemonette_Uralon				Daemonette_Portrait	NewDaemonArmy	HelpingPlayer	9DemonSlaaneshDaemonette_AstropathicChapelCH2_brain_Uralon		DemonSlaaneshDaemonette_VisualSettings	WhipSlaaneshDaemonetteWeapon_Uralon		1	
850663eb0bff4260afe08c79780b3039	FW_HideAndSeek3_FakePriest_Male						CutsceneNeutrals			Footfall_Worker_VisualSettings			1	
8506a49db37f461ca3800ad7cb4351f9	RebelMutantMeleeCH02_Swarm					NewHumanImperiumArmy	CutsceneNeutrals	RushBaseBrain	HoboKiller_CP	GeneCultistMale_VisualSettings	Knife_Item		1	
851b56b43e374f39a18fb42e6b8c0a6b	ServoSkull_Warrant					HumanForgeWorldArmy	CutsceneNeutrals			ServoSkull_VisualSettings			1	
854c3386b3df29a4f8961cccb611bf39	CompanionArgentaPrototype			HumanRace	Argenta_Portrait,PlayerAasimarPaladin01_Portrait		Player			CompanionArgentaPrototype_VisualSettings,Character_VisualSettings	Bolter_Item,Flamer_Item	EnforcerLightCarapace_Item	2	Character
859baf6b8d7c43af9edcf5ca33bd3ef5	SideQuestFirstMate					NewHumanBanditsArmy	CutsceneNeutrals	FirstMateBloodbath_Brain		SideQuestFirstMate_VisualSettings	ChainSword_Item	MeshVest_Item	1	
85db0bd742774eba8101dbfddf5787c9	LT_Operator						CutsceneNeutrals		NavyOfficer_CP	BridgeCrewMemberNavy2_VisualSettings	LasPistol_Item		1	
85e2de4e66174e12a05294097f26df93	StarPort_Noble				Mutant1_Portrait		CutsceneNeutrals,Mobs		WinterscaleNobleMale_CP_Correct,NobleMale_CP_Correct	StarPort_Noble_VisualSettings,Character_smallWHTest_VisualSettings			4	Footfall_Noble>NobleInPalace>Character_smallWHTest
85ed5d639caf4bb4aa6274f82f508702	HumanMedic_Melee_SurvivorCamp_State2					NewHumanImperiumArmy	HelpingPlayer	HumanMedic_SurvivorCamp_Brain	ValanciusEnforcer_CP	0Zarkov_Military_SurvivorCamp_VisualSettings_Male	ChainSwordT2CH4_Item	GuardFlakChestplate4_Item	1	
86139f11d5024a068b029059fa78784a	SurvivorCamp_Draft_Plants					NewHumanImperiumArmy,NewGenestealersCultArmy	CutsceneNeutrals,Mobs	TreasureWorld_Arbites_ShieldNShotgun_Brain,Aberrant_02_CH02Kelemorph_Brain	ArbitesTrooper14_CP	0Zarkov_Civilian_SurvivorCamp_VisualSettings_Male,Aberrant_02_VisualSettings	ArbitesFoehammer_Item,AberrantHammer_WeaponCH02Kelemorph	ArbitesHeavyArmourCommon_Item	7	Aberrant_02_CH02Kelemorph
8617540a3b554273a3557c4c898c3799	CompanionCassiaPrototype			HumanRace	Cassia_Portrait,PlayerAasimarPaladin01_Portrait		Player			CompanionCassiaPrototype_VisualSettings,Character_VisualSettings	Longlas_Item,Autopistol_Item	GuardFlakArmour_Item	2	Character
86219ab261194e43bbc6c5b4ce391269	OfficerDeckInterrogationClerk						CutsceneNeutrals		Clerk_CP	BridgeCrewMemberGuard_VisualSettings			1	
862ac16b07f6497f9addb441f854df68	BoardedShip_Reactor_Shield_Hard_Unit					NewHumanBanditsArmy	Mobs	BoardedShip_ShieldNPistol_Brain	StrongPirate1_CP	FootfallPirate_VisualSettings	AutopistolT2CH02_BoardedShip_Unlootable_Item	.CarapaceChestplate_BoardedShip_Unlootable_Item	1	
8658696cbad94e1081e5ddcd050e772a	VoidshipReactor_HeavyWorker						CutsceneNeutrals		ReactorWorkerHv_CP	Footfall_Worker_VisualSettings			2	OfficersDeckWorker
867b844e91b743f6a33490fe4e505d8c	DrukhariGrotesque_Melee_PatchMonster					NewCreaturesArmy	HelpingPlayer	1DrukhariGrotesque_Melee_ReavingTempestSpire_Brain		DrukhariGrotesque_Melee_VisualSettings	DrukhariGrotesqueArena_Sword_Item,DrukhariGrotesqueArena_Claw_Item		1	
86b6522eb5904642b7d66c0706a7fb86	DrukhariWrack_MeleeRanged_Lab01_TiP					NewDrukhariArmy	CutsceneNeutrals	DrukhariWrackLab_MeleeRanged_Brain		DrukhariWrack_VisualSettings	HekatariiBladeT2CH04_Item,ShurikenPistolT2CH04_Item		1	
86ddbdf40baa4fdcbcc2ea3989b68cb6	EldarCompanionNPC_TownBaked				Yrliet_Portrait		CutsceneNeutrals			CompanionYrlietPrototype_VisualSettings	LongRifle_Item	EldarRangerArmour_Item	2	0cd55320
86e2a37116c64614b101234d2cb335a9	FakeKunrad				Kunrad_Portrait	NewHumanImperiumArmy	HelpingPlayer	Kunrad1stFight_Brain		YoungGuard_VisualSettings	LasPistolKunradUnlootable_Item	ArmoredBodyglove_Item	1	
86e68e7da6d242d2b191d15d4079a6a8	2HorrorOfTzeentchPinkLongRange_AstropathicChapelCH2				HorrorOfTzeentch_Pink_v04_Portrait	NewDaemonArmy	Mobs	HorrorOfTzeentch_LongRangeBrain		DemonHorror_VisualSettings	TalonedHands_Item		1	
86ede1523f32414fba59b662d81d5360	EX_Chronomancer						CutsceneNeutrals			NecronChronomancer_VisualSettings			1	
87029d2a4fb5446793ed2a89a94cde4a	PossessedEnginseer				BCT_Human_Male_Heretek1_Portrait	NewHumanAdMechArmy	Mobs		Techpriest_CP	PossessedEnginseer_VisualSettings	Autogun_Item	GuardFlakArmour_Item	1	
8723ef73d6804606851be3a295e868c4	HeinrixCompanion_Ch02_TrueStart			HumanRace	Heinrix_Portrait,PlayerAasimarPaladin01_Portrait		Player			CompanionHeinrixPrototype_VisualSettings,Character_VisualSettings	LifeDrainingSword_Item,ForceSword_Item,InfernoPistol_Item,Shotgun_Item	FencingBodyglove_Item,GuardFlakArmour_Item	3	CompanionHeinrixPrototype>Character
87542b1357a3499183f16f76a6883138	CorruptedTransmechanicMelee				Mechanicus1_Portrait	NewHumanAdMechArmy	Mobs			CorruptedTransmechanicMelee_VisualSettings	OmnissiahAxe_Item,Mechadendrite_BoltPistol_Item	GuardFlakArmour_Item	1	
87628995d4494b29b65d9b3a002126c7	HorrorOfTzeentchPink_RandomEncounter				HorrorOfTzeentch_Pink_v02_Portrait	NewDaemonArmy	Mobs	HorrorOfTzeentchPink_RangeBrain		DemonHorror_VisualSettings	TalonedHands_Item		1	
8764c490f6bc4bc6917e473ac82c729f	ChaosSpacemarineMelee			SpaceMarineStandardRace	Spacemarine1_Portrait	NewChaosSpaceMarineArmy	Mobs	DarkApostleBrain		ChaosSpacemarineMelee_VisualSettings	AstartesChainAxe_Item		1	
8771879b615e4cb3b565a7ee9d94fe82	3CassiaCompanion_Level28_TesseraParty_ExportedPregen			HumanRace	Cassia_Portrait,PlayerAasimarPaladin01_Portrait		Player			CompanionCassiaPrototype_VisualSettings,Character_VisualSettings	Longlas_Item,Autopistol_Item	HeadhunterLightCarapace_Item,GuardFlakArmour_Item	3	CompanionCassiaPrototype>Character
8781b4bf0b0344e8b4cc30c028473a5a	IronCultist_ArcheotechReactor_Range					NewHumanCultistsArmy	Mobs	RangedPositionalSniperBrain		CultistRange_VisualSettings	SniperRifle_Item	ArmoredBodyglove_Item	1	
879ddd836ff3443c8866230943d9bfd2	VC2_Arbitres_Melee_golem						Mobs	VC2_ArbitresMelee_Brain		VC2_Arbitres_Melee_golem_visualSettings	GreatSword_Item	VC2_Arbitres_Armor_Unlootable	1	
87aac331ec074c65945d18a2bffa26ce	Lorcanda					HumanFortressBornArmy	CutsceneNeutrals			DLC3_DL_Sororitas01_VisualSettings	LasPistolUnlootable_Item		1	
87c82fd6571343ab8cf650b644d13d12	ServoSkullRogueTrader				JungleWorldRebel_Portrait		CutsceneNeutrals			ServoSkullRogueTrader_VisualSettings			1	
87ee0f259ab44dcab193ab8db7db3552	DW_Beast_Unified_Unit					NewBeastLimpArmy	Neutrals	DW_Beast_Unified_Brain		DW_Beast_Unified_Unit_UnitVisualSettings	DW_Beast_Unified_RightArm_Weapon,DW_Beast_Unified_LeftArm_Weapon,DW_Beast_Unified_Front_Weapon		1	
88027f9efd489c745b1fcde73a9873ea	GovernorGuardPeaceful				BCT_Human_Male_PalaceGuard1_Portrait	NewHumanImperiumArmy	NeutralGuards,Mobs	RangedSniperBrain	Janus_Soldier_CP_Correct,JanusCorruptedEnforcer_CP	Corrupted_GovernorGuard_VisualSettings	Lasgun_Item,AutogunM40_Item	GuardFlakArmour_Item	2	Corrupted_GovernorGuard
880f22d8066d44d1b3561085bb3e91e6	Augmentator_No_Hands				Ferrenc		CutsceneNeutrals						1	
8815c75cf89949538ef5c976dc4d82f5	IzimondSauerback					NewHumanImperiumArmy	CutsceneNeutrals	DLC3_DL_Izimond_Brain		RogueTraderGuardPeaceful_VisualSettings	DLC3_DL_Izimond_PlasmaPistol_Item		1	
882ca58975d840b9859d9aead9e251e9	-HumanDefender_MeleeRanged_SurvivorCamp_State2					NewHumanImperiumArmy	HelpingPlayer	HumanDefender_SurvivorCamp_Brain	ZarkovianSoldierRejoined_CP	0Zarkov_Military_SurvivorCamp_VisualSettings_Male	ChainSwordT2CH4_Item,AutogunRapid_Item,LasgunT2CH4_Item	GuardFlakChestplate4_Item	1	
884b70bd817640dda143966166587b98	Chorda_Companion				IndenciaChorda_Portrait		Player,CutsceneNeutrals			Chorda_Companion_VisualSettings,Character_smallWHTest_VisualSettings	InfernoPistolT2CH04_Item,PlasmaPistolT2CH04_Item	FancyUniform_Item	2	Zaurback
88651654158644c699669d2ecb1ebc94	Blood_Raven			SpaceMarineStandardRace,HumanRace	Ulfar_Portrait,Heinrix_Portrait,PlayerAasimarPaladin01_Portrait	NewSpaceMarineArmy	CutsceneNeutrals,Player	BloodRaven_Brain		Blood_Raven_VisualSettings,UlfarCompanion_VisualSettings,CompanionHeinrixPrototype_VisualSettings,Character_VisualSettings	AstartesBoltPistolT2_Item,AstartesChainswordT2_Item,AstartesBoltPistol_Item,AstartesCombatKnife_Item	UlfarArmor_Item,GuardFlakArmour_Item	4	UlfarCompanion>CompanionHeinrixPrototype>Character
88674ac9c8bb4467af02bacc7061647c	Yanus19RT_ExportedPregen			HumanRace	PlayerAasimarPaladin01_Portrait		Player			Character_VisualSettings	CorruptedInfernoPistol_Item,AutopistolSuppressedCH1Unique_Item,ChargedStaffItem	GuardFlakArmour_Item	2	Character
8873ddb975fd4f74a1ebf503a66b1bd8	QuarryWorld_Guard2					NewHumanImperiumArmy	CutsceneNeutrals		Mines_Guard_CP	Footfall_Commoner_VisualSettings	Lasgun_Item,ShockBaton_Item		1	
888ba55017c947cbb71dee9c7cab846f	PeacefulServitor_Starport					NewHumanAdMechArmy	CutsceneNeutrals,Mobs	RushBaseBrain		ServitorBaseMale01_VisualSettings	PincersServitorWeapon		4	PeacefulServitor>MadServitor>Servitor_FWSH
888c54f2f09a458f955327bdbb58c341	DrukhariSuccubus_MeleeRanged_ArenaFiend					NewDrukhariArmy	Mobs	DrukhariSuccubus_ArenaFiend_Brain		DrukhariWychPrototype_VisualSettings	DrukhariSuccubus_HekatariiBlade_Item,SplinterPistolKabalite_Item	GhostplateArmour_Item	1	
889485dc6e874ccfa535c1f2f59dffa5	CombatServitorRandomEncounter				JungleWorldRebelServitor_Portrait	NewHumanAdMechArmy	Mobs	CombatServitorHeavyRandomEncounterBrain		CombatServitor_VisualSettings	HeavyBolterServitorRandomEncounter_Item		1	
88d4190122cd4b6c9c91d7fef4066651	KibellahCompanion			HumanRace	Kibellah_NoMask_Portrait,Argenta_Portrait,PlayerAasimarPaladin01_Portrait		Player			Kibellah_VisualSettings,CompanionArgentaPrototype_VisualSettings,Character_VisualSettings	DeathCultSword_Item,Bolter_Item,Flamer_Item	DeathCultBreastplate_Item,EnforcerLightCarapace_Item	3	CompanionArgentaPrototype>Character
88e6d28953574755b8eb960f646d6fd1	FW_Noble_1						CutsceneNeutrals			Noble_VisualSettings			1	
88ed88897fda4b6cb54387990fa3c970	ArenaGladiator2				BCT_Male_PenalWorld_Gladiator_Portrait	NewHumanImperiumArmy	Neutrals,CutsceneNeutrals		ChasmGladiators_Heavy_CP,VheabosGladiators_CP	Gladiator_VisualSettings	Autopistol_Item,Knife_Item,StubRevolver_Item	Chainmail_Item	2	Gladiator
88fc2798b160440ca3b3c04dee6658f2	CultisthNurgleRangeRandomEncounter					NewHumanCultistsArmy	Mobs	NurgleCultist_Brain	NurgleVoidsman_CP	CultistRange_VisualSettings	Shotgun_Item,ChainSword_Item	ScrapChainmail_Item	1	
89037bdbf7cc4c308466acea1a5ff74d	-PlayerRT_Level37_ValladinParty_ExportedPregen			HumanRace	PlayerAasimarPaladin01_Portrait		Player			Character_VisualSettings	ChargedStaffItem,StaffOfMindsight_Item	PsychicBodyglove_Item	2	Character
891af6d95a27418fa8619c49d13a9b7e	7Latyshev_RT_SoldierArch_Augments_Level25_ExportedPregen			HumanRace	PlayerAasimarPaladin01_Portrait		Player			Character_VisualSettings	FoehammerT2CH3_Item,ExpandedStubRevolver_Item,HuntingRifle_Item	GuardFlakChestplateOrigin1_Item	2	Character
891f71558b91489fafa641c413110ce6	DrukhariKabaliteHeavy_Arena				BCT_DrukhariKabalite_Male_Specialist01_Portrait	NewDrukhariArmy	Mobs	DrukhariKabaliteHeavyBrain		DrukhariKabaliteHeavy_VisualSettings	ElongatedSplinterRifle_Item	KabaliteArmour_Item	1	
89201ae4b88948309a11a7c7fd005aa4	FootfallQuarantineSniper					NewHumanImperiumArmy,NewHumanBanditsArmy	Neutrals,Mobs			FootfallBanditSniper_VisualSettings	MarksmanRifle_Item	ArmoredBodyglove_Item	2	FootfallBanditSniper
893ba99940954cd7b1300d3bf1fa42f2	.4y6_Sniper_27lvl_ExportedPregen_ExportedPregen			HumanRace	PlayerAasimarPaladin01_Portrait		Player			Character_VisualSettings	SniperRifleT2_Item,HuntingRifle_Item	Synskin_Item	2	Character
89450677ca1d4b93a28c81f7afadf77c	StartGame_Pregen_Psyker			HumanRace	ComissarMale,PlayerAasimarPaladin01_Portrait		Player			StartGame_Pregen_Psyker_VisualSettings,Character_VisualSettings	PsyFocusStaff_Item		11	Character
895284314fd738340a07c4b75cdc4f90	JungleBeastCommon				GardenWorldBeast_Portrait	NewCreaturesArmy	Mobs	JungleBeastCommonBrain		JungleBeast_VisualSettings	ClawsJBeastComWeapon,BiteJBeastComWeapon		2	JungleBeastPrototype
8970583a924e48d588de2cc26a73bcf5	RebelServant				BCT_HumanM_Servant_Portrait		CutsceneNeutrals			RebelServant_VisualSettings			1	
898287a7d34742a18399afc774fd6adb	UlfarNPC_ForgeHeart			SpaceMarineStandardRace	Ulfar_Portrait	NewSpaceMarineArmy	FriendlyUlfarQuest	Ulfar_UlfarQuest_Brain		UlfarCompanion_VisualSettings	UlfarBoltPistol_Special_Item,UlfarChainSword_Special_Item		1	
8999c2c4444e482a83f98d10d62f5a9e	ItsTime_Afterlight_Speaker				BCT_ReginaSauerbeck_Portrait	HumanShrineWorldArmy	CutsceneNeutrals	NaviRadicalLeaderBrain		NaviRadicalLeader_VisualSettings	HellPistol_Item	GuardFlakArmour4_Item	1	
899dda3218b04aa48705e683797c1d26	FW_BanditLeader						CutsceneNeutrals			FootfallBandit_VisualSettings			1	
89ad4f8695d04684bda5954a1fe3385e	Footfall_Enginseer						CutsceneNeutrals		Techpriest_CP	Footfall_Enginseer_VisualSettings		GuardFlakChestplate_Item	1	
89b4bc6a273d490cbabd3ddfb30b1924	PrologueChaosSpawn_unit				Daemon1_Portrait	NewDaemonArmy,NewCreaturesArmy	Mobs	PrologueChaosSpawn_brain		ChaosSpawn_VisualSettings	PrologueChaosSpawn_RightArm_Weapon,PrologueChaosSpawn_LeftArm_Weapon		11	ChaosSpawnNoHead_Prototype
89c64997da9242ff9e2fa0f18180e99c	Krieg_Infantry_Ranged_Exhibition					NewHumanImperiumArmy	Mobs	Krieg_Infantry_Ranged_Exhibition_Brain,Krieg_Grenadier_Ranged_Exhibition_Brain,.Krieg_Watchmaster_MeleeRanged_Exhibition_Brain,Krieg_Commissar_MeleeRanged_Exhibition_Brain		SpecialGuard_VisualSettings	Krieg_Lasgun_Item,Krieg_ChainSwordT2CH4_Item,Krieg_LasPistolT1CH04_Item,Krieg_Commissar_BoltPistolT2CH04_Item	Krieg_MediumArmor_FlakChestplate_Item,Krieg_HeavyArmor_Item	4	Krieg_Grenadier_Ranged_Exhibition>Krieg_Watchmaster_MeleeRanged_Exhibition>Krieg_Commissar_MeleeRanged_Exhibition
89e72b4763584b20bba3eb274002e92a	NavisNobilite_Ranged_LasgunGuard					NewHumanImperiumArmy	CutsceneNeutrals	RangeNNStation_brain	OrsellioLoyal_Soldier_CP	NavisNobilite_VisualSettings	Lasgun_Item	GuardFlakChestplate_Item	1	
89efca3245ae4528917fbf2f7eb5fffe	CultistMeleeKhorneRandomEncounter_NoGrenades				BCT_FreakshowMutant01_Portrait	NewHumanCultistsArmy	Mobs		KhorneVoidsman_CP	CultistRange_VisualSettings	Axe_Item	ScrapChainmail_Item	1	
89f226e3f70a48a5a539f048c66e7b30	Eufrates_HeraldOfTzeentch_unit					NewDaemonArmy	Mobs	Eufrates_LoC_Herald_brain		DemonHeraldOfTzeentch_VisualSettings1	TalonedHands_Item		1	
8a25c026f7ee47d2ac4085f5a7b26e63	MainDrukhari					NewDrukhariArmy	CutsceneNeutrals,Mobs	DrukhariLeaderM_GrandSpectacle_brain		DrukhariKabalite_VisualSettings	SplinterCannonPiercing_Item,SplinterPistolKabalite_Item		2	DrukhariLeaderM
8a2a916dc95f4f4e9b1c1c8d70dcd9b3	RE_DemonTransform_BlessedPlaguebearer					NewDaemonArmy	Mobs			Plaguebearer_VisualSettings	Plaguesword_Item		1	
8a2ea334e86342d49c6947f986abda00	Exhibition_ChaosSpacemarine_Ranged			SpaceMarineStandardRace	Spacemarine1_Portrait	NewChaosSpaceMarineArmy	Mobs	Exhibition_ChaosSpacemarine_Ranged_Brain		ChaosSpacemarine_VisualSettings	Exhibition_ChaosSpaceMarineBolter_Item,ChaosSpaceMarineBolter_Item		2	ChaosSpacemarine
8a387b69f0b0449784481ae72d95f689	Latyshev_Level45_RT_SoldierAM_ExportedPregen			HumanRace	PlayerAasimarPaladin01_Portrait		Player			Character_VisualSettings	LonglasT2CH04_Item,PistolShotgunCH04Unique_Item,AntiVechicle_StubRevolver_Item	VoidsmenArmour_Item	2	Character
8a6ed4ebfee74d73a0b91a6e2a4474d9	DrukhariWych_Dargonus_Range				BCT_DrukhariWych_Male_Hekatrix01_Portrait	NewDrukhariArmy	Mobs	DrukhariWychRange_Brain	RTWyches_CP	DrukhariWychGunslinger_VisualSettings	SplinterPistol_Item,PoisonedHekatariiBlade_Item	WychArmour_Item	1	
8a853e484c3e47e79da98d33d1c1a601	Guard_Ranged_DargonusLoop				JungleWorldRebel_Portrait	NewHumanImperiumArmy,HumanFortressBornArmy	TrueNeutrals,CutsceneNeutrals	RangedPositionalBaseBrain	MerovianSoldier_CP,ValantiusSoldier_CP	RogueTraderGuardPeaceful_VisualSettings	Lasgun_DargonusLoop_CH4_Item,Lasgun_Item	GuardFlakArmour_Unlootable_Item,GuardFlakArmour_Item	2	RogueTraderGuardPeaceful
8aafed95138b4f77b28db94c7c9aa10f	WorkerSector				JungleWorldRebelMelee_Portrait	HumanVoidBornArmy	CutsceneNeutrals		Lowlifers_Clan3_CP	RabbleMelee_VisualSettings	Knife_Item		1	
8ab7a7d8ca124ac8b0b602c18d31477a	Ch04Vladaym_CombatServitor_unit				JungleWorldRebelServitor_Portrait	NewHumanAdMechArmy	CutsceneNeutrals	Ch04_CombatServitor_brain		CombatServitor_VisualSettings	HeavyBolterServitor_Item		1	
8ad3418a58e842c198f4d9d0cd2d7775	EnforcerDetective1						CutsceneNeutrals			BridgeCrewMemberNavy_VisualSettings	LasPistol_Item		1	
8ad631927a48469ca92504f83d663927	NobleInPalace				Mutant1_Portrait		CutsceneNeutrals,Mobs		NobleMale_CP_Correct	Character_smallWHTest_VisualSettings			2	Character_smallWHTest
8ae17d5725ac40c8ae88cd8f4b7f68c0	LT_Beggar						CutsceneNeutrals		LT_Beggar_CP	Footfall_Worker_VisualSettings			1	
8ae6e2cfef0f492882b6ddcad709374d	DLC2_BoardedShip_DrukhariTurret					NewMachineArmy	CutsceneNeutrals			DrukhariTurret_VisualSettings	AncientTrapTurretGun_Item		1	
8b26ddee0b1c46b8908bbbbd921b63fe	WarpBeastTheodoraUnit					NewDaemonArmy	Mobs	HorrorOfTzeentchTheodora_Brain		DemonHorror_VisualSettings	TalonedHands_Item		1	
8b47e3086e954f938d4b6d2ca6e34829	BridgeCrewMemberGuard						CutsceneNeutrals		ValantiusSoldier_CP	BridgeCrewMemberGuard_VisualSettings	ChainSword_Item,LasPistol_Item	GuardFlakChestplate_Item	1	
8b4bba7f36de4bf6b4e1233c4e0b3e8a	LT_SF_CutSc_GenestealerAutogun					NewGenestealersCultArmy	CutsceneNeutrals		Genestealer1Tier_CP	GeneCultistMale_VisualSettings	Autogun_VoidCrypt_Cutscene	ArmoredBodyglove2_Item	1	
8b6a0cef0ef444c9b60540e38c6d39ea	NurgleAmbushZombieChainsword_RandomEncounter					NewHumanImperiumArmy	Mobs		Zombie_Technomat_CP,Zombie_Enforcer_CP,Zombie_VoidWorker_CP	PlagueZombieFighter_VisualSettings	ChainSword_Item,Axe_Item,Knife_Item,MutantSwordHands_Item	GuardFlakArmour_Item	4	NurgleAmbushZombieFlak_RandomEncounter>NurgleAmbushZombie_RandomEncounter>PlagueZombieFighter
8b6b66875e3d4a45a9ceda962b2b11d9	FW_SerfHungry						CutsceneNeutrals			Footfall_Worker_VisualSettings			1	
8b7e7454166a4a188b0da81c55c6f4f7	Reaper_ForMarketing_Preset_ExportedPregen			HumanRace	ImperialNavyMale,Heinrix_Portrait,PlayerAasimarPaladin01_Portrait		Player			CompanionHeinrixPrototype_VisualSettings,Character_VisualSettings	Sword_Item,ForceSword_Item,InfernoPistol_Item,CombatShotgun_Item	ArmoredBodyglove_Item,GuardFlakArmour_Item	4	HeinrixCompanion>CompanionHeinrixPrototype>Character
8b8ce88c9c254586aa71b5d21a65e71f	Summon03_Epitaph					NewNecronArmy	Mobs	Summon01_Epitaph_Brain		Ctan_VisualSettings	CtanTailWeak_Weapon		1	
8b93418a12c44db0abb6bdef27afc48a	FW_HideAndSeek1_FakeLady						CutsceneNeutrals			Footfall_WorkerFeMale_VisualSettings			1	
8b995c360f874e5d91783ebaf19e3f1a	OfficersDeckCrewFemale					NewHumanImperiumArmy	HelpingPlayer			BridgeCrewMemberNavyFemale_VisualSettings	LasPistolUnlootable_Item		1	
8bd108ac438d405cbdd26ed3d7686ccb	LT_SF_Enforcer_MeleeRanged_CutSc					NewHumanImperiumArmy	CutsceneNeutrals,HelpingPlayer	RushBaseBrain		BridgeCrewMemberNavy_VisualSettings	Autopistol_Item_Cutscene,SerratedKnife_Item	ArmoredBodyglove2_Item	2	LT_SF_Enforcer_MeleeRanged_Common
8bef8dd4419e857429706b24164a4c2b	TrapActor_Lvl30						Traps			TrapActor_Lvl03_VisualSettings	TrapDagger_Lvl30,TrapDagger_Lvl03		2	TrapActor_Lvl03
8c0d6cb32ccd46e892f0912ae0dd28fe	DrukhariWrack_MeleeRanged_PainDisciple					NewDrukhariArmy	Mobs	PainDisciple_MeleeRanged_Brain		DrukhariWrack_VisualSettings	SplinterPistolKabalite_Item,PoisonedHekatariiBlade_Item		1	
8c0f7dc44776435aafe6a0da48cad040	-PlayerRT_Level38_ArbitratorOfficer_ForTrailer			HumanRace	ComissarMale,PlayerAasimarPaladin01_Portrait		Player			Character_VisualSettings	ChainSwordT2CH4_Item,BoltPistolT2CH04_Item		2	Character
8c18f2c0edf84f209455ca75ac4bbc60	ThiefFighter_Melee_LowerTunnels					NewHumanBanditsArmy	CutsceneNeutrals		ThiefGunner_CP		Sword_Item,Axe_Item	FlakVest_Item	1	
8c3f9db096e947a29b2042178619c21c	YrlietAbductionMarazhai			EldarStandardRace	Marazhai_Portrait	NewDrukhariArmy	Mobs	DrukhariWych_BaseBrain,Sybarite_Command_Brain	RTOfficer_CP	Marazhai_VisualSettings,DrukhariSybarite_VisualSettings	DrukhariPowerSword_Item,EliteBlastPistol_Item	KabaliteArmourT2_Item	2	DrukhariSybarite
8c55ad7e1a634b1eb5fa11c94af41491	04y6_Kibellah_27lvl_ExportedPregen_ExportedPregen			HumanRace	Kibellah_NoMask_Portrait,Argenta_Portrait,PlayerAasimarPaladin01_Portrait		Player			Kibellah_VisualSettings,CompanionArgentaPrototype_VisualSettings,Character_VisualSettings	DeathCultSword_Item,DeathCultKnifeUnique_Item,DeathCultBladeT1CH2_Item,Bolter_Item	DeathCultArmour_Item,EnforcerLightCarapace_Item	3	CompanionArgentaPrototype>Character
8c5f785ca17440848c678c68e034b26d	ImperialMale_GladiatorMelee					HumanDeathWorldArmy	CutsceneNeutrals		Resistant_CP	Gladiator_VisualSettings	GreatSwordT2_Item	GuardFlakArmour_Item	1	
8c77ed9ecfc647a4b6147bfe625994d9	VasiliyAbelar_15LvL_ExportedPregen			HumanRace	Abeliard_Portrait,PlayerAasimarPaladin01_Portrait		Player			CompanionAbelardPrototype_VisualSettings,Character_VisualSettings	GreatSwordT1_Item,Shotgun_Item,PowerMaul_Item,Melta_Item	CasingChestplate_Item,EnforcerLightCarapace_Item	3	CompanionAbelardPrototype>Character
8ca95c0666144c2aa296dca5ba910019	Quetza_Fake_Shaman					NewHumanImperiumArmy	HelpingPlayer	Shaman_Brain		Footfall_Worker_VisualSettings	BlooddrinkingStaff_Item	GuardFlakChestplate_Item	2	Quetza-al_Shaman
8cacd4b8259843f0936890ca3a79f410	1IdiraCompanion_lvl38_treasureworld_ExportedPregen			HumanRace	Idira_Portrait,PlayerAasimarPaladin01_Portrait		Player			CompanionIdiraPrototype_VisualSettings,Character_VisualSettings	WraithBoneStaff_Item,ChargedStaffItem,Autopistol_Item,Longlas_Item	HeadhunterLightCarapace_Item,GuardFlakArmour_Item	3	CompanionIdiraPrototype>Character
8cb0333db2c940e7be3549788fafacf4	InfernusSister						CutsceneNeutrals			BridgeCrewMemberNavyFemale_VisualSettings			1	
8cf26e3885db48cfbfe03510fef5f3cc	HeinrixCompanionCopy			HumanRace	Heinrix_Portrait,PlayerAasimarPaladin01_Portrait		CutsceneNeutrals,Player			CompanionHeinrixPrototype_VisualSettings,Character_VisualSettings	ForceSword_Item,InfernoPistol_Item,CombatShotgun_Item,Shotgun_Item	ArmoredBodyglove_Item,GuardFlakArmour_Item	4	HeinrixCompanion>CompanionHeinrixPrototype>Character
8d07be5bd9a6459b9b102dadd7a88981	JailPlanetoidPrisonerSwarm1				JungleWorldRebelOfficerMelee_Portrait	NewHumanBanditsArmy	Mobs	RushBaseBrain		JungleWorldRebelMeleeTough_VisualSettings	Knife_Item		1	
8d0a31ca05094d8882608e3cf082e58e	Footfall_RiotGuard				BCT_Footfall_Male_Guard_Portrait	NewHumanImperiumArmy	NeutralGuards		VladaymEnforcer_CP	Footfall_Enforcer_VisualSettings	ShockBaton_Item	GuardFlakArmour_Item	2	Footfall_Enforcer
8d420c63fc4646a8b888ef39f611aee5	BlackshipCrew						CutsceneNeutrals		Inquisition_Soldier_CP	BlackshipCrew_VisualSettings	LasgunGhost_Item	GuardFlakArmour_Item	1	
8d653c79cdf948ae808225fa09dac956	RE_PossessedOfficer_Gunner				BCT_Human_Male_Rebel3_Portrait	NewHumanImperiumArmy	Mobs		VoidCrew_CP	RE_PossessedOfficer_Gunner_VisualSettings	Lasgun_Item	CasingChestplate_Item	1	
8d6c7ef0be674a75b42da2236dc7b8ee	BoardedShip_Pirate_Melee_Swarm_Unit					NewHumanBanditsArmy	Mobs	ChargerBaseBrain	WeakPirate1_CP	FootfallPirate_VisualSettings	Knife_Item		1	
8d8753a935af45f79bb913ddf5801ca4	PeacefulServitor					NewHumanAdMechArmy	CutsceneNeutrals,Mobs	RushBaseBrain		ServitorBaseMale01_VisualSettings	PincersServitorWeapon		3	MadServitor>Servitor_FWSH
8d8845b61a974212bfc1cb07277d8f52	DisciplineMaster				Jocasta_Sauerback,BCT_HumanM_RebelLeaderBogul_Portrait	NewHumanImperiumArmy	CutsceneNeutrals,Mobs	JungleWorldRebelLeader_Bogul_Brain		GeneCultistMale_VisualSettings,JungleWorldRebelLeader_Bogul_VisualSettings	PatternT2ShurikenPistol_Item	GuardFlakArmour_Item	2	JungleWorldRebelLeader_Bogul
8d8aba26e7b844da862253d3674a84ee	-GenestealerNeedlePistol_Ranged_VoidshipBridge					NewGenestealersCultArmy	Mobs	3GenestealerNeedlePistol_Ranged_VoidshipBridge_brain	Genestealer1Tier_CP	GeneCultistMale_VisualSettings	PatternT1NeedlePistol_Item	XenoMesh_Item	1	
8d91d342789142cd9852eb8c57bf5c0b	FootfallDebtor				RoleSpecialist1_Portrait	NewHumanBanditsArmy	CutsceneNeutrals,Mobs			Lair3RebelLeader_VisualSettings	Sword_Item,PlasmaPistol_Item,Hellgun_Item	ArmoredBodyglove_Item,RadiantChestplate_Item	2	Lair3RebelLeader
8dac5770e7dd41f48bb92dedd882a8c5	DLC2_NPCPet_CyberEagle				CyberEagle	NewPetArmy	CutsceneNeutrals	EaglePet_Default_Brain		CyberEagle_VisualSettings	Master_CyberEagle_Claws_Weapon		2	
8dd444264f3140408d1aea1ba1349fe6	FW_CrewMemberGuard						CutsceneNeutrals		ValantiusSoldier_CP	BridgeCrewMemberGuard_VisualSettings	ChainSword_Item,LasPistol_Item	GuardFlakChestplate_Item	1	
8ddfba97eada4d0abdca87ce75c52d85	ImperialZealot_Melee_Prison					NewHumanImperiumArmy	CutsceneNeutrals			Gladiator_VisualSettings	PowerMaul_Item	HeavyLeathersArmour_Item	1	
8e04fa928a95472ab4e40b43eb62878f	DrukhariIncubus_Melee_ArenaFiend					NewDrukhariArmy	Mobs	DrukhariIncubus_ArenaFiend_Brain		DrukhariYremeriss_Incubus_VisualSettings	DrukhariKlaive_Item	IncubusArmour_Item	4	
8e0e85fa1e8e4e369d0415d6b8ca96f3	StarportRebelSpecialist					NewHumanImperiumArmy	Mobs	StarportRebelSpecialist_Brain	RaycadRebel_Range_CP	JungleWorldRebelMeleeTough_VisualSettings	LasPistol_Item	CarapaceChestplate_Item	1	
8e2c797a14ec4caa82d4ab84cb3e4d0e	IdiraCompanion_Gamescom			HumanRace	Idira_Portrait,PlayerAasimarPaladin01_Portrait		Player			CompanionIdiraPrototype_VisualSettings,Character_VisualSettings	SniperRifle_Item,LongBarreledAutopistol_Item,Autopistol_Item,Longlas_Item	ArmoredBodyglove_Item,GuardFlakArmour_Item	4	IdiraCompanion>CompanionIdiraPrototype>Character
8e36d46a343d47cbbe1e5542cb132e92	ArgentaCompanion_Ch04_Lvl40				Argenta_Portrait		Player			CompanionArgentaPrototype_VisualSettings	ImperialPride_Bolter_Item,Flamer_Item	SlickBodyglove_Item	1	
8e449c458b65485381a59ca6761aa9f5	ArgentaCompanion_Ch05_TrueStart			HumanRace	Argenta_Portrait,PlayerAasimarPaladin01_Portrait		Player			CompanionArgentaPrototype_VisualSettings,Character_VisualSettings	ArgentaBolterUnique_Item,FlamerCH05Unique_Item,Bolter_Item,Flamer_Item	SororitasPowerArmourFury_Item,EnforcerLightCarapace_Item	3	CompanionArgentaPrototype>Character
8e5073fefa36485ca6f145071a7c2b3d	AstartiaVerserian						CutsceneNeutrals			AstartiaVerserian_VisualSettings		GuardFlakChestplate_Item	1	
8e5bb7bd19744d2a8337f8212b9f710d	OfficerInTerror						CutsceneNeutrals		NavyOfficer_CP	BridgeCrewMemberNavy_VisualSettings	LasPistol_Item		2	BridgeCrewMemberNavy
8e60971bf34f4eb8b6fc98e1934cb358	CrownWorldHarlequinRanged_FakeYrliet					NewAeldariArmy	Mobs	JungleWorldEldarRange_Brain		HarlequinMale_VisualSettings	ShurikenCatapult_Item	EldarRangerArmour_Item	1	
8e66a136f26d492c8dbc1ba1a5fcc1b9	DrukhariSslythGladiatorArena					NewCreaturesArmy	Mobs	DrukhariSslyth_brains		DrukhariSslyth_VisualSettings	SslythSplinterRifle_Basic_Item,SslythSplinterPistol_Basic_Item,SslythChainSword_Basic_Item		1	
8e7e615d0b1a4689a2102af31474d018	JungleWorldEldarUnit_TrailerCinematic				JungleWorldEldarRanger_Portrait	NewAeldariArmy	Mobs			4JungleWorldEldarUnit_TrailerCinematic_VisualSettings	ShurikenCatapult_Item_TrailerCinematic	EldarRangerArmour_Item	1	
8e8c11d6268d4651b62ab9752ff440f7	2PlayerRT_Level38_ArbitratorOfficer_AltTimer_Pregen			HumanRace	NeutralMale,PlayerAasimarPaladin01_Portrait		Player			Character_VisualSettings	GreatSwordT2_Item,LonglasCH04_Item,SniperRifleMammonthkiller_Item,ChainSwordT2CH4_Item	VoidsmenArmour_Item	2	Character
8e8fa1bcb6664271b5a0383cb353fac2	Kibellah40lvl_ExportedPregen			HumanRace	Argenta_Portrait,PlayerAasimarPaladin01_Portrait		Player			CompanionArgentaPrototype_VisualSettings,Character_VisualSettings	BloodseekerKlaive_Item,VenomBladeT2CH04_Item,AutoStriking_PowerSword_Item,Bolter_Item	Assault_EnforcerLightCarapace_Item,EnforcerLightCarapace_Item	3	CompanionArgentaPrototype>Character
8e9e1e6e1c5143789b535f5c4e34a314	ThiefLeader_Ranged_LowerTunnels					NewHumanBanditsArmy	CutsceneNeutrals	ThiefLeader_LowerTunnels_Brain			BoltPistol_Item	ScrapChainmail_Item	1	
8eb74d0111244b81af7c09004fbc354a	ImperialSoldier_Ranged_Prison				BCT_Footfall_Male_Guard_Portrait	NewHumanImperiumArmy	CutsceneNeutrals	ImperialSoldier_Prison_Brain	Resistant_CP	Footfall_NobleGuard_VisualSettings	Lasgun_Item	XenoMesh_Item	1	
8ec72d9c0b3b44afb1b7dccef5d9736c	GhostSpaceMarine_Bolter_Ranged_UlfarQ2			SpaceMarineStandardRace		NewSpaceMarineArmy	Mobs	GhostSpaceMarine_Bolter_Ranged_UlfarQ2_brain		GhostSpaceMarine_VisualSettings	AstartesPlasmaPistolT0_Item,FrostAxe_Item		1	
8eedf78c95d3472eb2325b40ef359048	DrukhariMandrake_Charge_QuarryWorld					NewDrukhariArmy	Mobs	DrukhariMandrake_Charge_QuarryWorld_Brain			VenomBladeT2CH04_Item		1	
8f03c7d428b74639a059276d991ad7f5	-Latyshev_Kibellah_Exec_Level34_ExportedPregen			HumanRace	Kibellah_NoMask_Portrait,Argenta_Portrait,PlayerAasimarPaladin01_Portrait		Player			Kibellah_VisualSettings,CompanionArgentaPrototype_VisualSettings,Character_VisualSettings	VenomBlade_Item,PowerSword_Item,JaeQuest_DrukhariKlaive_Item,Bolter_Item	ImpovedDeathCultBreastplate_Item,EnforcerLightCarapace_Item	3	CompanionArgentaPrototype>Character
8f19741844dfaef4f83a9dc2b265bd52	DefaultUnit						Neutrals			DefaultUnit_VisualSettings			1	
8f4a5a87fdd74e21b9d9300708fc31e6	RadicalBodyguard					NewHumanImperiumArmy	Mobs	RadicalBodyguard_brain	OrsellioLoyal_Soldier_CP	RadicalBodyguard_VisualSettings	Bolter_Item	GuardFlakArmour_Item	1	
8f7692f2e46d4959b8501115905c2a34	BoardedShip_Arbites_Clayton_Pregen			HumanRace	ArbitratorClayton,PlayerAasimarPaladin01_Portrait		Player			Arbites_Male_VisualSettings,Character_VisualSettings	0Arbites_HeavyStubber_BoardedShip_Unlootable_Item,Arbites_Shotgun_BoardedShip_Unlootable_Item,StubRevolverSingleShot_Item	2Arbites_StandartArmour_BoardedShip_Unlootable_Item	3	StartGame_Player_Unit>Character
8f852ad890c840ae9f83245b037361b4	presset_RT_ServoSkull_ExportedPregen			HumanRace	PlayerAasimarPaladin01_Portrait		Player			Character_VisualSettings	StaffofEndlessFlame_Item,PyromancersStaff_Item	XenoCeramiteChestplate_Item	2	Character
8fa02239cb094478ada9883f15c05869	DrukhariWychMelee_GrandSpectacle_unit					NewDrukhariArmy	Mobs	DrukhariWychMelee_GrandSpectacle_brain	PoisWhisp_Wyches_CP	DrukhariWychPrototype_VisualSettings	VenomBladeKabalite_Item	WychArmour_Item	1	
8fa2901571d94c198bc8a60f268a53c2	ML_RealNuncius_fake				Mutant1_Portrait		CutsceneNeutrals,Mobs			Character_smallWHTest_VisualSettings			1	Character_smallWHTest
8fb22c0f09a6439ca65ae37481fda1eb	RoaringMale_GladiatorMelee2					HumanDeathWorldArmy	CutsceneNeutrals			Gladiator_VisualSettings	Knife_Item	GuardFlakArmour_Item	1	
8fc4a3bad74b48bd9f2d65025c860793	PascalCompanion_LvL40_Bakula_ExportedPregen			HumanRace	Pascal_Portrait,PlayerAasimarPaladin01_Portrait		Player			CompanionPascalPrototype_VisualSettings,Character_VisualSettings	OmnissiahAxe_Item,PlasmaRifleT2CH4_Item,PlasmaRifle_Item,Autogun_Item	CommissarFlakBreastplate_Item,EnforcerCarapace_Item,GuardFlakArmour_Item	4	PascalCompanion>CompanionPascalPrototype>Character
8fcb9c984f0b411ab3c1fefd4770abf7	PascalCompanion_Ch02_Lategame			HumanRace	Pascal_Portrait,PlayerAasimarPaladin01_Portrait		Player			CompanionPascalPrototype_VisualSettings,Character_VisualSettings	HandOfXenocide_OmnissiahAxe_Item,Cooler_PlasmaRifle_Item,OmnissiahAxe_Item,PlasmaRifle_Item	FireproofCarapace_Item,EnforcerCarapace_Item,GuardFlakArmour_Item	4	PascalCompanion>CompanionPascalPrototype>Character
8fcdb970ffa2423793090ef80e4e17ac	VC_Prefect				Prefect		CutsceneNeutrals			ServantFemale_VisualSettings			1	
9052fb97c0a44a869876b30390524e89	HumanArchitect_Melee_SurvivorCamp_State2_Izdrig					NewHumanImperiumArmy	HelpingPlayer	HumanDefender_SurvivorCamp_Brain	ValanciusEnforcer_CP	0Zarkov_Military_SurvivorCamp_VisualSettings_Male	GreatswordT2CH4_Item	GuardFlakChestplate4_Item	2	1HumanArchitect_Melee_SurvivorCamp_State2_Kuravich
905e090b460f468bbc4878540c76f6f5	Bandit				Mutant1_Portrait		CutsceneNeutrals,Mobs		DargonusPunishing_CP,NobleMale_CP_Correct	Character_smallWHTest_VisualSettings			3	NobleInPalace>Character_smallWHTest
905e5ebd084a4366a2904da7fe030b6e	NecronDeathmark_Ranged_StryxShed					NewNecronArmy	Mobs	NecronDeathmark_StryxShed_Brain,NecronDeathmark_Brain		NecronDeathmark_VisualSettings	NecronDeathmarkRange_Weapon		2	NecronDeathmark_Prototype
906197899b9d40d8b1f0189a57fbd7b2	HeretekArtisan					NewHumanAdMechArmy	Mobs	ArtisanAoE_Brain		HeretekArtisan_VisualSettings	OmnissiahAxe_Item		1	
9074eaa678654f0c9ece4a88158d1b9f	NavisNobiliteServant_Mutant				BCT_HumanM_Servant_Portrait		CutsceneNeutrals			Servant_VisualSettings			1	
907f9aaf16f848fe84093e3174dbd841	0Latyshev_Abelard_Vanguard_Level25_ExportedPregen			HumanRace	Abeliard_Portrait,PlayerAasimarPaladin01_Portrait		Player			CompanionAbelardPrototype_VisualSettings,Character_VisualSettings	EliteChainSword_Item,PowerClaymore_Item,PowerMaul_Item,Melta_Item	HeavyXenoMeshOrigin1_Item,EnforcerLightCarapace_Item	3	CompanionAbelardPrototype>Character
9099a10faa054b40b8cd41ffce2bcdba	JaeGuard_Torra					NewHumanImperiumArmy,NewHumanBanditsArmy	NeutralGuards,Mobs	RangedRushBaseBrain	JaeBandit_CP,Anver_Common_CP	FootfallBanditFemale_VisualSettings,FootfallBandit_VisualSettings	Lasgun_Item,Axe_Item,ChainSword_Item,Autopistol_Item		3	JaeGuard>FootfallAnver_MeleeRanged_Swarm
90aaf5dac9721c2488457ece75bf4f1d	TrapActor_Lvl25						Traps			TrapActor_Lvl03_VisualSettings	TrapDagger_Lvl25,TrapDagger_Lvl03		2	TrapActor_Lvl03
90bf70c0ac6e48309961745d9032eabf	VC_CourtHerald						CutsceneNeutrals			Footfall_Worker_VisualSettings			1	
90c920c3102847019b91104d0b7393fc	YoungGuard_impostor					NewHumanImperiumArmy	CutsceneNeutrals	YoungGuard_brain		YoungGuard_impostor_VisualSettings	LasPistol_Item	GuardFlakChestplate_Item	1	
90d3a1bba90943a18c7aa536525d0eb7	MasterGunner				BCT_HumanM_RebelLeaderBogul_Portrait	NewHumanImperiumArmy	CutsceneNeutrals,Mobs	JungleWorldRebelLeader_Bogul_Brain		JungleWorldRebelLeader_Bogul_VisualSettings	PatternT2ShurikenPistol_Item	GuardFlakArmour_Item	2	JungleWorldRebelLeader_Bogul
90df3f7331924dbd9c72abe614b30c6c	JaeCompanion_Ch02_Lategame			HumanRace	Jae_Portrait,PlayerAasimarPaladin01_Portrait		Player			CompanionJaePrototype_VisualSettings,Character_VisualSettings	Hellgun_Item,SplinterPistol_Item,ExpandedStubRevolver_Item,HellPistol_Item	Assault_EnforcerLightCarapace_Item,ArmoredBodyglove_Item,EnforcerLightCarapace_Item	4	JaeCompanion>CompanionJaePrototype>Character
90e8c3f05293408baeb671d65be93abb	AdministratumQueueMemberM1				JungleWorldRebel_Portrait		CutsceneNeutrals		PlebMale_CP	Servant_VisualSettings	Knife_Item		1	
90eeaa6dd23d4b6e9847f8e43799a808	Footfall_ChordaEnforcer_Melee						CutsceneNeutrals		Pleb_CP	Footfall_Hobo_VisualSettings	ShockBaton_Item		1	
911827a988584e9aaf48191a8b9db164	OP_Pirate_Captain						CutsceneNeutrals				NobleSword_Item		1	
913062a7d4644c6e93990674a62c7b84	4y6_Yrliet_22lvl_ExportedPregen			EldarStandardRace,HumanRace	Yrliet_Portrait,PlayerAasimarPaladin01_Portrait		Player			CompanionYrlietPrototype_VisualSettings,Character_VisualSettings	JaeQuest_LongRifle_Item,LongRifle_Item	EldarRangerArmour_Item	3	CompanionYrlietPrototype>Character
916368f780bb40e78cad8d541c34180d	Yanus19Pascal_ExportedPregen			HumanRace	Pascal_Portrait,PlayerAasimarPaladin01_Portrait		Player			CompanionPascalPrototype_VisualSettings,Character_VisualSettings	AOO_OmnissiahAxe_Item,BolterT1_Item,OmnissiahAxe_Item,PlasmaRifle_Item	FireproofCarapace_Item,EnforcerCarapace_Item,GuardFlakArmour_Item	4	PascalCompanion>CompanionPascalPrototype>Character
9177910c1bbf4f6b84e9dbde22e04fed	DrukhariWarrior_Melee_Prison					NewDrukhariArmy	CutsceneNeutrals		RTSoldier_CP	DrukhariWychPrototype_VisualSettings	HekatariiBladeT2_Item	KabaliteArmourT2_Item	1	
91a1777cfad54e95b311be7afb1d08c1	JungleWorldRebelElite					NewHumanImperiumArmy	Mobs	RangeCommonBaseBrain	JanusRebel_Elite_CP	JungleWorldRebelElite_VisualSettings	Melta_Item	ScrapChainmail_Item	1	
91b0871da82e43e8b10f71f697ab04aa	NecronLokhustHeavyDestroyer_Reaper				DarkMechanicus_Portrait	NewNecronArmy	Mobs			NecronLokhustHeavyDestroyer_VisualSettings	GaussGun_Weapon		1	
91bdc80ff2e14e269b1bc5abb8f4f045	SurvivorCamp_NPC_Butcher					NewHumanImperiumArmy	CutsceneNeutrals	TreasureWorld_Arbites_ShieldNShotgun_Brain	ArbitesTrooper14_CP	0Zarkov_Civilian_SurvivorCamp_VisualSettings_Male	ArbitesFoehammer_Item	ArbitesHeavyArmourCommon_Item	1	
91c7adf960bf44ff84644a51809a5f57	0CassiaCompanion_Level42_OlegParty_ExportedPregen			HumanRace	Cassia_Portrait,PlayerAasimarPaladin01_Portrait		Player			CompanionCassiaPrototype_VisualSettings,Character_VisualSettings	BloodhoundNavigatorStaff,StaffOfHouseCassini,Longlas_Item,Autopistol_Item	VoidsmenArmour_Item,GuardFlakArmour_Item	3	CompanionCassiaPrototype>Character
91cfad98a5054b7db2ef36caf86843c0	Tech_BoardedShip_Bridge2					NewMachineArmy	TrueNeutrals			Tech_BoardedShip_VisualSettings			9	
91cfd33f7d6144028d7211ef746f54cd	BoardedShip_Arbites_Bryce_Pregen			HumanRace	ArbitratorBryce,PlayerAasimarPaladin01_Portrait		Player			Arbites_Male_VisualSettings,Character_VisualSettings	3Arbites_ExcruciatorMaul_BoardedShip_Unlootable_Item,.Arbites_ShotPistol_BoardedShip_Unlootable_Item,StubRevolverSingleShot_Item	Arbites_BryceArmour_BoardedShip_Unlootable_Item	3	StartGame_Player_Unit>Character
91ddeae883e5c404084e934bfcbbe7fd	TrapActor_Lvl21						Traps			TrapActor_Lvl03_VisualSettings	TrapDagger_Lvl21,TrapDagger_Lvl03		2	TrapActor_Lvl03
91f7b380d8874cbea638819145105fb3	AltGoals_CultistTzeentchPortalHolder					NewHumanCultistsArmy	Mobs	TzeentchCultistPortalHolder_Brain		CultistRange_VisualSettings		ScrapChainmail_Item	4	
922393973f283de4aa5908fb84cfb2e8	Character_MeleeWHTest						Mobs			Character_MeleeWHTest_VisualSettings			2	
9225770be50547bebc50ccfb496bcd1f	ArgentaCompanion_Ch04_TrueStart			HumanRace	Argenta_Portrait,PlayerAasimarPaladin01_Portrait		Player			CompanionArgentaPrototype_VisualSettings,Character_VisualSettings	PreciseBolter_Item,MeltaT2CH3_Item,Bolter_Item,Flamer_Item	XenoCeramiteChestplate_Item,EnforcerLightCarapace_Item	3	CompanionArgentaPrototype>Character
92270bb083804c40be07d2efa21965e3	SurvivorCamp_NPC_Male_Dialogue					NewHumanImperiumArmy	CutsceneNeutrals	TreasureWorld_Arbites_ShieldNShotgun_Brain	ArbitesTrooper14_CP	0Zarkov_Civilian_SurvivorCamp_VisualSettings_Male	ArbitesFoehammer_Item	ArbitesHeavyArmourCommon_Item	1	
92344928af404c879c2b9cbe450c41aa	JungleWorldRebelWeakGrenede				BCT_Human_Male_NoArmor_Rebel02_Portrait	NewHumanImperiumArmy	Mobs	RangedPositionalGrenadeBrain,RangedPositionalBaseBrain	JanusRebel_Regular_CP	JungleWorldRebel_VisualSettings	Lasgun_Item		2	JungleWorldRebel
92686793201147dabf67364e175cc427	CassiaCompanionCh02Start			HumanRace	Cassia_Portrait,PlayerAasimarPaladin01_Portrait		Player			CompanionCassiaPrototype_VisualSettings,Character_VisualSettings	StaffOfHouseOrsellio,Longlas_Item,Autopistol_Item	ArmoredBodyglove_Item,GuardFlakArmour_Item	3	CompanionCassiaPrototype>Character
9291795686454f31a04bbb2417b13320	Q2_ElderBrotherBridge						CutsceneNeutrals			BridgeCrewMemberNavy_VisualSettings	NeedlePistol_Item		1	
929a8808af044749bf50a3f7c45e9512	MacrocannonMutantPsyker				BCT_Human_Male_Cultist2_Portrait	NewHumanImperiumArmy	Mobs	RangedPositionalBaseBrain		MacrocannonMutantPsyker_VisualSettings	Lasgun_Item	ScrapChainmail_Item	1	
92a9b0fb744d464c837785bef31e61d0	TradeAmbassador				Mutant1_Portrait		CutsceneNeutrals,Mobs			Character_smallWHTest_VisualSettings	NeedlePistol_Item		2	Character_smallWHTest
92b02a5945ee4613bcf98bf2b5ae4a81	PlagueZombie_Melee_BlackShip					NewHumanImperiumArmy	Mobs		Zombie_BlackShipGuard_CP	PlagueZombie_VisualSettings	PlagueZombie_Claws_Weapon		1	
92b4505206eb4960ba6137d8188389dd	PossessedGuardLasgunRandomEncounter				BCT_Male_Lowerdecks_Guard_Portrait	NewHumanImperiumArmy	Mobs,HelpingPlayer		ValantiusSoldier_CP	Guard_VisualSettings	Lasgun_Item,Shotgun_Item	GuardFlakChestplate_Item	2	Guard
92d48cd2d8664b3ea910536859dd4a32	Argenta_Bakula_46_ExportedPregen			HumanRace	Argenta_Portrait,PlayerAasimarPaladin01_Portrait		Player			CompanionArgentaPrototype_VisualSettings,Character_VisualSettings	AutogunM40_Item,PistolShotgunCH04Unique_Item,AutopistolTier2_Item,Bolter_Item	HuntingCarapace_Item,EnforcerLightCarapace_Item	3	CompanionArgentaPrototype>Character
92fc46e25b2343888f850c3d2641cc2a	presset_RT_Mastiff_ExportedPregen			HumanRace	PlayerAasimarPaladin01_Portrait		Player			Character_VisualSettings	StubRevolverSingleShot_Item		2	Character
930f3f456b204a87a56a57f01fa4ef10	NecronWarrior_MeleeRanged_Lair3					NewNecronArmy	Mobs	NecronWarrior_Lair3_Brain		NecronWarrior_VisualSettings	NecronWarriorRanged_Epitaph_Item,NecronWarriorMelee_Epitaph_Item		1	
93148b0f09b040e19a9ee0d5dd0d407f	DrukhariYremeriss_Thrallmaster_unit					NewDrukhariArmy	Mobs	DrukhariYremeriss_Thrallmaster_brain		DrukhariThrallmaster_VisualSettings	DarkLance_Item	KabaliteArmourT2_Item	1	
9322f04029fc4a7eaffa4349b0eed1d1	NobleInPalaceWRifle				Mutant1_Portrait		CutsceneNeutrals,Mobs		NobleMale_CP_Correct	Character_smallWHTest_VisualSettings	Lasgun_Item		3	NobleInPalace>Character_smallWHTest
93238ea2364046998fbdde52ab2357a9	SC_DW_Beast_Tail_4					NewBeastLimpArmy	Mobs	SC_DW_Beast_Tail_Brain,SC_DW_Beast_Tail_Brain_React		DW_Beast_Tail_VisualSettings			2	SC_DW_Beast_Tail_1
93420269f45f4b45a8cb376ed01c298b	MadTechPriestLogi					NewHumanAdMechArmy	Mobs	MadTechpriest_DataBlessing_Brain	Techpriest_CP	MadTechPriestLogi_VisualSettings	MarksmanRifle_Item	GuardFlakChestplate_Item	1	
935ac31e575a4526a3d7ec62d37b7bd5	AgriWorldGovernorCompanion_Carapace					NewHumanImperiumArmy	Mobs	CultistSummonerPositionalBrain		AgriWorldGovernorCompanion_VisualSettings	Knife_Item		2	AgriWorldGovernorCompanion
936b7efe0dec489995ab31413369b315	SecretaryServitor				Mutant1_Portrait		CutsceneNeutrals,Mobs			ServitorBaseMale01_VisualSettings,Character_smallWHTest_VisualSettings			2	Character_smallWHTest
936fe46f77b44f30823220580fe6557d	3TarzusTechPriestStubcarbine_Technomat_AdeptTactical					NewHumanAdMechArmy	CutsceneNeutrals	TarzusMadTechPriestStubcarbine_Technomat_AdeptTactical_brain		MadTechPriest_VisualSettings	Stubcarbine_Item	GuardFlakArmour_Item	1	
9377b7f1613144f6881807c9fe806d97	JungleWorldRebelMeleeToughArmoured					NewHumanImperiumArmy	Mobs	AgriworldJungleSmartMelee_Brain	JanusRebel_Melee_CP	1JungleWorldRebelMeleeToughArmoured_VisualSettings	SwordT2CH02_Item	FlakVest2_Item	1	
93884503579e42bda54352f513c93c73	CagedPsyker1					NewHumanImperiumArmy	CutsceneNeutrals,Mobs	RangedPositionalBaseBrain	CagedPsykers_CP,JanusRebel_Regular_CP	JungleWorldRebel_VisualSettings	Lasgun_Item		2	JungleWorldRebel
939d136fbfa24b76a830df46cb0ed980	Lair3RebelFlamethrougher				BCT_Male_BanditFlamethrower_Portrait	NewHumanBanditsArmy	Mobs			Lair3RebelFlamethrougher_VisualSettings	Flamer_Item	GuardFlakArmour_Item	1	
93a3ba5c86d34a76b2cb69abdda18ddd	Sayonara_23_GG_ExportedPregen			HumanRace	CriminalMale,PlayerAasimarPaladin01_Portrait		Player			StartGame_Pregen_Adept_VisualSettings,Character_VisualSettings	SniperRifleT2_Item,Longlas_Item	FencingBodyglove_Item	11	Character
93a59ffffe8948eea31aa67bc0cbdbde	TreasureWorld_ContainerAnchorPoint1					NewMachineArmy	CutsceneNeutrals			1TreasureWorld_ContainerAnchorPoint_VisualSettings			2	
93af3819844d442e94d36cd070e98d68	LT_SF_NPC_CutSc_ClerkwithWeapon						CutsceneNeutrals		Clerk_CP	BridgeCrewMemberTechnician_VisualSettings	LasPistol_Item		2	LT_Clerk
93b02fe2c2d04397aeece8661c6ca77d	DLC2_NPC_PetVendor						CutsceneNeutrals						1	
93c36ae94649458ea4e8f6411b88a2a8	SmugglerCompanion_JaeQ1			HumanRace	Jae_Portrait,PlayerAasimarPaladin01_Portrait	NewHumanImperiumArmy	NeutralGuards,Player	SmugglerCompanion_JaeQ1_Brain		CompanionJaePrototype_VisualSettings,Character_VisualSettings	ShurikenPistol_Item,SplinterPistol_Item,EldarChainSword_Item,SniperRifle_Item	ArmoredBodyglove_Item,EnforcerLightCarapace_Item	4	JaeCompanion>CompanionJaePrototype>Character
93e93e51e3b746d0be6eaf6d6679d82f	Footfall_RichCommoner						CutsceneNeutrals		NobleMale_CP_Correct	Footfall_Commoner_VisualSettings			1	
93f846dad311464f8706e7829825e78b	Footfall_CommonerFlamer						CutsceneNeutrals		PlebMale_CP	Footfall_Commoner_VisualSettings	Flamer_Item		1	
940b52606b6641d3ae1a4c73619439c6	DeathCultist_Guard_Female						CutsceneNeutrals		DeathCultist_Guard_Female_CP	GeneCultistFemale_VisualSettings	ChainSword_Item,LasPistol_Item	GuardFlakChestplate_Item	1	
9416b808fdb34ae0853b89455652b712	PiratesVsNavy_admiral_Fake						CutsceneNeutrals			Footfall_Delegate_VisualSettings		GuardFlakChestplate_Item	1	
941baea5432641acb0fa44b9d9d9626f	PolygonTest_TurretNoShoot1					NewMachineArmy	Mobs			PolygonTest_TurretNoShoot1_VisualSettings	MutantSwordHands_Item	IncubusArmour_Item	1	
9423251e46e248d08dfae6ec3ee41497	Solomorne_LvL38_Varl1n_v2_ExportedPregen				SolomorneAnthar		Player			Winterscale_Companion_VisualSettings	FinalChordShotgun_Item,TorturerMaul_Item	ArbitesArmour_Item	1	
9441cab8372140709888260d74c41aab	Kassia_Bakula_level36_ExportedPregen			HumanRace	Cassia_Portrait,PlayerAasimarPaladin01_Portrait		Player			CompanionCassiaPrototype_VisualSettings,Character_VisualSettings	BloodhoundNavigatorStaff,StaffOfHouseCassini,Longlas_Item,Autopistol_Item	AssaultArmour_Item,GuardFlakArmour_Item	3	CompanionCassiaPrototype>Character
9446c38ba1354ac3b6dd99f384632f97	DrukhariProselyte_Ranged_Portals				BCT_DrukhariKabalite_Male_Base01_Portrait	NewDrukhariArmy	Mobs	RangedPositionalBaseBrain	ArenaWyches_CP	DrukhariKabalitePrototype_VisualSettings	Hexrifle_Item	KabaliteArmourT2_Item	1	
948abdeffc744794589d6b3f59a1cd0f	IdiraCompanion			HumanRace	Idira_Portrait,PlayerAasimarPaladin01_Portrait		Player			CompanionIdiraPrototype_VisualSettings,Character_VisualSettings	SniperRifle_Item,Autopistol_Item,Longlas_Item	ArmoredBodyglove_Item,GuardFlakArmour_Item	3	CompanionIdiraPrototype>Character
94bcd2fb78b340d98357d2df11a3b8f8	FootfallAnverChargerLeutenant_Melee_Common					NewHumanBanditsArmy	Mobs	FootfallEmberBrain		FootfallBanditHeavy_VisualSettings			1	
94c2f921d1bb469e9388add69ae078c7	HeretekMagiUralonSidekick2				BCT_Human_Male_HeretekMagi_Portrait	NewHumanAdMechArmy	Mobs	MagosCommon_ScrapCodeMeleeProtocols_Brain	CorruptedTechpriest_Normal_CP	HeretekMagi_VisualSettings	Autogun_Item	ForgeArmour_Item	1	
94c97dcbd1e7405d944307d4b654d5c3	LT_BlindMan						CutsceneNeutrals			Footfall_Worker_VisualSettings			1	
94f1c2b53a9e4900a1c1e307da6f026e	Exhibition_HelBrute				Mechanicus2_Portrait	NewDaemonArmy	Mobs	HelbruteLair1_brain		Helbrute_VisualSettings	Exhibition_HelbruteAutocannon_Item,Exhibition_HelbruteFist_Item,HelbruteAutocannon_UlfarQuest_Item,HelbruteFist_UlfarQuest_Item		2	HelBruteLair01
94f3d93690fa4a92afcd6265ae2aa045	DrukhariWych				JungleWorldEldarRanger_Portrait	NewDrukhariArmy	Mobs	DrukhariWych_BaseBrain	RTWyches_CP	DrukhariWych_VisualSettings	HekatariiBlade_Item	WychArmour_Item	1	
95053f996fe041a0bb73d52efe4d483d	MadTechPriestArcRifle_Technomat				BCT_Human_Male_Technomat02_Portrait	NewHumanAdMechArmy	Mobs	RangedPositionalBaseBrain	BattleTechnomat_CP	MadTechPriest_VisualSettings	ArcRifleT2_Item	GuardFlakArmour_Item	1	
9510ad5009b44744a55cebfad16bf776	ScavengerLeader				JungleWorldRebelSpecialist_Portrait		CutsceneNeutrals			ScavengerLeader_VisualSettings	RipperAutopistol_Item	GuardFlakArmour_Item	1	
951181e2deb24b90ad36dcc43e5c551f	Footfall_JaeCanteenaSceneBandit1					NewHumanBanditsArmy	Mobs	RangedRushBaseBrain	Anver_Common_CP	FootfallBandit_VisualSettings	Autopistol_Item,Axe_Item,ChainSword_Item		2	FootfallAnver_MeleeRanged_Swarm
9513a791d01446f996146b4235e95069	ServitorChaosSelfDestruct					NewHumanAdMechArmy	Mobs	ServitorChaosSelfDestruct_Brain		ChaosSevitorMale03_VisualSettings	PincersServitorWeapon		1	
95140674e5654607a1d2f418e50e47c7	LT_DeathCultist_Accident_End						CutsceneNeutrals			GeneCultistMale_VisualSettings	Knife_Item		1	
95174e14296d4f9a9b6a5d7fec4eef39	Theodora				Theodora_Portrait		CutsceneNeutrals			ScavengerLeader_VisualSettings	RipperAutopistol_Item	GuardFlakArmour_Item	1	
956085e0dac242219820712c985717fa	Eogann_50_HardlightLab_ExportedPregen						Player			Eogann_VisualSettings	ArcRifleUniqueCh4V1_Item		1	
95a9ef83a4e14461a83b7a7b9f48bc8a	LT_Hucksters						CutsceneNeutrals		Pleb_CP	Footfall_GenericVendor_VisualSettings			1	
95b09c7f0e1047de90161e3ed1527d53	NaviRepresentive				Mutant1_Portrait		CutsceneNeutrals,Mobs		OrsellioLoyal_NavigatorsM_CP,NobleMale_CP_Correct	NaviTraditionalistLeader_VisualSettings,Character_smallWHTest_VisualSettings	ChainSword_Item		3	NobleInPalace>Character_smallWHTest
95b0c1f5ebf2408095bfa21f92fdf14d	PascalCompanion_Level15_ExportedPregen			HumanRace	Pascal_Portrait,PlayerAasimarPaladin01_Portrait		Player			CompanionPascalPrototype_VisualSettings,Character_VisualSettings	OmnissiahAxe_Item,SniperRifle_Item,PlasmaRifle_Item,Autogun_Item	HolyVestment_Item,EnforcerCarapace_Item,GuardFlakArmour_Item	4	PascalCompanion>CompanionPascalPrototype>Character
95d579779b2e467eb411daf200d6355d	Defiler_Prototype					NewDaemonArmy	Mobs			Defiler_VisualSettings			1	
95f5e3ac03cb4f66a7198ff7d5ff733c	CassiaCompanion_Ch03_Demo			HumanRace	Cassia_Portrait,PlayerAasimarPaladin01_Portrait		Player			CompanionCassiaPrototype_VisualSettings,Character_VisualSettings	StaffOfHouseOrsellio,Repeater_Longlas_Item,Longlas_Item,Autopistol_Item	SlickBodyglove_Item,GuardFlakArmour_Item	3	CompanionCassiaPrototype>Character
95fcf80cf5114c8c9e494a72c348577d	RE_MadServoSkull				Soldier1_Portrait	NewHumanAdMechArmy	Mobs	MadServoskullRandomEncounter_Brain		ServoSkull_VisualSettings			1	
9634bd8e520e46e38c1c91c03fcffbff	DrukhariTurret					NewMachineArmy	Mobs			DrukhariTurret_VisualSettings	AncientTrapTurretGun_Item		1	
963f4976172c4a53964613e4414ec610	ML_Geomancer_fake					NewNecronArmy	CutsceneNeutrals			Dummy999_VisualSettings			1	
96448fb598d34aa38b0c38c556f767cf	OverchargedServitor				Mutant1_Portrait		CutsceneNeutrals,Mobs			ServitorBaseMale03_VisualSettings,Character_smallWHTest_VisualSettings	MutantOverchargedSwordHands_Weapon		2	Character_smallWHTest
96515e7237984c90b5bb4462d51b1e96	Augmentator				Ferrenc		CutsceneNeutrals						1	
9656dd2d816f48ad81c6e3238b1ed7de	FootfallAnverAvangeMeLeader_Melee_Elite					NewHumanBanditsArmy	Mobs	RangedPositionalBaseBrain		FootfallBanditRingleaderMelee_VisualSettings	ChainAxe_Item	HeavyLeathersArmour_Item	1	
966173d1e56646f8a9545669372288ce	Footfall_Piligrim						CutsceneNeutrals		PiligrimMale_CP	Footfall_Piligrim_VisualSettings		GuardFlakChestplate_Item	1	
9666d93333a045f1a11d0b6edbd0fcbe	CorruptedEnginseer				Mechanicus1_Portrait	NewHumanAdMechArmy	Mobs			CorruptedEnginseer_VisualSettings	RipperAutopistol_Item	CasingChestplate_Item	1	
96750abf6ce748faa12e00742895fbef	RE_HorrorOfTzeentchPink_FromServitor				HorrorOfTzeentch_Pink_v02_Portrait	NewDaemonArmy	Mobs	HorrorOfTzeentchPink_RangeBrain_FromServitor		DemonHorror_VisualSettings	TalonedHands_Item		1	
967c1e13d4be4cb2b40723f2665212e9	Abelard_Bakula_level36_ExportedPregen			HumanRace	Abeliard_Portrait,PlayerAasimarPaladin01_Portrait		Player			CompanionAbelardPrototype_VisualSettings,Character_VisualSettings	AnverChainSword_Item,CombatShotgun_Item,PowerMaul_Item,Melta_Item	TempestusCarapace_Item,EnforcerLightCarapace_Item	3	CompanionAbelardPrototype>Character
967ce5c5ed09402dae7cb29fa325c6ba	FW_Horse_Fake_Governor				GardenWorldBeast_Portrait	NewCreaturesArmy	Neutrals,Mobs	RushBaseBrain		FW_Horse_VisualSettings,JungleBeast_VisualSettings	ClawsJBeastAlphaWeapon,BiteJBeastComWeapon		2	JungleBeastPrototype
96870badaa864101a86ecf517952763c	CorruptedSkitarii_Ranged				BCT_Human_Male_Cultist1_Portrait	NewHumanAdMechArmy	Mobs	CorruptedSkitarii_Ranged_brain		CorruptedSkitari_VisualSettings	SniperRifleT2CH4_Item		1	
96a0f99c62cf47e2887e818512c3648f	DrukhariWrack_MeleeRanged_Lab02					NewDrukhariArmy	Mobs	DrukhariWrackLab_MeleeRanged_Brain		DrukhariWrack_VisualSettings	HekatariiBladeT2CH04_Item,ShurikenPistolT2CH04_Item		1	
96bb0ae6a5884d0a946fec121d97c02e	NurgleZombieSwarm03_RandomEncounter				BCT_LowerdecksNurgleZombieNoArmor_Portrait	NewHumanImperiumArmy	Mobs	RE_SuicidalZombie_Brain	Zombie_VoidWorker_CP	PlagueZombieFighter_VisualSettings	MutantSwordHands_Item		2	PlagueZombieFighter
96bd02b93f184c9385301fab23c84e0b	CompanionPascalPrototype			HumanRace	Pascal_Portrait,PlayerAasimarPaladin01_Portrait		Player			CompanionPascalPrototype_VisualSettings,Character_VisualSettings	Autogun_Item,OmnissiahAxe_Item	GuardFlakArmour_Item	2	Character
96c325159d4d41c3ad6d94e12b5a7b33	PossessedPsyker					NewHumanImperiumArmy	Mobs	RangedCloseBaseBrain		PossessedPsyker_VisualSettings	PlasmaPistol_Item	ArmoredBodyglove2_Item	1	
96d02f9489e04ca3b6e5333ae2d7ccd8	DLC3_DL_Guard_Melee_Unit					NewHumanImperiumArmy	Mobs	DLC3_DL_Guard_Melee_Brain	Inquisition_Soldier_CP	RogueTraderGuardPeaceful_VisualSettings	DLC3_DL_Guard_Axe_Item	DLC3_DL_Guard_GuardFlakArmour_Item	1	
96faed3d709b45968d4248cf32befd8a	DrukhariHekatrix				JungleWorldEldarRanger_Portrait	NewDrukhariArmy	Mobs	KabalitePositionalBaseBrain	RTWychesFemale_CP	DrukhariHekatrix_VisualSettings	VenomBladeKabalite_Item	WychArmour_Item	1	
96fc113b220a4c8c934df845ae8a9a5c	AbelardCompanion_2lvl			HumanRace	Abeliard_Portrait,PlayerAasimarPaladin01_Portrait		Player			CompanionAbelardPrototype_VisualSettings,Character_VisualSettings	ChainSword_Item,PowerMaul_Item,Melta_Item	FlakVest_Item,EnforcerLightCarapace_Item	3	CompanionAbelardPrototype>Character
97033bf675db4d6f832e27e1866ac5d5	YetAnotherEnforcer						CutsceneNeutrals			BridgeCrewMemberNavyFemale_VisualSettings	LasPistol_Item		1	
97234bef9a5f48bba3d6d2270415edd4	3AbelardCompanion_lvl38_treasureworld_ExportedPregen			HumanRace	Abeliard_Portrait,PlayerAasimarPaladin01_Portrait		Player			CompanionAbelardPrototype_VisualSettings,Character_VisualSettings	BonebreakingMaul_PowerMaul_Item,MeltaCH4Unique_Item,PowerMaul_Item,Melta_Item	HeavyXenoMeshOrigin1_Item,EnforcerLightCarapace_Item	3	CompanionAbelardPrototype>Character
972789e4b72249998ae48c5cdfa9d3ac	CSM_Lair1LastStand_Melee			SpaceMarineStandardRace		NewChaosSpaceMarineArmy	Mobs	Lair1LastStand_CSM_brain		ChaosSpacemarineLair1_VisualSettings	CSM_CorruptedAxe_Item		1	
974009646a5c413f8fcebfdccadbc831	TaintedStreetsBlindMadmanF				JungleWorldRebelSniper_Portrait	NewHumanImperiumArmy	TrueNeutrals		PlebFemale_CP	TaintedStreetsBlindMadmanF_VisualSettings			1	
97473f2f07a54959940b306876194360	OfficerRangedRandomEncounter				BCT_Human_Male_PalaceGuard2_Portrait	NewHumanImperiumArmy	Mobs	RangedPositionalBaseBrain		OfficerRangedRandomEncounter_VisualSettings			1	
976fc5274b2a4616aad1f686cf6c3845	SpecialGuard				BCT_Male_Lowerdecks_SpecialGuard_Portrait	NewHumanImperiumArmy	HelpingPlayer			SpecialGuard_VisualSettings	Lasgun_Item	GuardFlakChestplate_Item	1	
977fadfc97584a66b7b80554453b2382	MonkPrior				Mutant1_Portrait		CutsceneNeutrals,Mobs			Character_smallWHTest_VisualSettings			2	Character_smallWHTest
97a89660eb9a4e63950d38813edeb6be	RE_Hold_TzeenchScreamer					NewDaemonArmy	Mobs	RE_Hold_Screamer_Brain		DemonScreamer_VisualSettings	Screamer_BiteWeapon		1	
97bb9263c5114dd99e81e4c2d5eece90	JungleBeastAlphaHorseOnly				GardenWorldBeast_Portrait	NewCreaturesArmy	Neutrals,Mobs	RushBaseBrain		JungleBeast_VisualSettings	ClawsJBeastAlphaWeapon,BiteJBeastComWeapon		2	JungleBeastPrototype
97c4f9bfc7784147af4a25796a8c7704	LT_Fighter_Chaos					NewHumanBanditsArmy	Mobs	FootfallSewers_Bandit_Melee_brain	ChaosBoxersMale_CP	FootfallBandit_VisualSettings	KnifeT1_Item		1	
97dd9265e06f4cf68c5e6b8277f62c9b	2						CutsceneNeutrals			Character_smallWHTest_VisualSettings			2	Zaurback
97f06f96234d4fdcae53df06040d0eb6	ArgentaCompanion_Ch03_TrueStart			HumanRace	Argenta_Portrait,PlayerAasimarPaladin01_Portrait		Player			CompanionArgentaPrototype_VisualSettings,Character_VisualSettings	ImperialPride_Bolter_Item,UnstableFlamer_Item,Bolter_Item,Flamer_Item	DrukhariRangerArmour_Item,EnforcerLightCarapace_Item	3	CompanionArgentaPrototype>Character
97ff21d01fc2489f97392a729d684fda	JaeGuy5						CutsceneNeutrals		JaeBandit_CP	Footfall_Bureaucrat_VisualSettings		GuardFlakChestplate_Item	1	
9827d2620cd44102b7097db80885aed8	DrukhariDeviceFighter_Melee_ReavingTempestSpire				JungleWorldEldarRanger_Portrait	NewDrukhariArmy	CutsceneNeutrals	MeleeFlankerBaseBrain	Blademaster_CP	DrukhariWychPrototype_VisualSettings	VenomBladeKabalite_Item	KabaliteArmourT2_Item	1	
982d91fd40784e7babb3fe4a19210252	2HeinrixCompanion_Level27_CyrusParty_ExportedPregen			HumanRace	Heinrix_Portrait,PlayerAasimarPaladin01_Portrait		Player			CompanionHeinrixPrototype_VisualSettings,Character_VisualSettings	ForceSword_Item,Shotgun_Item	FlakVest2_Item,GuardFlakArmour_Item	3	CompanionHeinrixPrototype>Character
98459c6097914bcc898a323cd005a0f7	VC_LordSecond_male						CutsceneNeutrals			Footfall_Worker_VisualSettings			1	
9851da418b29400f884f2ca8513350ac	ChaosSpawn_SalisPrime					NewCreaturesArmy	Mobs	ChaosSpawn_SalisPrime_Brain		ChaosSpawn_VisualSettings	ChaosSpawnLeftArm_WeaponT5,ChaosSpawnRightArm_WeaponT5		1	
985246fb332a2f14491249ecd077a81b	JungleWorldEldarUnit					NewAeldariArmy	Mobs	JungleWorldEldarRange_Brain	EldarGuardT2_CP	JungleWorldEldarUnit_VisualSettings	ShurikenCatapult_Item	EldarRangerArmour_Item	1	
9882862f121c418aa337823d7b8cae4f	ArbitratorBryce_Subductor			HumanRace	PlayerAasimarPaladin01_Portrait	NewHumanImperiumArmy	CutsceneNeutrals,Player	Arbitrator_Subductor_Brain		Character_VisualSettings	PatternShockBatonCh2_Item,StubRevolverSingleShot_Item	ReinforcedEnforcerCarapace_Item	3	StartGame_Player_Unit>Character
98c664946d6c4c78bce4134fbe4cad42	DrukhariKabalite_KabalF					NewDrukhariArmy	Mobs	KabalitePositionalBaseBrain	PoisonousWhisperSoldier_CP,RTSoldier_CP	DrukhariKabalite_VisualSettings	SplinterRifle_Item		2	DrukhariKabalite
98de3b69e2d440eaa573476a56646f17	SlumsMutantGuard				JungleWorldRebel_Portrait	NewHumanImperiumArmy	Mobs	RangedPositionalBaseBrain	Mutant_LowLiferArmored_CP	SlumsMutantGuard_VisualSettings	AutogunM40_Item	CasingChestplate_Item	1	
99484640a37c44049aed13af83d27839	Kibellah32lvl_ExportedPregen			HumanRace	Argenta_Portrait,PlayerAasimarPaladin01_Portrait		Player			CompanionArgentaPrototype_VisualSettings,Character_VisualSettings	BloodseekerKlaive_Item,HekatariiBloodthirstBlade_Item,AnverChainSword_Item,Bolter_Item	Assault_EnforcerLightCarapace_Item,EnforcerLightCarapace_Item	3	CompanionArgentaPrototype>Character
995d2ee48e5841e0813a75fd0dad2bfb	5GenestealerAcolyteHybridChainsaw_Melee_VoidshipBridge					NewGenestealersCultArmy	Mobs	GenestealerAcolyteHybridChainsaw_Melee_VoidshipBridge_brain	GenestealerAcolyte1Chainsaw_Melee_CP	Acolyte_v2_VisualSettings	ChainsawT2CH4_Item,ChainSawAcolyteT1CH04_Item	ArmoredBodyglove4_Item	1	
997550f3e4604f50ba9c81338dbf7c6e	Solomorne_Bakula_level36_ExportedPregen				SolomorneAnthar		Player	SolomorneCompanion_Enemy_Brain		Solomorne_VisualSettings	CrescendoShotgun_Item,ShotgunT1CH02_Item,Solomorne_Shotgun_Item	ArmourofIronWill_Item	1	
997c606cba984d31b1ca7919d05f2c28	PeacefulServitorFemale3					NewHumanAdMechArmy	CutsceneNeutrals,Mobs	RushBaseBrain		ServitorBaseFemale02_VisualSettings,ServitorBaseMale01_VisualSettings	PincersServitorWeapon		3	MadServitor>Servitor_FWSH
997d400ed01b420ca8f389347e434d26	GrandSpecticle_Farseer					NewAeldariArmy	CutsceneNeutrals			Farseer_VisualSettings	SerratedKnife_Item		3	YrlietQ1_Farseer01>0cd55320
9992df9dd8394a1f8d6a66042bd24736	Herald						CutsceneNeutrals			ServoSkullRogueTrader_VisualSettings			2	HeraldPrototype
99c69f2a7807409da5437a7af0ce855c	FootfallAnverBodyguard_Ranged_Hard					NewHumanBanditsArmy	Mobs	RangedPositionalBaseBrain	Anver_Shooter_CP	FootfallBanditBodyguard_VisualSettings	LasgunT1CH02_Item	CarapaceChestplate_Item	1	
99cc3c8ef7004d71917aaec7db877332	FootfallAlmostDeadChordaAgent				RoleSpecialist1_Portrait	NewHumanBanditsArmy	CutsceneNeutrals,Mobs			Lair3RebelLeader_VisualSettings	LasPistol_Item,Hellgun_Item	ArmoredBodyglove_Item,RadiantChestplate_Item	2	Lair3RebelLeader
99ccdded56f24a1ea87ae2ff7efc1e43	SolomorneCompanion_22lvl_WithGlaito				SolomorneAnthar		Player	SolomorneCompanion_Enemy_Brain		Solomorne_VisualSettings	CombatShotgun_Item,PowerMaulT2_Item,Solomorne_Foehammer_Item,Solomorne_Shotgun_Item	ReinforcedEnforcerCarapace_Item,ReactivatorArmour_Item	3	SolomorneCompanion_22lvl_Overseer>SolomorneCompanion
99ded1c8324b4027a9b74eac7e6c2f4d	Teodora				Theodora_Portrait	NewHumanImperiumArmy	HelpingPlayer	TheodoraTutorial_Brain		TheodoraUnit_VisualSettings	TeodoraPlasmaPistol_Item,PowerSword_Item		1	
99e1f3059c22434a9772a27d0e7636bf	Footfall_ChordaEnforcer01						CutsceneNeutrals		Pleb_CP	Footfall_Hobo_VisualSettings	Flamer_Item		1	
99eb0b27d0f14074893fc2d9ec10a5bc	Footfall_FreakshowNonameMutant02				RoleSpecialist1_Portrait	NewHumanBanditsArmy	CutsceneNeutrals,Mobs			Lair3RebelLeader_VisualSettings	Hellgun_Item	RadiantChestplate_Item	2	Lair3RebelLeader
99f4ccd116bf40f1af2d4315cfb1ed91	DeathCultist_PeacefullWeaver5						CutsceneNeutrals			GeneCultistMale_VisualSettings	DeathCultSwordCH2Unique_Item,DeathCultSwordT1CH4_Item		1	
9a05394313434ea6b57857ae73145b61	4HeinrixCompanion_Level22_NeiliusParty_ExportedPregen			HumanRace	Heinrix_Portrait,PlayerAasimarPaladin01_Portrait		Player			CompanionHeinrixPrototype_VisualSettings,Character_VisualSettings	ForceSword_Item,Shotgun_Item	LeathersArmor_Item,GuardFlakArmour_Item	3	CompanionHeinrixPrototype>Character
9a12c353f80b49149f1a7a08b37c9366	DrukhariGrotesque_Ranged					NewCreaturesArmy	Mobs			DrukhariGrotesque_Ranged_VisualSettings	DrukhariGrotesqueLiquifier_Item,DrukhariGrotesqueClaw_Item		1	
9a12e4b32e114d49b2810b3241268353	FootfallPirateMelee					NewHumanBanditsArmy	CutsceneNeutrals	RushBaseBrain	PirateArmor1_CP	FootfallPirateMelee_VisualSettings	Sword_Item	LeathersArmor_Item	1	
9a1d950dc2fc4756ab4fd6ae0888d10e	GhostServitor					NewHumanAdMechArmy	CutsceneNeutrals,Mobs	RushBaseBrain		ServitorGhostMale01_VisualSettings,ServitorBaseMale01_VisualSettings	PincersServitorWeapon		2	Servitor_FWSH
9a2e5265911b4d129554c0b9e9303e42	Plaguebearer_MeleeRanged_BlackShip					NewDaemonArmy	Mobs	Plaguebearer_MeleeRanged_BlackShip_Brain		Plaguebearer_VisualSettings	Plaguebearer_Plaguesword_Weapon		1	
9a2e6408906140e8a676444e550d83ca	FW_OrchestraServitor_3					NewHumanAdMechArmy	CutsceneNeutrals,Mobs	RushBaseBrain		ServitorBaseMale01_VisualSettings	PincersServitorWeapon		3	MadServitor>Servitor_FWSH
9a351e6271ef43a197bb9f7ad99f894e	Starport_Psyker					NewHumanCultistsArmy	Mobs	StarportPsyker_Brain		Lair3RebelRanged_VisualSettings	HellPistol_Item	GuardFlakArmour_Item	1	
9a3ef083ff444e80b685640d5607fc43	CrownWorldHarlequinRanged				BCT_Eldar_Male_Guardian2_Portrait	NewAeldariArmy	CutsceneNeutrals	JungleWorldEldarRange_Brain		HarlequinMale_VisualSettings	ShurikenCatapult_Item	EldarRangerArmour_Item	1	
9a4347f241b5d6f45b73126b3307f4b4	TrapActor_Lvl13						Traps			TrapActor_Lvl03_VisualSettings	TrapDagger_Lvl13,TrapDagger_Lvl03		2	TrapActor_Lvl03
9a51977294e74ff3965fc9d8f98293cf	Priest_Taddeus						CutsceneNeutrals			AstopathicGhostMale_VisualSetting			1	
9acbca8fa11a47e2870aedbb7c5abf33	CombatServitor_BoardedShip_Unit					NewHumanAdMechArmy	Mobs	CombatServitor_BoardedShip_Brain		CombatServitor_VisualSettings	CombatServitor_BoardedShip_HeavyBolter_Item		1	
9af5ab1e0a0d42e597db3787630f6b0a	InquisitorGuard					NewHumanImperiumArmy	CutsceneNeutrals		Inquisition_Soldier_CP	Footfall_Hobo_VisualSettings	HellgunT2CH04_Item	TempestusCarapace4_Item	1	
9b10d8b903c34a92a8f1bdb3d67fb9ae	4y6_Sniper_22lvl_ExportedPregen			HumanRace	ImperialNavyMale,PlayerAasimarPaladin01_Portrait		Player			Character_VisualSettings	SniperRifleT2_Item,UnstableFlamer_Item,ThunderHammer_Item,StaffOfOrsellioGuardian	SlickBodyglove_Item	2	Character
9b25e50d685f4ed693cc885911c1d5be	TechpriestLogos_MeleeRanged_PasqualQuest					NewHumanAdMechArmy	CutsceneNeutrals	TechpriestLogos_PasqualQuest_Brain		AssassinTechpriest_VisualSettings	PlasmaPistolT2CH04_Item,AxeT2_Item		1	
9b2e2a9e45e7487f91ab4d4db5ac5881	JaeInvKittenBarCutscene						CutsceneNeutrals,Traps			MapObjectKitten_VisualSettings			2	MapObjectKitten
9b3362b7b26e41e78df690af8117c58b	MutatedNobleMelee				BCT_Human_Male_IntoxicatedNoble_Portrait	NewHumanImperiumArmy	Mobs	MutatedNobleMeleeBrain	JanusNoble_Corrupted_CP	MutatedNobleMelee_VisualSettings	Knife_Item	ArmoredBodyglove_Item	1	
9b3f888ef2804878ae3e8db6615e971f	FW_StableGuard_Male						CutsceneNeutrals			Guard_VisualSettings			1	
9b4fed1afdb6401b8643e3c0eb15bb1f	CultistFighter_SororitasQuest_Melee					NewHumanCultistsArmy	Mobs	RushBaseBrain	Cultist_Armored_CP	CultistRangeSororitasQuest_VisualSettings	Sword_Item	ScrapChainmail_Item	1	
9b56a4c36fbf410faa192a00323f3223	Captive1						CutsceneNeutrals			Footfall_Hobo_VisualSettings	Knife_Item		1	
9b7056a3d62c44e08379364877f1a488	Lair3RebelArmoured				BCT_Human_Male_Rebel1_Portrait	NewHumanBanditsArmy	Mobs			Lair3RebelArmoured_VisualSettings			1	
9ba51d5a0a144a71a1e0e36356734182	DLC3_HardlightLab_Lacerax					NewCreaturesArmy	Neutrals,Mobs	JungleBeastCommonBrain		JungleBeast_VisualSettings	ClawsJBeastComWeapon,BiteJBeastComWeapon		2	JungleBeastPrototype
9ba9c69e66774ada974fee1c03b9aa22	Footfall_BadTrader						CutsceneNeutrals			Footfall_BadTrader_VisualSettings	Lasgun_Item	GuardFlakChestplate_Item	1	
9baf617dd29244b9acdf0b6620767378	CassiaCompanion_Level47_ExportedPregen			HumanRace	Cassia_Portrait,PlayerAasimarPaladin01_Portrait		Player			CompanionCassiaPrototype_VisualSettings,Character_VisualSettings	StaffOfOrsellioNovator_Item,BeggarPistol_item,AnverChainSword_Item,Longlas_Item	PsychicBodyglove_Item,GuardFlakArmour_Item	3	CompanionCassiaPrototype>Character
9bb677a23bb549898410d24a3b02db15	MB_Old_Officer						CutsceneNeutrals						1	
9bc515c1b1b84c3ab0f65544807e22ee	TaintedStreets_Arbites_SolomonSquad_V1				ArbitratorClayton	NewHumanImperiumArmy	CutsceneNeutrals	TreasureWorld_Arbites_PetMaster_Brain	ArbitesTrooper_CP	Arbites_Male_VisualSettings	BolterT1_Item	ArmoredBodyglove4_Item	1	
9bd51e007af14b6289b9da5f4004e026	BoardedShip_InvisibleKitten_Unit						Mobs			Dummy999_VisualSettings			1	
9bd88751633e4f7c91babfd97403d185	SicarianRuststalkerChaosItsTime					NewHumanAdMechArmy	Mobs	Sicarian_BaseBrain		SicarianRuststalkerChaos_VisualSettings	TransonicBlade		1	
9bdf542b9a7945d7a5723ce175cff830	NecronDeathmark_Ranged_TechArcGrave					NewNecronArmy	Mobs	NecronDeathmark_Brain		NecronDeathmark_VisualSettings	NecronDeathmarkRanged_Epitaph_Item,NecronDeathmarkRange_Weapon		2	NecronDeathmark_Prototype
9bff7d1650864d73b47d589a9706bb57	BoardedShip_Pirate_Sniper_Elite_Unit					NewHumanBanditsArmy	Mobs	BoardedShip_Sniper_Brain		FootfallPirateSniper_VisualSettings	Longlas_Item	FlakVest2_Item	1	
9c04acf5bf9343d4b92634b25774d56a	HumanBridgeGuard_Ranged_Boarding					HumanVoidBornArmy	HelpingPlayer	HumanBridgeGuard_Boarding_Brain	ValantiusSoldier_CP	BridgeCrewMemberNavy_VisualSettings	CombatShotgunT2CH04_Item	GuardFlakChestplate_Item	1	
9c409b4c473f454b91085d56264acb76	SicarianRuststalkerChaos_Melee					NewHumanAdMechArmy	Mobs	SicarianRuststalkerChaos_Melee_brain		SicarianRuststalkerChaos_VisualSettings	TransonicBladeCH4		1	
9c560a08bbf7466a8feea79fd506dd05	MDLadyOfSteel				Jocasta_Sauerback		CutsceneNeutrals			MDLadyOfSteel_VisualSettings,BridgeCrewMemberNavyFemale_VisualSettings	ShockBatonT2_Item,AutopistolT2CH02_Item		2	MasterofDiscipline
9c6e1a8c452f4f7a88c32adaa1723f68	.4y6_Yrliet_41lvl_ExportedPregen_ExportedPregen			EldarStandardRace,HumanRace	Yrliet_Portrait,PlayerAasimarPaladin01_Portrait		Player			CompanionYrlietPrototype_VisualSettings,Character_VisualSettings	AeldariScout_LongRifle_Item,JaeQuest_LongRifle_Item,LongRifle_Item	KabaliteArmourT2_Item,EldarRangerArmour_Item	3	CompanionYrlietPrototype>Character
9c7ce0e35b6c44d9b967b1aabe4b6aa5	CrewOfficer						CutsceneNeutrals	Officer_Brain		YoungGuard_VisualSettings	LasPistolUnlootable_Item		1	
9c90febd5f2842b29415406f449eb4dd	SurvivorCamp_NPC_Doc					NewHumanImperiumArmy	CutsceneNeutrals	TreasureWorld_Arbites_ShieldNShotgun_Brain	ArbitesTrooper14_CP	0Zarkov_Civilian_SurvivorCamp_VisualSettings_Male	ArbitesFoehammer_Item	ArbitesHeavyArmourCommon_Item	1	
9c9e9015347645308a185ad46cb2057c	Lair4GenestealerCultSoldier					NewHumanCultistsArmy	Mobs	RangedCloseBaseBrain		Lair4GenestealerCultSoldier_VisualSettings	Lasgun_Item	HeavyLeathersArmour_Item	1	
9cc710952b1b485dba37ecff6aa0d8b5	RTHopeFemale					NewHumanImperiumArmy	CutsceneNeutrals	IdiraAlternative_Brain		CharacterFemale_VisualSettings	SolarStaff_Item	LightCarapaceScaleArmour_Item	1	
9cd810b2af7441daa79476cf3a375fc7	ServoSkullScrapCode					NewHumanAdMechArmy	Mobs	ServoSkull_ScrapCode_Brain		ServoSkull_VisualSettings			1	
9cdc429193e6448f888f31db3662f28a	NavisNobilite_Grenadir					HumanFortressBornArmy	CutsceneNeutrals	NavisNobilite_GrenadirBrain		NavisNobilite_VisualSettings	Lasgun_Item,ChainSword_Item	GuardFlakChestplate_Item	1	
9ce5812fce21411ea8eec34517c2f56c	OurShipCrew						CutsceneNeutrals			OurShipCrew_VisualSettings	Lasgun_Item	GuardFlakChestplate_Item	1	
9ced4bcc9d33471b86f1dfb7566887fd	2PasqalCompanion_lvl38_treasureworld_ExportedPregen			HumanRace	Pascal_Portrait,PlayerAasimarPaladin01_Portrait		Player			CompanionPascalPrototype_VisualSettings,Character_VisualSettings	AOO_OmnissiahAxe_Item,PlasmaRifleT2CH4_Item,OmnissiahAxe_Item,PlasmaRifle_Item	CommissarFlakBreastplate_Item,EnforcerCarapace_Item,GuardFlakArmour_Item	4	PascalCompanion>CompanionPascalPrototype>Character
9d114d1b7d7f6e2458e053decca163f1	JungleWorldRebelSniper					NewHumanImperiumArmy	Mobs	RangedPositionalSniperBrain		JungleWorldRebelSniper_VisualSettings	MarksmanRifle_Item	GuardFlakArmour_Item	1	
9d1677222ad6415cbcf317b9b09b729c	Lair3RebelLeader2					NewHumanBanditsArmy	Mobs	LeaderCutterBrain		Lair3RebelLeader_VisualSettings	DrukhariKlaive_Item	RadiantChestplate_Item	1	
9d3af82186f64e54a59211635fe2ed23	VectThrone_Court_Real_Vect				ArchonBlackHeart_Portrait		CutsceneNeutrals			ScavengerLeader_VisualSettings	RipperAutopistol_Item	GuardFlakArmour_Item	1	
9d5c4cfd2e36479ca12630e3d76ad2b8	FootfallSewersPatrol1					NewHumanBanditsArmy	Bandits,Mobs	RangedRushBaseBrain	Bandit_Common_CP,Anver_Common_CP	FootfallBandit_VisualSettings	DrukhariPowerSword_Item,Axe_Item,Autopistol_Item,ChainSword_Item		2	FootfallAnver_MeleeRanged_Swarm
9d727eaf15134db6bf861eb73adc8094	JailPlanetoidCorruptedPrisoner					NewHumanBanditsArmy	Mobs		JailPlanetoidPrisoner_CP	FootfallBandit_VisualSettings	Axe_Item		1	
9d8374a22cf040e0ad473330d7b120de	DTS_FormerCultist						CutsceneNeutrals		PlebMale_CP	Footfall_GenericVendor_VisualSettings			1	
9d8ce5c4f93940fdaa623a6e6bc1fe9f	JungleWorldRebelStunner				BCT_Human_Female_Flak_Rebel01_Portrait	NewHumanImperiumArmy	Mobs	AgriworldJungleStunner_Brain	JanusRebel_Diversant_CP	JungleWorldRebelStunner_VisualSettings	Shotgun_Item	CarapaceChestplate_Item	1	
9dea2d5f76974cedb4ed2843c912715c	ForgeFiendPrototype				Mechanicus2_Portrait	NewDaemonArmy	Mobs			DaemonForgeFiend_VisualSettings	ChaosEngine_BiteWeapon,ChaosEngine_TwinPlasma_Weapon		1	
9df28442ff2e440cb051ed2403dc347e	DLC3_DL_Arbites_Shield_Unit					NewHumanImperiumArmy	Mobs	DLC3_DL_Arbites_Shield_Brain,DLC3_DL_Arbites_Shield_React_Brain	Inquisition_Soldier_CP	Arbites_Male_VisualSettings	DLC3_DL_Arbites_ShockBaton_Item	DLC3_DL_Arbites_StandartArmour_Item	1	
9e015fe4046e496d824a5e0c2cf5cbcc	Enforcer_KibellahQ2KTC				BCT_HumanM_RebelLeaderBogul_Portrait	NewHumanImperiumArmy	CutsceneNeutrals,Mobs	JungleWorldRebelLeader_Bogul_Brain	ValantiusSoldier_CP	BridgeCrewMemberGuard_VisualSettings,JungleWorldRebelLeader_Bogul_VisualSettings	PatternT2ShurikenPistol_Item	GuardFlakArmour_Item	2	JungleWorldRebelLeader_Bogul
9e0da9c893cb4580aac852cf85578a05	InfectedMutant_Melee				BCT_Human_Male_Cannibal2_Portrait	NewHumanImperiumArmy	Mobs		Mutant_LowLifer_CP	SlumsMutantFighter_VisualSettings	SerratedKnife_Item		1	
9e2bef76fe9e4317ae40f44617a64d72	PlayerRT_Hope			HumanRace	RogueTraderMaleCommissaryPortrait,PlayerAasimarPaladin01_Portrait		Player			Character_VisualSettings	ChainSword_Item,ShurikenPistol_Item,PlasmaRifle_Item	EnforcerLightCarapace_Item	2	Character
9e3d93b6f3b94377b7ef32728d1c0764	HumanCommissar_MeleeRanged_Prison_Fake				CommorraghCommissar_Portrait	NewHumanImperiumArmy	CutsceneNeutrals	HumanCommissar_MeleeRanged_Brain_Fake			BoltPistol_Item,EliteChainSword_Item	ArmoredBodyglove3_Item	1	
9e58946ca51d408e9e81da7de41f143b	Footfall_Generic_BanditHitman				BCT_Male_BanditArmored03_Portrait	NewHumanBanditsArmy	Mobs	RangedPositionalBaseBrain	Bandit_Hitman_CP		Lasgun_Item	MeshVest_Item	1	
9e6a9a2aad394ff39e770ddd6dd99da1	4y6_Heinrix_22lvl_ExportedPregen			HumanRace	Heinrix_Portrait,PlayerAasimarPaladin01_Portrait		Player			CompanionHeinrixPrototype_VisualSettings,Character_VisualSettings	AncientForceSword_Item,PowerMaulT2_Item,BiomancersStaff_Item,ForceSword_Item	FencingBodyglove_Item,GuardFlakArmour_Item	3	CompanionHeinrixPrototype>Character
9e7018bc8e0e4150b5011afb9722d68b	Ch05Inquisitor_Melee_unit					NewHumanWarpNullArmy	CutsceneNeutrals	Inquisitor_Melee_brain		JungleWorldRebelMeleeTough_VisualSettings	AncientForceSword_Item	Chainmail_Item	1	
9e76d7a5d2cd4ed1aa65f3772fc93897	CorruptedTechPriestMeleeTough					NewHumanAdMechArmy	Mobs			CorruptedTechPriestMeleeTough_VisualSettings	OmnissiahAxe_Item		1	
9e92b0c7b4524ddd91ac77ce3983b1ae	SolomorneSquad_Stein			HumanRace	ArbitratorStein,PlayerAasimarPaladin01_Portrait		CutsceneNeutrals,Player			Character_VisualSettings	.Arbites_ShotPistol_BoardedShip_Unlootable_Item,StubRevolverSingleShot_Item	2Arbites_StandartArmour_BoardedShip_Unlootable_Item	3	StartGame_Player_Unit>Character
9e99a43fba944a7aa6f51fca82619970	BetaStart_Player_Male_Unit			HumanRace	RogueTraderMaleCommissaryPortrait,PlayerAasimarPaladin01_Portrait		Player			BetaStart_Player_Male_Unit_VisualSettings,Character_VisualSettings		EnforcerLightCarapace_Item	2	Character
9ec7d20b7f6542d4b6cdb81f626b5c7c	Sayonara_Argenta_23lvl_ExportedPregen			HumanRace	Argenta_Portrait,PlayerAasimarPaladin01_Portrait		Player			CompanionArgentaPrototype_VisualSettings,Character_VisualSettings	BolterT1_Item,Assault_Lasgun_Item,Bolter_Item,Flamer_Item	ArmoredBodyglove3_Item,EnforcerLightCarapace_Item	3	CompanionArgentaPrototype>Character
9ed568e5e94a412eacbda6cbe90af5be	FootfallHerald				RoleSpecialist1_Portrait	NewHumanBanditsArmy	CutsceneNeutrals,Mobs			Lair3RebelLeader_VisualSettings	Hellgun_Item	RadiantChestplate_Item	2	Lair3RebelLeader
9edd924432ca4e91b4ac4ab4527ef991	CassiaCompanion_Lvl40_Bakula_ExportedPregen			HumanRace	Cassia_Portrait,PlayerAasimarPaladin01_Portrait		Player			CompanionCassiaPrototype_VisualSettings,Character_VisualSettings	StaffOfHouseOrsellio,Longlas_Item,Autopistol_Item	HeadhunterLightCarapace_Item,GuardFlakArmour_Item	3	CompanionCassiaPrototype>Character
9ee0b5c844664cb4a99b115221bcc703	JaeCompanionCh02Middle			HumanRace	Jae_Portrait,PlayerAasimarPaladin01_Portrait		Player			CompanionJaePrototype_VisualSettings,Character_VisualSettings	MarksmanRifle_Item,Autopistol_Item,SniperRifle_Item,ChainSword_Item	ArmoredBodyglove_Item,EnforcerLightCarapace_Item	3	CompanionJaePrototype>Character
9f03958e616649d1a74f63dd488124bb	VC_NobleFemale						CutsceneNeutrals		NobleFemale_CP_Correct	Footfall_NobleFemale_VisualSettings			1	
9f1b785d6baa4189a54f3596024a91f2	BoardedShip_Arbites_Stein_Pregen			HumanRace	ArbitratorStein,PlayerAasimarPaladin01_Portrait		Player			Arbites_Male_VisualSettings,Character_VisualSettings	1Arbites_DominatorMaul_BoardedShip_Unlootable_Item,.Arbites_ShotPistol_BoardedShip_Unlootable_Item,StubRevolverSingleShot_Item	2Arbites_StandartArmour_BoardedShip_Unlootable_Item	3	StartGame_Player_Unit>Character
9f333c708a0e46f4b0c701b2ebdeba7f	PlayerRTFighter_Chapter1_Special			HumanRace	RogueTraderMaleCommissaryPortrait,PlayerAasimarPaladin01_Portrait		Player			Character_VisualSettings	SniperRifle_Item,Axe_Item,StubRevolver_Item	GuardFlakChestplate_Item	5	Character
9f3aa4b001fe44abba41117d588410ac	DLC3_DL_Guard_Ranged_Unit					NewHumanImperiumArmy	Mobs	DLC3_DL_Guard_Ranged_Brain	Inquisition_Soldier_CP	RogueTraderGuardPeaceful_VisualSettings	DLC3_DL_Guard_Lasgun_Item	DLC3_DL_Guard_GuardFlakArmour_Item	1	
9f4e3bca4cc94ced8e4be679e3d79fa7	RTPalaceServant_Male						CutsceneNeutrals		ValantiusServantMale_CP	RTPalaceServant_Male_VisualSettings			1	
9f85ef9069824d44b4658757c0764e7c	Naij					NewHumanImperiumArmy	HelpingPlayer	Officer_Brain	ValantiusSoldier_CP	BridgeCrewMemberNavyFemale_VisualSettings,BridgeCrewMemberGuard_VisualSettings	ShockBaton_Item,LasgunUnlootable_Item		5	PDSparkMan>TalkerPDChambers>EnforcerPDChambers>OfficersDeckGuard
9fb5406caffd4690b6c5ff093f1e9930	Quetza-al_Sslyth					NewCreaturesArmy	HelpingPlayer	Sslyth_Brain		DrukhariSslyth_VisualSettings	BlasterForSslyth_Item,SslythChainSword_Item		1	
9fdcd8d02ba74537b698b22ea715236d	AdministratumWorkerF				JungleWorldRebel_Portrait		CutsceneNeutrals		AdministratumWorker_Female_CP_Correct	Servant_VisualSettings			1	
9ff6148193064d9ba493e09a13f99fad	LargeIceDestroyable_Unit_2						CutsceneNeutrals			1TreasureWorld_ContainerAnchorPoint_VisualSettings			30	LargeIceDestroyable_Unit_1
a01e5b134819437fb86ed224e409d8de	Footfall_Courier						CutsceneNeutrals			Footfall_CommonerFemale_VisualSettings			1	
a052bff1caa04a22b16cca66687f58db	Uralon41Heinrix_ExportedPregen			HumanRace	Heinrix_Portrait,PlayerAasimarPaladin01_Portrait		Player			CompanionHeinrixPrototype_VisualSettings,Character_VisualSettings	PlasmaSword_Item,SolarStaff_Item,ForceSword_Item,Shotgun_Item	Assault_EnforcerLightCarapace_Item,GuardFlakArmour_Item	3	CompanionHeinrixPrototype>Character
a07356113a754bf7b42cc28edbf7c1c9	ArgentaCompanion_Level29_ExportedPregen			HumanRace	Argenta_Portrait,PlayerAasimarPaladin01_Portrait		Player			CompanionArgentaPrototype_VisualSettings,Character_VisualSettings	HeavyBolter_Item,AutogunM40_Item,Bolter_Item,Flamer_Item	EnforcerLightCarapaceOrigin1_Item,EnforcerLightCarapace_Item	3	CompanionArgentaPrototype>Character
a079ae5170d8485a8a2f3bf991a5c8d2	Kunrad				Kunrad_Portrait	NewHumanImperiumArmy	HelpingPlayer	Kunrad1stFight_Brain		YoungGuard_VisualSettings	LasPistolKunradUnlootable_Item	ArmoredBodyglove_Item	1	
a082ae96e0e149eabb80a913063b9720	NecronLair3NecronDeathmark_Ranged					NewNecronArmy	Mobs			NecronDeathmark_VisualSettings			1	
a0a06b33de0f44618e35c35faa44d7b6	PlayerRTLeaderCh02Middle			HumanRace	RogueTraderMaleCommissaryPortrait,PlayerAasimarPaladin01_Portrait		Player			Character_VisualSettings	PlasmaRifle_Item,AutogunM40_Item	EnforcerCarapace_Item	2	Character
a0ae747ee9584d05927a9d78344b8450	EufratesCSM_Uralon_unit			SpaceMarineStandardRace	DarkApostle_Portrait	NewChaosSpaceMarineArmy	Mobs	EufratesCSM_Uralon_brain		ChaosSpacemarineLair1_VisualSettings	MaelstromBolter_Item_Companion,CrosiusOfUralon_Crosius_Item_Companion		1	
a0f919721f254121a070f948a382942f	ArenaElite				JungleWorldEldarRanger_Portrait	NewDrukhariArmy	CutsceneNeutrals,Mobs	DrukhariWych_BaseBrain	ArenaWyches_CP,RTWyches_CP	DrukhariWych_VisualSettings	HekatariiBlade_Item	WychArmour_Item	2	DrukhariWych
a122e9453aa1498cb352d0c4f190a567	MB_Old_Officer_Naked						CutsceneNeutrals						1	
a1247d66599f49a7a147ad0778ee98ec	AhilleasAbductionMarazhai			EldarStandardRace	Marazhai_Portrait	NewDrukhariArmy	Mobs	DrukhariWych_BaseBrain,Sybarite_Command_Brain	RTOfficer_CP	Marazhai_VisualSettings,DrukhariSybarite_VisualSettings	SplinterPistol_Item,EliteBlastPistol_Item	KabaliteArmourT2_Item	2	DrukhariSybarite
a1480e42e51e4807bf95785577846bd7	RogueTraderGuardPeacefulWMeleWeapon				JungleWorldRebel_Portrait	HumanFortressBornArmy	CutsceneNeutrals	RangedPositionalBaseBrain	ValantiusSoldier_CP	RogueTraderGuardPeaceful_VisualSettings	ChainSword_Item,Lasgun_Item	GuardFlakArmour_Item	2	RogueTraderGuardPeaceful
a166e29822e244d7b60753621e8dd3ed	FootfallAnverArsonistGrenade_Ranged_SwarmQS				BCT_BanditMaleAnverNoArmor01_Portrait	NewHumanBanditsArmy	Mobs	AnverArsonist_Brain	Anver_Common_CP	FootfallBanditArsonist_VisualSettings	Shotgun_Item		1	
a167cf675a714fc0b4267a6fc8b0d3c5	JungleBeastAlphaHorse				GardenWorldBeast_Portrait	NewCreaturesArmy	Neutrals,Mobs	RushBaseBrain		JungleBeast_VisualSettings	ClawsJBeastAlphaWeapon,BiteJBeastComWeapon		2	JungleBeastPrototype
a171328ca6fe4bcc9fd17af1bd0b2e43	LT_Beggar_Guard_Unique					NewHumanImperiumArmy	CutsceneNeutrals			Footfall_Worker_VisualSettings	Autopistol_Item		1	
a193088181fb4636b5e6087c57ba3049	MB_Noble_Very_Augmented						CutsceneNeutrals						1	
a19df75e8d4449b5bde79510e222aa39	VC_Prosecutor						CutsceneNeutrals		Clerk_CP	SideQuestSwindlerClerk1_VisualSettings			1	
a1ba5af9a1a9443d8a1db60cf359b1ed	Kibellah50lvl_ExportedPregen			HumanRace	Argenta_Portrait,PlayerAasimarPaladin01_Portrait		Player			CompanionArgentaPrototype_VisualSettings,Character_VisualSettings	BloodseekerKlaive_Item,VenomBladeT2CH04_Item,AutoStriking_PowerSword_Item,Bolter_Item	Assault_EnforcerLightCarapace_Item,EnforcerLightCarapace_Item	3	CompanionArgentaPrototype>Character
a1c77c969ece4247bb5090ae981767aa	FootfallSewersPatrol					NewHumanBanditsArmy	Bandits,Mobs	RangedRushBaseBrain	Bandit_Common_CP,Anver_Common_CP	FootfallBandit_VisualSettings	SplinterRifle_Item,Axe_Item,Autopistol_Item,ChainSword_Item		2	FootfallAnver_MeleeRanged_Swarm
a1e589af5fe943b18958fb4d34918397	GovernorGuard_TrailerCinematicM40				BCT_Human_Male_PalaceGuard1_Portrait	NewHumanImperiumArmy	NeutralGuards,Mobs	RangedSniperBrain	JanusCorruptedEnforcer_CP	Corrupted_GovernorGuard_VisualSettings	AutogunM40_Item	GuardFlakArmour_Item	2	Corrupted_GovernorGuard
a2065f770ae3498cbd36a7865942f6bc	BoardedShip_Reactor_Gunner_Common_Unit					NewHumanBanditsArmy	Mobs	BoardedShip_Range_Brain	CommonPirate1_CP	FootfallPirate_VisualSettings	LasgunT1CH02_BoardedShip_Unlootable_Item	-ArmoredBodyglove2_BoardedShip_Unlootable_Item	1	
a206a386b83248e093b6aec65ce5b514	BridgeCrewMemberTechpriest						CutsceneNeutrals		Technomat_CP	Footfall_TechPriest_VisualSettings			1	
a20f20a4e0cd47d78aed03676aa4b183	CommorraghDemon						CutsceneNeutrals	HorrorOfTzeentch_BaseBrain					1	
a21c99571096411db69058d094ae97a1	OfficersDeckTechpriest						CutsceneNeutrals			Footfall_TechPriest_VisualSettings			1	
a2261c25e6954509824c67a4d173174e	NaviTraditionalistBodyguard				BCT_NaviBodyguard_Portrait	HumanFortressBornArmy	CutsceneNeutrals	RangeCommonBaseBrain	OrsellioLoyal_Soldier_CP	RadicalBodyguard_VisualSettings	LasgunT2CH4_Item	GuardFlakArmour_Item	1	
a23e779e7b6a4b0289e6cc8743b30205	CommorraghArenaWyches					NewDrukhariArmy	Mobs	DrukhariWych_BaseBrain	ArenaWyches_CP	DrukhariWychPrototype_VisualSettings	SplinterRifle_Item	KabaliteArmour_Item	2	DrukhariWychPrototype
a2495d7a3265462fb469d147d701a0d2	NecronImmortal_Prototype					NewNecronArmy	Mobs	NecronImmortal_CrashedShip_Brain		NecronImmortal_VisualSettings	NecronImmortalRange_Weapon,NecronImmortalMelee_Weapon		1	
a25054263f4b4354b01a9f9a5726a996	DarkApostlePhaseOne			SpaceMarineStandardRace	DarkApostle_Portrait,Mutant1_Portrait		CutsceneNeutrals			ChaosSpacemarineMelee_VisualSettings,AgriWorldMagus_VisualSettings			2	AgriWorldMagus
a251579eef412214698134e4cab4e7b9	PlayerTestLevel_Bard			HumanRace	PlayerArcher02_Portrait,PlayerAasimarPaladin01_Portrait		Player			Character_VisualSettings			2	Character
a25fde53d23246698c8ea9aed7d52237	ArgentaEvent_Orphan_NonOfficial						CutsceneNeutrals		Orphans_NonOfficial_CP	Footfall_Worker_VisualSettings		GuardFlakChestplate_Item	1	
a270c92d30e14bdeafef181dba1e948b	Argenta_50_HardlightLab_ExportedPregen			HumanRace	Argenta_Portrait,PlayerAasimarPaladin01_Portrait		Player			CompanionArgentaPrototype_VisualSettings,Character_VisualSettings	SarragusHeavyBolter_Item,JudexHeavyFlamer_Item,Bolter_Item,Flamer_Item	EnforcerCarapaceOrigin1_Item,EnforcerLightCarapace_Item	3	CompanionArgentaPrototype>Character
a27e0fcd4db542ba8b2a00f6d473495d	WeakZombie_Melee_BlackShip2					NewHumanImperiumArmy	Mobs		Zombie_BlackShipPsyker_CP	PlagueZombie_VisualSettings	WeakZombie_Claws_Weapon		1	
a298d288bafb4fa89435135789319ced	0GenestealerRanger_Ranged_PatriarchVisions_Common					NewGenestealersCultArmy	Mobs			TaintedStreetsCultistRangedHeavy_VisualSettings	LasgunT2CH2_Item,LasgunT2CH4_Item	Chainmail_Item	2	.GenestealerRanger_Ranged_PatriarchVisions_Hard
a2c3a597bd504e96ba78bb51ce602818	PenalWorld_Prisoner_Melee_NPC					NewHumanImperiumArmy	CutsceneNeutrals	TreasureWorld_Arbites_PetMaster_Brain			KnifeShiv_ItemUnlootable	ArmoredBodyglove4_Item	1	
a33937c2a9cd4e329f8c1310059a49d1	Eufrates_LoC_Horror_Blue_unit					NewDaemonArmy	Mobs	Eufrates_LoC_BlueHorror_brain		DemonHorror_Blue_VisualSettings	Eufrates_Horror_TalonedHands_Item		1	
a357787b25ab46c49c4ed03b7e96570c	HighFactotum_IfDead				YanrisDanrock_Portrait,BCT_HumanM_RebelLeaderBogul_Portrait	NewHumanImperiumArmy	CutsceneNeutrals,Mobs	JungleWorldRebelLeader_Bogul_Brain		JungleWorldRebelLeader_Bogul_VisualSettings	PatternT2ShurikenPistol_Item	GuardFlakArmour_Item	3	HighFactotum>JungleWorldRebelLeader_Bogul
a3614a23bfde404294130aebcbdcca27	HeinrixCompanion_Ch02_Lategame			HumanRace	Heinrix_Portrait,PlayerAasimarPaladin01_Portrait		Player			CompanionHeinrixPrototype_VisualSettings,Character_VisualSettings	AncientForceSword_Item,InfernoPistol_Item,Focus_Flamer_Item,ForceSword_Item	PsykerTempestusCarapace_Item,ArmoredBodyglove_Item,GuardFlakArmour_Item	4	HeinrixCompanion>CompanionHeinrixPrototype>Character
a37c9496dfdf4068a3dec31d87501542	ValanciusOfficer				JungleWorldRebel_Portrait	NewHumanImperiumArmy,HumanFortressBornArmy	Friends,CutsceneNeutrals	RangedPositionalBaseBrain	ValanciusOfficer_CP,ValantiusSoldier_CP	RogueTraderGuardPeaceful_VisualSettings	LasPistolUnlootable_Item,Lasgun_Item	GuardFlakArmour_Unlootable_Item,GuardFlakArmour_Item	2	RogueTraderGuardPeaceful
a37e14cb2ba046da8a454f4e9bd8fd96	Quetza-al_ArchmilitantDaemon					NewDaemonArmy	Mobs	ArchmilitantDaemon_Brain,KhorneBloodletterBoss_Basic_Brain		KhorneBloodletterBoss_VisualSettings	0ArchmilitantDaemon_KhorneBloodletterSword_Weapon,KhorneBloodletterBossSword_Weapon		2	KhorneBloodletterBoss
a3861a30b39a4d3c91f2b5ef473677ed	4y6_Kibellah_22lvl_ExportedPregen			HumanRace	Kibellah_NoMask_Portrait,Argenta_Portrait,PlayerAasimarPaladin01_Portrait		Player			Kibellah_VisualSettings,CompanionArgentaPrototype_VisualSettings,Character_VisualSettings	DeathCultSword_Item,DeathCultKnifeUnique_Item,DeathCultBlade_Item,Bolter_Item	DeathCultArmour_Item,EnforcerLightCarapace_Item	3	CompanionArgentaPrototype>Character
a3cda57634a74a1cba18a16132ad6763	Abelard_Level40_VasiliyPreset_ExportedPregen			HumanRace	Abeliard_Portrait,PlayerAasimarPaladin01_Portrait		Player			CompanionAbelardPrototype_VisualSettings,Character_VisualSettings	GreatSwordT2_Item,NeedlePistol_Item,PowerMaul_Item,Melta_Item	GladiatorsMeshArmour_Item,EnforcerLightCarapace_Item	3	CompanionAbelardPrototype>Character
a3d832142f6847bd8ec2082bcdcf0f0a	3						CutsceneNeutrals			Character_smallWHTest_VisualSettings			2	Zaurback
a3e53f3c71b14b9381fc26bee8033b86	PenalWorld_Warden_NPC					NewHumanImperiumArmy	CutsceneNeutrals	TreasureWorld_Arbites_PetMaster_Brain	JailGuard1_CP		BolterT1_Item	ArmoredBodyglove4_Item	1	
a408822526b74651960ecc431d85bdb0	Footfall_HighEnginseerTrader_Opticon-22				Opticon_Portrait		CutsceneNeutrals			Opticon22_VisualSettings	LasPistol_Item	GuardFlakChestplate_Item	1	
a413778a3e15435e9ea5e6db4e3f8595	LT_ImpatientEnforcer						CutsceneNeutrals			BridgeCrewMemberGuard_VisualSettings	ChainSword_Item,LasPistol_Item	GuardFlakChestplate_Item	1	
a416b055535d43c598da4bca45466752	FootfallZandorDrusian				Hieronymus_Portrait,RoleSpecialist1_Portrait	NewHumanBanditsArmy	CutsceneNeutrals,Mobs			Lair3RebelLeader_VisualSettings	Hellgun_Item	ArmoredBodyglove_Item,RadiantChestplate_Item	2	Lair3RebelLeader
a43044dec6864fa9903b6ef888c3274f	Sayonara_RT_23lvl_ExportedPregen			HumanRace	CriminalMale,PlayerAasimarPaladin01_Portrait		Player			StartGame_Pregen_Adept_VisualSettings,Character_VisualSettings	SniperRifleT2_Item,Longlas_Item	FencingBodyglove_Item	11	Character
a450d4147b5d411697cdc1a5d5648a06	Quetza-al_WinterscaleVoxMaster					NewHumanImperiumArmy	HelpingPlayer			Footfall_WorkerFeMale_VisualSettings	PreciseLasgun_Item	GuardFlakChestplate_Item	1	
a45cfbdfbec841da8fef0a5786f3d2ab	PossessedOfficer					NewHumanImperiumArmy	Mobs	RangedCloseBaseBrain		PossessedOfficer_VisualSettings	CombatShotgun_Item	FlakVest2_Item	1	
a4662a8b15ea4786b84b1afc44e2abef	FootfallPirateSniper					NewHumanBanditsArmy	CutsceneNeutrals	RangedSniperBrain	PirateNoArmor_CP	FootfallPirateSniper_VisualSettings	SniperRifle_Item	ArmoredBodyglove2_Item	1	
a47ebfd9e53e41a6bb4802da2960e656	WildCannibalLeader					NewHumanImperiumArmy	Mobs				ShredderShotgun_Item	CasingChestplate_Item	1	
a4cbfd60d291413ebfddd099f03e3371	OP_Pirate_Main_Worker						Neutrals		Technomat_CP		SniperRifle_Item		1	
a4cc1b62fa9441cd8fc60ae6691ec3e3	TaintedStreetsCultistMelee					NewHumanCultistsArmy	Mobs	CultistMelee_Brain	Cultist_Unarmored_CP	TaintedStreetsCultistMelee_VisualSettings	Knife_Item		1	
a4d545ad20884cd7a15c41f1df19b9b9	Ctan_Epitaph					NewNecronArmy	CutsceneNeutrals	Ctan_Brain		Ctan_VisualSettings	CtanTail_Weapon,CtanSpear_Weapon		1	
a4e6a76d9fcd4b9c9f04f47b90e8b74b	ChaosSpacemarine_Preacher_Ranged			SpaceMarineStandardRace		NewChaosSpaceMarineArmy	Mobs	ChaosMarine_Preacher_Brain		ChaosSpacemarine_VisualSettings	ChaosSpaceMarineBolter_Item		1	
a4eace85ad6e4687a45766868429cc82	NavisNobilite_CassiaRoom					NewHumanImperiumArmy	CutsceneNeutrals	NavisNobilite_CassiaRoom		NavisNobilite_VisualSettings	Autogun_Item	GuardFlakChestplate_Item	1	
a4f91a59eb80482d9566253b92ed8628	YrlietCompanion_Ch04_Start			EldarStandardRace	Yrliet_Portrait		Player			CompanionYrlietPrototype_VisualSettings	AeldariScout_LongRifle_Item,EldarChainSword_Item,ShurikenPistol_Item	EldarRangerArmour_Item	1	
a51a8e2556884ed988103ca015e3a4a8	AchilleasAbdServitor					NewHumanAdMechArmy	Mobs	RushBaseBrain		ServitorBaseMale01_VisualSettings	PincersServitorWeapon		2	Servitor_FWSH
a51ec24d89644f9abb78e2b3e9b692c9	Latyshev_Argenta_Level25_AM_ExportedPregen			HumanRace	Argenta_Portrait,PlayerAasimarPaladin01_Portrait		Player			CompanionArgentaPrototype_VisualSettings,Character_VisualSettings	HeavyBolter_Item,HeavyFlamerArsonist_Item,Bolter_Item,Flamer_Item	PirateChainmail_Item,EnforcerLightCarapace_Item	3	CompanionArgentaPrototype>Character
a520f32c95da42d2af706c133177382a	QuarryWorld_MinerNaked						CutsceneNeutrals			Footfall_Commoner_VisualSettings	ShockBaton_Item		1	
a524bea64cf94a29a6181d70988ef29e	Bakula_50LvL_Henrix_ExportedPregen			HumanRace	Heinrix_Portrait,PlayerAasimarPaladin01_Portrait		Player			CompanionHeinrixPrototype_VisualSettings,Character_VisualSettings	PowerSwordT2CH04_Item,EboniteSword_Item,ForceSword_Item,Shotgun_Item	MarshallsArmouroftheKoronusExpanse_Item,GuardFlakArmour_Item	3	CompanionHeinrixPrototype>Character
a5290aa628c046b38adfcdaf831ef324	LT_Beggar_Male						CutsceneNeutrals		LT_BeggarMale_CP	Footfall_Worker_VisualSettings			1	
a531bde5031e45829c700dde6b5c3a5c	Avel				Abel_Portrait,Mutant1_Portrait		CutsceneNeutrals,Mobs			Character_smallWHTest_VisualSettings			2	Character_smallWHTest
a54a2c1de6df498bb03bed50291ce1e0	ServitorWarehouse					NewHumanAdMechArmy	CutsceneNeutrals			ServitorBaseMale02_VisualSettings	PincersServitorWeapon		1	
a554296e28264cabb975c9295b98a8b7	Sayonara_Jae_23lvl_ExportedPregen			HumanRace	Jae_Portrait,PlayerAasimarPaladin01_Portrait		Player			CompanionJaePrototype_VisualSettings,Character_VisualSettings	SplinterPistol_Item,ShurikenPistol_Item,EldarChainSword_Item,FractalBlade_Item	HeadhunterLightCarapace_Item,EnforcerLightCarapace_Item	3	CompanionJaePrototype>Character
a5701dc9694f43ad834d52142015dc56	LT_Intendant						CutsceneNeutrals		Intendant_CP	BridgeCrewMemberGuard_VisualSettings	ChainSword_Item,LasPistol_Item		1	
a59505c7893f4ce49dd6412453050860	Cherub						CutsceneNeutrals			Cherub_VisualSettings,ServoSkullRogueTrader_VisualSettings			2	HeraldPrototype
a59947900a9847d18d878d1fae78c7e8	DLC3_OP_Tech_Unit					NewMachineArmy	NeutralGuards			Tech_BoardedShip_VisualSettings			1	
a5e44efd7541448ba6140fec558ada14	DaringHeir				BCT_HumanM_RebelLeaderBogul_Portrait	NewHumanImperiumArmy	CutsceneNeutrals,Mobs	JungleWorldRebelLeader_Bogul_Brain		JungleWorldRebelLeader_Bogul_VisualSettings	PatternT2ShurikenPistol_Item	GuardFlakArmour_Item	2	JungleWorldRebelLeader_Bogul
a5f589d4d50e4a999b7a378da628a0a5	PlayerRT_Level37_TesseraParty_ExportedPregen			HumanRace	PlayerAasimarPaladin01_Portrait		Player			Character_VisualSettings	ChargedStaffItem,StaffOfMindsight_Item	PsychicBodyglove_Item	2	Character
a618b33941ca40af89974e56b64610fc	AdministratumEnforcer				BCT_Footfall_Male_Guard_Portrait	NewHumanImperiumArmy	NeutralGuards			Footfall_Enforcer_VisualSettings	Autogun_Item	GuardFlakArmour_Item	1	
a6199b00b91dbb44bb329c7c2ff14610	TrapActor_Lvl22						Traps			TrapActor_Lvl03_VisualSettings	TrapDagger_Lvl22,TrapDagger_Lvl03		2	TrapActor_Lvl03
a61fc8b1eedd4107b2e8cb7f5073ca22	3HeinrixCompanion_Level19_HarmonParty_ExportedPregen			HumanRace	Heinrix_Portrait,PlayerAasimarPaladin01_Portrait		Player			CompanionHeinrixPrototype_VisualSettings,Character_VisualSettings	ForceSword_Item,Shotgun_Item	Synskin_Item,GuardFlakArmour_Item	3	CompanionHeinrixPrototype>Character
a6394a6311c244578b82fe96bca90ac0	TaintedStreetsRebelRangedLong					NewHumanImperiumArmy	Mobs	TaintedStreetsRanged_Brain	RaycadRebel_Veteran_CP	JungleWorldRebelMeleeTough_VisualSettings	Stubcarbine_Item	CarapaceChestplate_Item	1	
a65e65207ef84755a526bf0b99e82cd0	DrukhariKabaliteGrenade				BCT_DrukhariKabalite_Male_Base01_Portrait	NewDrukhariArmy	Mobs	DrukhariKabaliteGrenade_Brain	SpecialistRT_CP	DrukhariKabalite_VisualSettings	SplinterRifleT2CH04_Item	KabaliteArmourT2_Item	1	
a67080a825d24b688f876e9063509579	VectThrone_Court_Real_Harlequin				Solitair		CutsceneNeutrals			HarlequinMale_VisualSettings	RipperAutopistol_Item	GuardFlakArmour_Item	1	
a6968c1269234359adb4fafa34825285	NunciusBody_2						CutsceneNeutrals,Mobs			Character_MeleeWHTest_VisualSettings			2	Character_MeleeWHTest
a699795d21f74159abb00f9a217fa97d	SolomorneCompanion				SolomorneAnthar		Player	SolomorneCompanion_Enemy_Brain		Solomorne_VisualSettings	Solomorne_Foehammer_Item,Solomorne_Shotgun_Item	ReactivatorArmour_Item	1	
a6b0e81b11914234b1d109a8ad22fc7c	DrukhariEliteGladiator				JungleWorldEldarRanger_Portrait	NewDrukhariArmy	Mobs	DrukhariWych_BaseBrain	ArenaWyches_CP,RTWyches_CP	DrukhariWych_VisualSettings	HekatariiBlade_Item	WychArmour_Item	2	DrukhariWych
a6c8a7a9d24140e09a2de8a4b6b6c640	Krieg_Quartermaster_Ranged_Exhibition					NewHumanImperiumArmy	Mobs	Krieg_Quartermaster_Ranged_Exhibition_Brain,Krieg_Infantry_Ranged_Exhibition_Brain,Krieg_Grenadier_Ranged_Exhibition_Brain,.Krieg_Watchmaster_MeleeRanged_Exhibition_Brain		SpecialGuard_VisualSettings	Krieg_BoltPistolT2CH04_Item,Krieg_Lasgun_Item,Krieg_ChainSwordT2CH4_Item,Krieg_LasPistolT1CH04_Item	Krieg_HeavyArmor_Item,Krieg_MediumArmor_FlakChestplate_Item	5	Krieg_Infantry_Ranged_Exhibition>Krieg_Grenadier_Ranged_Exhibition>Krieg_Watchmaster_MeleeRanged_Exhibition>Krieg_Commissar_MeleeRanged_Exhibition
a6f8749675ee44e7b2731d1f624e6938	CanoptekScarab_Melee_StryxShed					NewNecronArmy	Mobs	CanoptekScarab_HealerBrain		CanoptekScarabs_VisualSettings	CanoptekScarab_MeleeWeapon		2	CanoptekScarabs
a73ce657b08b40e3b9678a381fded058	Clemence				Clementia_Portrait		CutsceneNeutrals			Clemence_VisualSettings	NeedlePistol_Item		1	
a75cc1d8d4f64bf6b2f3126677e149a3	StewardNoCape				Mutant1_Portrait		CutsceneNeutrals						1	
a79b37e63cd447e49f8f159179f43243	GenestealerOracle_Melee_PatriarchVisions				Idira_Portrait	NewGenestealersCultArmy	Mobs			CompanionIdiraPrototype_VisualSettings	HeavyBolter_Item	ArmoredBodyglove2_Item	1	
a7ac736d74d247c2a6ec99d462355ccf	WildCannibalMeleeSwarm					NewHumanImperiumArmy	Mobs			WildCannibalMeleeSwarm_VisualSettings	Knife_Item	HeavyLeathersArmour_Item	1	
a7b7d495776f43dea6a96abcecbe7dc6	WildCannibalRangeTwitching					NewHumanImperiumArmy	Mobs			WildCannibalRangeTwitching_VisualSettings	StubRevolver_Item,Knife_Item		1	
a7bcdd285da84794ac205f1009d184d0	NomosServitor_V2				NomosPhase2,Mutant1_Portrait		CutsceneNeutrals,Mobs			ServitorBaseMale01_VisualSettings,Character_smallWHTest_VisualSettings			3	NomosServitor_V1>Character_smallWHTest
a7c40e802cbe4e1ba578b6e7e9e15211	RabbleLeaderOld				BCT_Female_Lowerdecks_LeaderOld_Portrait	HumanVoidBornArmy	CutsceneNeutrals			RabbleLeaderOld_VisualSettings	LasPistol_Item		1	
a7c4d4db7358be34da00eaf133e765d1	TrapActor_Lvl24						Traps			TrapActor_Lvl03_VisualSettings	TrapDagger_Lvl24,TrapDagger_Lvl03		2	TrapActor_Lvl03
a7c723681bea42eaa2f8cc506ff3efb3	HeretekLogi					NewHumanAdMechArmy	Mobs	LogiAnalyses_Brain	CorruptedTechpriest_Normal_CP	HeretekLogi_VisualSettings	ArcRifleT1CH2_Item		1	
a7e0f0773c0641aba3da8d990f14382c	NavisNobilite_Rifler					HumanFortressBornArmy	CutsceneNeutrals	NavisNobilite_RiflerBrain		NavisNobilite_VisualSettings	Lasgun_Item	GuardFlakChestplate_Item	1	
a7f958c4d9054628bffd51f6addeef8b	IronWisper				BCT_Human_Male_Technomat01_Portrait		CutsceneNeutrals			Character_smallWHTest_VisualSettings			1	
a80aa160dda443fcac38919e130a024d	Ch05Inquisitor_Argenta_unit				Argenta_Portrait	NewHumanImperiumArmy	CutsceneNeutrals	Inquisitor_Argenta_brain		CompanionArgentaPrototype_VisualSettings	ImperialPride_Bolter_Item,Flamer_Item	SlickBodyglove_Item	1	
a82e32bc8e6243babd52d913aa98b0f4	Inquisitor				Xavier_Portrait		CutsceneNeutrals			Character_smallWHTest_VisualSettings			1	
a83521008d244113970e2f0b5e5041bd	Latyshev_Pasqal_BH_Level34_ExportedPregen			HumanRace	Pascal_Portrait,PlayerAasimarPaladin01_Portrait		Player			CompanionPascalPrototype_VisualSettings,Character_VisualSettings	Fabricator_OmnissiahAxe_LootItem,PlasmaRifleT1CH2_Item,OmnissiahAxe_Item,PlasmaRifle_Item	AdaptiveFlakArmour_Item,EnforcerCarapace_Item,GuardFlakArmour_Item	4	PascalCompanion>CompanionPascalPrototype>Character
a840e37ecd0649a5832385b4372d8071	LargeIceDestroyable_Unit_7						CutsceneNeutrals			1TreasureWorld_ContainerAnchorPoint_VisualSettings			16	
a85582a6b4b24eb1a9e9e418990b83ee	BackSceneEnemy					NewHumanBanditsArmy	CutsceneNeutrals	RangedCloseBaseBrain	CommonPirate1_CP	FootfallPirate_VisualSettings	LasgunUnlootable_Item_CutScn		1	
a88d10738bf04585a03138370d859fdd	ThiefBrute_Melee_LowerTunnels					NewHumanBanditsArmy	CutsceneNeutrals		ThiefMelee_CP		Knife_Item	ScrapChainmail_Item	1	
a8944783b2454bf0aac240ba3e4ef78d	FriendlySpacewolfMarine_Bolter			SpaceMarineStandardRace	Spacemarine1_Portrait		CutsceneNeutrals			LoyalSpaceMarine_VisualSettings	SpaceMarineStormBolter_Item		1	
a8b09151f51342b19b9048ad815cf2b8	JaeCompanionCh02Start			HumanRace	Jae_Portrait,PlayerAasimarPaladin01_Portrait		Player			CompanionJaePrototype_VisualSettings,Character_VisualSettings	SniperRifle_Item,ChainSword_Item	EnforcerLightCarapace_Item	3	CompanionJaePrototype>Character
a8b4ffe410c642bcace1980c90ad3c8a	DiodasAfIrramon					HumanFortressBornArmy	CutsceneNeutrals			DLC3_DL_Inquisitor_VisualSettings	LasPistolUnlootable_Item		1	
a8c48b94bc154977ad380854ea582048	TheDoorFarseer					NewAeldariArmy	Mobs	FarseerTheDoor_Brain		Farseer_VisualSettings	StaffOfKrudarach_Item	AeldarFarseerMeshArmour_Item	1	
a8c6d4fe0996470b81c6b38337d1f653	TopOfficersAssistant				BCT_HumanM_RebelLeaderBogul_Portrait	NewHumanImperiumArmy	CutsceneNeutrals,Mobs	JungleWorldRebelLeader_Bogul_Brain	NavyOfficer_CP	JungleWorldRebelLeader_Bogul_VisualSettings	PatternT2ShurikenPistol_Item	GuardFlakArmour_Item	2	JungleWorldRebelLeader_Bogul
a8d04069433b4957aebc326069b36e39	SurvivorCamp_State2_NPC_Cook					NewHumanImperiumArmy	CutsceneNeutrals	TreasureWorld_Arbites_ShieldNShotgun_Brain		0Zarkov_Civilian_SurvivorCamp_VisualSettings_Male		ArbitesHeavyArmourCommon_Item	4	
a8f2853785554dbdb6ab2f3b502de77c	CultistPirate_Melee_OfficersDeck				JungleWorldRebelMelee_Portrait		CutsceneNeutrals		Cultist_UnarmoredBruiser_CP	JungleWorldRebelMeleeTough_VisualSettings	Axe_Item		1	
a8ff3a20841240cf98e5761f6d4e4c75	PDSparkWomanBefore					NewHumanImperiumArmy	HelpingPlayer	Officer_Brain	ValantiusSoldier_CP	BridgeCrewMemberNavyFemale_VisualSettings,BridgeCrewMemberGuard_VisualSettings	ShockBaton_Item,LasgunUnlootable_Item		4	TalkerPDChambers>EnforcerPDChambers>OfficersDeckGuard
a909759a174a489498ee9418b8ecd18c	0AbelardCompanion_Level7_EtelParty_ExportedPregen			HumanRace	Abeliard_Portrait,PlayerAasimarPaladin01_Portrait		Player			CompanionAbelardPrototype_VisualSettings,Character_VisualSettings	SwordT2CH01_Item,DeadShotStubRevolver_Item,AutogunM40_Item,PowerMaul_Item	HeavyEnforcerCarapace_Item,EnforcerLightCarapace_Item	3	CompanionAbelardPrototype>Character
a912f2102fbe47358cf31b2b5cc56470	ServoSkullSiberian						CutsceneNeutrals			ServoSkullRogueTrader_VisualSettings			1	
a921db8a80c44406adfc253fe8d8098d	MB_PriceOfLife_Patient_Priest						CutsceneNeutrals		HoboNaked_CP		LasPistol_Item		1	
a92cdde1068c4609b437cd5a22f8b3b0	DLC3_OP_Dogmatic_Servitor_Unit					NewHumanAdMechArmy	NeutralGuards	DLC3_OP_Dogmatic_Servitor_Brain		ServitorBaseMale01_VisualSettings	PincersServitorWeapon		1	
a94b74c8507046e3b92a3c88943b1d26	CrownWorldHarlequin				BCT_Eldar_Male_Guardian2_Portrait	NewAeldariArmy	CutsceneNeutrals	JungleWorldEldarRange_Brain		HarlequinMale_VisualSettings	EldarChainSword_Item	EldarRangerArmour_Item	1	
a95d2f88a9e8464cb618bb5409e5583f	Latyshev_Level45_Chaos_RT_Operative_BH_Melee_ExportedPregen			HumanRace	PlayerAasimarPaladin01_Portrait		Player			Character_VisualSettings	ForceSwordCH4Unique4_Item,AntiVechicle_StubRevolver_Item,LongRifleUniqueCh5_Item	CultistsArmourPlates_Item	2	Character
a9705f7991ef42ce9be3a9e68cd5cb3b	SoulMark_Chaos_Cultist_Male				BCT_HumanM_RebelLeaderBogul_Portrait	NewHumanImperiumArmy	CutsceneNeutrals,Mobs	JungleWorldRebelLeader_Bogul_Brain	ConcealedCultist_CP	JungleWorldRebelLeader_Bogul_VisualSettings	PatternT2ShurikenPistol_Item	GuardFlakArmour_Item	2	JungleWorldRebelLeader_Bogul
a97af5bdf77046d9a8492ee232c21e4e	Ghost_Melee_AstropathicchapelCH2					NewDaemonArmy	Mobs		RaycadRebel_Unarmored_CP	AstopathicGhostMale_VisualSetting	Knife_ItemUnlootable		6	
a988348b80ee42c2828616d5f8490744	Solomorne_LvL28_Varl1n_v2_ExportedPregen_OLD				SolomorneAnthar		Player			Winterscale_Companion_VisualSettings	CrescendoShotgun_Item,BalancedMaul_Item	ReactivatorArmour_Item	1	
a98ca227a3b644e3bc55f5bf21bf0870	Footfall_Bureaucrat_Uniq						CutsceneNeutrals			Footfall_Bureaucrat_VisualSettings		GuardFlakChestplate_Item	1	
a9a044b77769426cbdd0fdd5ff491f23	NaviRadicalLeader					NewHumanImperiumArmy	CutsceneNeutrals	NaviRadicalLeaderBrain		NaviRadicalLeader_VisualSettings	StaffOfOrsellioRegent,HellPistol_Item	ArmoredBodyglove2_Item	1	
a9a23f980ca64fb496f8387d4566fb40	ExhibitionCollapsing_LemanRussTank_Player					NewMachineArmy	Player,Civilians			LemanRussTank_turret_noRotationBack,LemanRussTank	2ExhibitionCollapsing_LemanRuss_UnlimitedMainCannon,TreasureWorld_LemanRuss_MainCannon		2	TreasureWorld_LemanRussTank
a9b51ccf8dff47f6b2fd16fe3efc4a06	HumanGladiator_Melee_Arena_01					NewHumanImperiumArmy	Neutrals		ChasmGladiators_Heavy_CP		SerratedKnife_Item	Chainmail_Item	1	
a9b72a6ec62a40ca9a552ddc7ab0ed6e	OfficersDeckCrew2					NewHumanImperiumArmy	HelpingPlayer	Officer_Brain		BridgeCrewMemberNavy2_VisualSettings	Autopistol_Item		1	
a9e7b07e14a64f7884cc5976544a2826	Aberrant_02_CH02Kelemorph					NewGenestealersCultArmy	Mobs	Aberrant_02_CH02Kelemorph_Brain		Aberrant_02_VisualSettings	AberrantHammer_WeaponCH02Kelemorph		2	
a9e7e8b1072b470b8ae591e7cc9a1679	VasiliyArgenta_15LvL_ExportedPregen			HumanRace	Argenta_Portrait,PlayerAasimarPaladin01_Portrait		Player			CompanionArgentaPrototype_VisualSettings,Character_VisualSettings	Bolter_Item,Flamer_Item	GuardFlakChestplateOrigin1_Item,EnforcerLightCarapace_Item	3	CompanionArgentaPrototype>Character
a9e9cfc4dc874686ba03dd69aa786901	SideQuestSlyOfficial3				RoleSpecialist1_Portrait	NewHumanBanditsArmy	CutsceneNeutrals,Mobs			Lair3RebelLeader_VisualSettings	ChainSword_Item,PlasmaPistol_Item,Hellgun_Item	ArmoredBodyglove_Item,RadiantChestplate_Item	2	Lair3RebelLeader
aa02b505be774674ae924f19dc17e6f6	DLC3_OP_Dogmatic_SicarianRuststalker_Unit					NewHumanAdMechArmy	NeutralGuards	DLC3_OP_Dogmatic_SicarianRuststalker_Brain		SicarianRuststalker_VisualSettings	DLC3_OP_Dogmatic_SicarianRuststalker_Weapon		1	
aa44875d67a44f89961a862e1189f5a4	1PascalCompanion_Level39_SolarParty_ExportedPregen			HumanRace	Pascal_Portrait,PlayerAasimarPaladin01_Portrait		Player			CompanionPascalPrototype_VisualSettings,Character_VisualSettings	OmnissiahAxe_Item,PlasmaRifle_Item,Autogun_Item	DragonScalePowerArmour_Item,EnforcerCarapace_Item,GuardFlakArmour_Item	4	PascalCompanion>CompanionPascalPrototype>Character
aa4e9e7316024f699d822f6ac852b86d	LargeIceDestroyable_Unit_4						CutsceneNeutrals			1TreasureWorld_ContainerAnchorPoint_VisualSettings			10	
aa6740315e9248cc805a7564c4386f68	TaintedStreetsRebel					NewHumanImperiumArmy	Mobs	TaintedStreetsRanged_Brain	RaycadRebel_Veteran_CP	JungleWorldRebelMeleeTough_VisualSettings	ScrappyAutogun_Item	FlakVest_Item	1	
aa8e2f0eb1eb49f28edcc92b7c88b442	DrukhariWych_ReavingTempestSpire_unit					NewDrukhariArmy	Mobs	DrukhariWychRTS_1_Brain,DrukhariWych_BaseBrain	RTWyches_CP	DrukhariWychPrototype_VisualSettings	HekatariiBladeT2_Item,SplinterRifle_Item	KabaliteArmourT2_Item,KabaliteArmour_Item	2	DrukhariWychPrototype
aa98a39ae520440bb14d533382d3da52	FootfallBanditInfectedRanged				BCT_Male_BanditLeader_Portrait	NewHumanBanditsArmy	Mobs	RangedPositionalBaseBrain	Bandit_Infected_CP	FootfallBandit_VisualSettings	Autogun_Item		1	
aaa95adfc2fb47e7917c0532b7e73daa	5Latyshev_Level45_Chaos_Pasqal_Assassin_ExportedPregen			HumanRace	Pascal_Portrait,PlayerAasimarPaladin01_Portrait		Player			CompanionPascalPrototype_VisualSettings,Character_VisualSettings	OmnissiahAxeT2CH4_Item,PlasmaRifleUniqueCh3_Item,OmnissiahAxe_Item,PlasmaRifle_Item	AdaptiveFlakArmour_Item,EnforcerCarapace_Item,GuardFlakArmour_Item	4	PascalCompanion>CompanionPascalPrototype>Character
aacc4585c0354bb09815a178f8292f40	NavisNobilite_Medic					HumanFortressBornArmy	CutsceneNeutrals	NavisNobilite_MedicBrain		NavisNobilite_VisualSettings	Autogun_Item	GuardFlakChestplate_Item	1	
aadad2e5964047478a2b49c35cb212f5	Footfall_CommonerFemale1						CutsceneNeutrals		PlebFemale_CP	Footfall_CommonerFemale_VisualSettings			1	
aaeac3033b454629bc06069c41dcc96a	BoardedShip_OfficerAoERange_Elite					NewDrukhariArmy	Mobs	BoardedShip_OfficerAoERange_Brain		DrukhariKabaliteFemale_VisualSettings	BoardedShip_OfficerAoERange_Blaster_Item	KabaliteArmour_Item	1	
ab00e21311734686ba7dff12384f40db	LargeIceDestroyable_Unit_6						CutsceneNeutrals			1TreasureWorld_ContainerAnchorPoint_VisualSettings			24	
ab131771270542b69fb7a687062b39c0	DLC3_OP_Xenarite_ElectroPriest_Unit					NewHumanAdMechArmy	NeutralGuards	DLC3_OP_Xenarite_ElectroPriest_Brain		ElectropriestNinja_VisualSettings	DLC3_OP_Xenarite_ElectroPriest_Weapon		1	
ab200028e8a94ad4ba794c59a42c40ac	NecronDeathmark_Prototype					NewNecronArmy	Mobs	NecronDeathmark_Brain		NecronDeathmark_VisualSettings	NecronDeathmarkRange_Weapon		1	
ab85c00f5d6441bfa7f5b07d7351b5de	Quetza-al_CivilFeMale						CutsceneNeutrals		QuetzaCivilian_Female_CP	Footfall_WorkerFeMale_VisualSettings		GuardFlakChestplate_Item	1	
abda798c71b740a7abea04c601999a6a	Footfall_NobleGuard					NewHumanImperiumArmy	HelpingPlayer			Footfall_NobleGuard_VisualSettings	Shotgun_Item	GuardFlakChestplate_Item	1	
abdab891e05f4f5b8010cf8c3d11d8c5	0Latyshev_Level38_Abelard_Vanguard_ExportedPregen			HumanRace	Abeliard_Portrait,PlayerAasimarPaladin01_Portrait		Player			CompanionAbelardPrototype_VisualSettings,Character_VisualSettings	ProtectorsSword_Item,Eviscerator_Item,PowerMaul_Item,Melta_Item	TempestusCarapaceOrigin2_Item,EnforcerLightCarapace_Item	3	CompanionAbelardPrototype>Character
abdf9ac27d9a45689f9c3b911c13df17	FW_Horse_Hungry				GardenWorldBeast_Portrait	NewCreaturesArmy	Neutrals,Mobs	RushBaseBrain		FW_Horse_VisualSettings,JungleBeast_VisualSettings	ClawsJBeastAlphaWeapon,BiteJBeastComWeapon		2	JungleBeastPrototype
abe6ed8f76c64843a6627bb86462e32d	SurvivorCamp_NPC_Female_Dialogue						CutsceneNeutrals		PlebFemale_CP	2Zarkov_Civilian_SurvivorCamp_VisualSettings_Female	PrisonersKnife_Item	GuardFlakChestplate_Item	1	
abfe3e8057fc4d29b2905943065c4133	MB_FV_Victim_Officer						CutsceneNeutrals						1	
ac0f16eb9e124a3ba6204f9bb5d04048	EnforcerDetective2						CutsceneNeutrals			BridgeCrewMemberNavyFemale_VisualSettings	LasPistol_Item		1	
ac279ddc1882446896bd35ba44c76b99	EnemyMelee_Reference					NewHumanImperiumArmy	Mobs			EnemyMelee_Reference_VisualSettings		GuardFlakChestplate_Item	1	
ac64204409e7448e9204f74b4913f318	CorruptedSkitariiPower_Melee					NewHumanAdMechArmy	Mobs	RushSquadBrain		CorruptedSkitari_VisualSettings	PowerMaul_Item		1	
ac700a4ecb8d404fafc2e2ec05151049	BS_ServoSkull					HumanForgeWorldArmy	CutsceneNeutrals			ServoSkull_VisualSettings			1	
ac7579bbd38146649fb4830ee1e4d8f8	FW_Knight_Moralite						NeutralGuards	FW_Knight_Moralite_Brain	LTFeudalKnight_CP	Guard_VisualSettings	FW_Knight_Sword_Item	FeudalKnightArmour_Item	1	
ac85618ee970497a8d937ce727680b68	TaintedStreetsCultistRangedHeavy					NewHumanCultistsArmy	Mobs	RangedPositionalBaseBrain	Cultist_Armored_CP	TaintedStreetsCultistRangedHeavy_VisualSettings	ScrappyAutogun_Item	Chainmail_Item	1	
ac89b3a945be44bfab0ee64d50781e33	OP_Pirate_Sniper						CutsceneNeutrals				SniperRifleT2CH4_Item,Shotgun_Item		2	OP_Soldier
ac95c2feefd14a84986435c58bad1a56	CrownWorldHarlequin_FlickeringDancer				BCT_Eldar_Male_Guardian2_Portrait	NewAeldariArmy	CutsceneNeutrals	FlickeringDancer_Melee_Brain		HarlequinMale_VisualSettings	HarlequinsKiss_Item,ShurikenPistolT2CH04_Item	EldarHarlequinArmour_Item	1	
ac977c0ec16b4e8eae8fe90369c279e6	GallenGaprak						CutsceneNeutrals			Character_smallWHTest_VisualSettings		GuardFlakChestplate_Item	1	
aca1e823dbf64d6999d2132e3198dd5a	Quetza_EldarRangerHard				BCT_Eldar_Male_Guardian2_Portrait	NewAeldariArmy	CutsceneNeutrals	QuetzaEldarRangeHard_Brain	Eldar_Ranger_CP	JungleWorldEldarUnit_VisualSettings	LongRifleT2_Item	EldarRangerArmour_Item	1	
aceb6b5d0b2547998d577a5202fca5f6	StarportRebelNoMoveLaspistol					NewHumanImperiumArmy	Mobs	RangedPositionalBaseBrain	RaycadRebel_Unarmored_CP	JungleWorldRebelMeleeTough_VisualSettings	LasPistol_Item		1	
ad24afff0650492cae6f21b6c6bf1971	FW_CorruptedNoble_Ranged_Swarm					NewHumanImperiumArmy	CutsceneNeutrals	FW_CorruptedNoble_Ranged_Swarm_Brain	Mutant_Noble_CP	Footfall_Worker_VisualSettings	LasgunT1CH02_Item		1	
ad2b922cd59843b4903e2a8544f8da99	OfficersDeck_BathServant						CutsceneNeutrals		ValantiusServant_CP	Servant_VisualSettings			2	OfficersDeckServant
ad2f8e13296d4e7f8ea7393de918172c	AnnisServitor_AstropathicChapelCH2					NewDaemonArmy,NewHumanAdMechArmy	Mobs	CombatServitorHeavyBrain,RushBaseBrain		AstopathicGhostFemale_VisualSetting,ServitorBaseMale01_VisualSettings	Melta_ItemUnlootable,PincersServitorWeapon		3	MadServitor>Servitor_FWSH
ad39bb3106d34fb695407581464456db	2GenestealerPatriarch_Melee_VoidshipBridge_Cutscene					NewGenestealersCultArmy	Mobs	GenestealerPatriarch_Melee_VoidshipBridge_brain		GenestealerPatriarch_VisualSettings	4GenestealerPatriarchScythingClawsCh04_VoidshipBridge		3	
ad716d4773f74979ac87581303448ae4	NecronLair3NecronWarrior_MeleeRanged					NewNecronArmy	Mobs	NecronWarrior_Epitaph_Brain		NecronWarrior_VisualSettings			1	
adc3eed9ecc14129ad03433fe92f14aa	Tazarra				JungleWorldEldarRanger_Portrait	NewDrukhariArmy	TrueNeutrals	DrukhariWych_BaseBrain		Tazarra_VisualSettings	Bloodletter_DrukhariKlaive_Item	WychArmour_Item	1	
adff476789f44b2fa2a238a36f4886a6	JungleWorldRebelLeutenant					NewHumanImperiumArmy	Mobs		JanusRebel_Elite_CP	JungleWorldRebelLeutenant_VisualSettings	Bolter_Item	GuardFlakArmour_Item	1	
ae17793cfaaaebf43a33cb2d74e1fe1c	TestPregen_Bloodrager				PlayerRogue01_Portrait		Player			TestPregen_Bloodrager_VisualSettings			3	
ae181b8998fa4ffd8b9be6c247787efd	FootfallAnverFlamer_Ranged_Swarm					NewHumanBanditsArmy	Mobs	FlamerRangedCloseBrain		FootfallBandit_VisualSettings	FlamerPistol_Item	GuardFlakArmour_Item	1	
ae279e8a9df148698dbdd81920535324	NobleInPalace_Drivesteam_FemaleForDialog				Mutant1_Portrait		CutsceneNeutrals,Mobs			NobleInPalace_Female_VisualSettings,Character_smallWHTest_VisualSettings		GuardFlakChestplate_Item	2	Character_smallWHTest
ae42841f785040469eee3ad919799df0	VC2_Arbitres_MeleeMaul			HumanRace		NewHumanImperiumArmy	CutsceneNeutrals	VC2_ArbitresMelee_Brain	ArbitesTrooper12_CP	Arbites_Male_VisualSettings	1Arbites_DominatorMaul_BoardedShip_Unlootable_Item	VC2_Arbitres_Armor_Unlootable	1	
ae4d2ef5960d43eda91a9a855efc05e5	RE_BridgeUnique_Guard					NewHumanImperiumArmy	CutsceneNeutrals	RE_BridgeGuard_Brain	ValantiusSoldier_CP	BridgeCrewMemberGuard_VisualSettings	Lasgun_Item,RE_BridgeUnique_Zombie_Hands	GuardFlakChestplate_Item	1	
ae505609a163491cbafe9071cf664e87	LT_Chaos_Preacher_Unique						CutsceneNeutrals			BridgeCrewMemberTechnician_VisualSettings	LasPistol_Item		1	
ae6ea54613c14935b0c4826057908342	Quetza_Fake_Archmilitant					NewHumanImperiumArmy	HelpingPlayer	Archmilitant_Brain		Quetza-al_Archmilitant_VisualSettings	HarbingerOfCarnage_item,HellPistol_Item	GladiatorsMeshArmour_Item	2	Quetza-al_Archmilitant
ae82ba93bf8e4dbc87a6ae9fb423b74a	CArgentaCompanion_Level31_TesseraParty_ExportedPregen_ExportedPregen			HumanRace	PlayerAasimarPaladin01_Portrait		Player			Character_VisualSettings		PirateChainmail_Item	2	Character
ae9d416861ff4462add8e06d4f79f0fb	LordOfChange_Prologue				Mechanicus2_Portrait		Mobs	HelbruteAutocannonBrain		Settings			2	
aebace146dcd42d3871337fbdcba9f86	Gladiator				BCT_Male_PenalWorld_Gladiator_Portrait	NewHumanImperiumArmy	CutsceneNeutrals		VheabosGladiators_CP	Gladiator_VisualSettings	StubRevolver_Item	Chainmail_Item	1	
aebedbb33251499897bd9a477a910399	Footfall_GenericVendorFemale						CutsceneNeutrals		PlebFemale_CP	Footfall_GenericVendorFemale_VisualSettings		GuardFlakChestplate_Item	1	
aec766fd82014283aa7cef5c420d7dcd	AdministratumWorker2				JungleWorldRebel_Portrait		CutsceneNeutrals		AdministratumWorker_Male_CP	Servant_VisualSettings			1	
aec8f30c124149ba8492b4c09dd5a159	UnderhivePistol					NewHumanImperiumArmy	CutsceneNeutrals		RaycadRebel_Unarmored_CP	UnderhivePistol_VisualSettings	ScrappyAutopistol_Item		1	
aecd6bae537843c1aacfb8a1803a00d9	InquisitorCh5				Xavier_Portrait	NewHumanWarpNullArmy	CutsceneNeutrals	Inquisitor_attack_brain		Character_smallWHTest_VisualSettings	RoaringThunder_ThunderHammer_Item		1	
aed4fe11bb504d53991b5d9c1cecc462	LT_SF_Enforcers_Sniper_CutSc						CutsceneNeutrals	GenestealerSniper_VoidshipCrypt_Brain	ValantiusEnforcerCarapace_CP	BridgeCrewMemberNavy_VisualSettings	SniperRifle_Item_Cutscene		1	
aee03d26ba96467e97754ad2110d7444	DemonHorror_Pink_Uralon					NewDaemonArmy	HelpingPlayer	RE_Hold_HorrorPink_Brain		DemonHorror_VisualSettings	TalonedHands_Item		1	
aef4966b80e84b5e984a27ea2ad2e45a	-4y6_Idira_27lvl_ExportedPregen_ExportedPregen			HumanRace	Idira_Portrait,PlayerAasimarPaladin01_Portrait		Player			CompanionIdiraPrototype_VisualSettings,Character_VisualSettings	ChargedStaffItem,TelepathsStaff_Item,Autopistol_Item,Longlas_Item	PsychicBodyglove_Item,GuardFlakArmour_Item	3	CompanionIdiraPrototype>Character
aefca1a8b6234901ba8979c2bc98b60f	HalfCrazyServicemanEnforcer					HumanDeathWorldArmy	CutsceneNeutrals		NaviCrewGuard_CP	HalfCrazyServicemanEnforcer_VisualSettings	ChainSword_Item		1	
af527868633c410589295da3618d3cf0	CorruptedTurret_Ranged_BlackShip					NewMachineArmy	CutsceneNeutrals	CorruptedTurret_BlackShip_Brain		BlackShipTarantul_VisualSettings	CorruptedTurret_Lascannon_Weapon		1	
af6f820f0014436295a03f5b20c9af51	MB_Lowlife						CutsceneNeutrals		LT_Worker_CP				1	
af87d47f816741f89b67669a8ca0ff28	MB_Patient_In_Clothes						CutsceneNeutrals		MedbayPatientInClothes_CP				1	
af95d3812e9c44deb6e9708ff70bb260	SisterOfBattleFakeForVox					HumanFortressBornArmy	CutsceneNeutrals				LasPistolUnlootable_Item		1	
afbbd19eff3021248bf7dacdbcb71e81	DemonSlaaneshDaemonette				Daemonette_Portrait	NewDaemonArmy	Mobs			DemonSlaaneshDaemonette_VisualSettings	WhipSlaaneshDaemonetteWeapon		1	
afc42a527a284853bbf10c1de392cd99	Augment_Holo_Eye_Projection_Unit						HelpingPlayer			Augment_Holo_Eye_Projection_Unit_VisualSettings			1	
afd33e2507e94a5d863488c928c0241d	FW_Horse_Old					NewCreaturesArmy	CutsceneNeutrals	FeudalWorld_CyberLacerax_Melee_Brain		FW_Horse_VisualSettings	FW_CAL_Claws_Weapon,BiteJBeastComWeapon		1	
afd59a0446084706a74f08084a176e7f	4y6_Heinrix_27lvl_ExportedPregen_ExportedPregen			HumanRace	Heinrix_Portrait,PlayerAasimarPaladin01_Portrait		Player			CompanionHeinrixPrototype_VisualSettings,Character_VisualSettings	ForceSwordCH2Unique3_Item,BiomancersStaff_Item,ForceSword_Item,Shotgun_Item	Synskin_Item,GuardFlakArmour_Item	3	CompanionHeinrixPrototype>Character
afd6960f69e046f59a8c8159eb5ac5bb	DrukhariTurret_EldarDeathspinner					NewMachineArmy	Mobs			DrukhariTurret_VisualSettings	AncientTrapTurretGun_Item		1	
afef361892f445f99f0b157e4eecde83	FootfallBanditInfected				BCT_Male_BanditLeader_Portrait	NewHumanBanditsArmy	Mobs	RangedPositionalBaseBrain	Bandit_Infected_CP	FootfallBandit_VisualSettings	Sword_Item		1	
b03849ceec0f43868027d4ff5eeefd86	ArgentaCompanion_2lvl			HumanRace	Argenta_Portrait,PlayerAasimarPaladin01_Portrait		Player			CompanionArgentaPrototype_VisualSettings,Character_VisualSettings	ArgentaStartBolter_Item,Autopistol_Item,Bolter_Item,Flamer_Item	MeshChestplate_Item,EnforcerLightCarapace_Item	3	CompanionArgentaPrototype>Character
b05f652a45504cd3a990c304491ba5d9	TaintedStreets_Arbites_SolomonSquad_V2				ArbitratorStein	NewHumanImperiumArmy	CutsceneNeutrals	TreasureWorld_Arbites_PetMaster_Brain	ArbitesTrooper_CP	Arbites_Male_VisualSettings	BolterT1_Item	ArmoredBodyglove4_Item	1	
b069f31be4be43409d6de28c12ba5c2a	.HumanArchitect_Melee_SurvivorCamp_State2_Vedka				VedkaNewHandUniform	NewHumanImperiumArmy	HelpingPlayer	HumanDefender_SurvivorCamp_Brain	ValanciusEnforcer_CP	0Zarkov_Military_SurvivorCamp_VisualSettings_Male	GreatswordT2CH4_Item	GuardFlakChestplate4_Item	2	1HumanArchitect_Melee_SurvivorCamp_State2_Kuravich
b077e11cf2c040e9a9a3346d8f4a396e	ChirurgeonMajoris						CutsceneNeutrals			NavisNobilite_VisualSettings	ShockBatonT2_Item,AutopistolT2CH02_Item		1	
b07c879532a44e8290c34451d706ae15	NunciusBody_3						CutsceneNeutrals,Mobs			Character_MeleeWHTest_VisualSettings			3	Character_MeleeWHTest
b07e431d33214ab0927b7e3b3af1a29d	PlayerRTLeaderCh02Start			HumanRace	RogueTraderMaleCommissaryPortrait,PlayerAasimarPaladin01_Portrait		Player			Character_VisualSettings	LifeDrainingSword_Item,DeadShotStubRevolver_Item,TeodoraPlasmaPistol_Item	GuardFlakArmour_Item	2	Character
b08dcf658f894704a22ef7d1c4aa8089	DrukhariKhymera_PrisonLab					NewCreaturesArmy	CutsceneNeutrals	KhymeraBrain		DrukhariKhymera_VisualSettings	DrukhariKhymeraClawWeapon		1	
b08f2fe6a8af4befb97a1bacf5fe2d99	EnemySniper_Reference					NewHumanImperiumArmy	Mobs			EnemySniper_Reference_VisualSettings		GuardFlakChestplate_Item	1	
b0a72eb38b0a4e85b7c50cd3fe35ab27	DW_Beast_Eye					NewBeastLimpArmy	Mobs						4	
b0bab146a7e64164afbb65f0c38c0406	PlayerRT_level27_VasyaParty_ExportedPregen			HumanRace	AstraMilitarumMale,PlayerAasimarPaladin01_Portrait		Player			Character_VisualSettings	ThunderHammer_Item,Flamer_Item	TempestusCarapace_Item	3	Character
b0c0f55cba4c45f7bf06ec802ce73682	HeinrixCompanionCh02End			HumanRace	Heinrix_Portrait,PlayerAasimarPaladin01_Portrait		Player			CompanionHeinrixPrototype_VisualSettings,Character_VisualSettings	AncientForceSword_Item,CombatShotgun_Item,ForceSword_Item,Shotgun_Item	TempestusCarapace_Item,GuardFlakArmour_Item	3	CompanionHeinrixPrototype>Character
b0c105bc081d4550892c8362a6312992	OfficersDeckWorkerCommon						CutsceneNeutrals		LT_Worker_CP	Footfall_Worker_VisualSettings			1	
b0c2a40f72e743449f9b5cbf497b442c	Ch04Vladaym_RangeGuardArc_unit				JungleWorldRebelOfficerMelee_Portrait	NewHumanImperiumArmy	CutsceneNeutrals	Ch04_RangeGuard_Brain	VladaymEnforcer_CP	JungleWorldRebelMeleeTough_VisualSettings	ArcRifleCH4UniqueMob_Item	VoidsmenArmour_Item	1	
b0c642b8b2ba420dad29ee4d1e2656d6	Excurtionist				Mutant1_Portrait		CutsceneNeutrals,Mobs		NobleMale_CP_Correct	Character_smallWHTest_VisualSettings			3	NobleInPalace>Character_smallWHTest
b0d2345e5b9d47dc8f4ae72143f59365	FriendlySpacewolfMarine_Pistol			SpaceMarineStandardRace	Spacemarine1_Portrait		CutsceneNeutrals			LoyalSpaceMarine_VisualSettings	AstartesBoltPistol_Item,AstartesChainsword_Item		1	
b0de2d8a9f8d42689c42d75b2bdc1985	DrukhariWychRange1_ReavingTempestSpire_unit					NewDrukhariArmy	Mobs	DrukhariWychRange_Brain,DrukhariWych_BaseBrain	RTSniper_CP	DrukhariWychPrototype_VisualSettings	SplinterRifleKabalite_Item,SplinterRifle_Item	KabaliteArmourT2_Item,KabaliteArmour_Item	2	DrukhariWychPrototype
b0eb6b6665884314a5ffbe72a6ba015a	GenestealerAutogun_Ranged_LowerTunnels					NewGenestealersCultArmy	CutsceneNeutrals		Genestealer2Tier_CP	GeneCultistMale_VisualSettings	AutogunT2CH04_Item	ArmoredBodyglove2_Item	1	
b120b0c4d6fa46e9885a836e174f804d	DrukhariEliteAbess				JungleWorldEldarRanger_Portrait	NewDrukhariArmy	Mobs	DrukhariWych_BaseBrain	RTWyches_CP	DrukhariEliteAbess_VisualSettings,DrukhariWych_VisualSettings	PoisonedHekatariiBlade_Item,HekatariiBlade_Item	WychArmour_Item	2	DrukhariWych
b149c20257664a0e9f913968cae49d9f	Solomorne_LvL38_Varl1n_v2_ExportedPregen_OLD				SolomorneAnthar		Player			Winterscale_Companion_VisualSettings	FinalChordShotgun_Item,TorturerMaul_Item	ArbitesArmour_Item	1	
b153c5f2b2174a2d915c37eeb482e9cd	PeacefulServitorFemale5					NewHumanAdMechArmy	CutsceneNeutrals,Mobs	RushBaseBrain		ServitorBaseFemale01_VisualSettings,ServitorBaseMale01_VisualSettings	PincersServitorWeapon		3	MadServitor>Servitor_FWSH
b161987347c1457ab30f3b402a3db18f	Footfall_Vladaym_Ch04				Vladaim_Portrait	NewHumanBanditsArmy	Mobs	Ch04_Vladaym_1_brain		Lair3RebelLeader_VisualSettings	AssasinPistol_Item,DaringCutlass_Sword_Item	LightCarapaceScaleArmour_Item	1	
b184ff15b87f4306a5676718773069c5	BoardedShip_OfficerAoERange_Elite					NewAeldariArmy	Mobs	BoardedShip_OfficerAoERange_Brain		JungleWorldEldarUnit_VisualSettings	Blaster_Item	EldarRangerArmour_Item	1	
b1a6dda5bfb647699e6c8054a144151a	FootfallAnverCutterNimble_Melee_Common					NewHumanBanditsArmy	Mobs	MeleeCutter_Brain	Anver_Common_CP	FootfallBanditThug_VisualSettings	Axe_Item		1	
b1b77f2ea9d149258763dbb3557f1586	Gladiator				BCT_Human_Male_Flak_Rebel01_Portrait	HumanHiveWorldArmy	CutsceneNeutrals	RangedPositionalBaseBrain	DargonusGladiators_CP	Gladiator_VisualSettings	ChainSword_Item	GuardFlakArmour_Item	1	
b1cab2fc7c254466bd8744b97c7a12f6	Footfall_ValadaimAgent_Xenos_Weapon				BCT_Footfall_Male_Guard_Portrait	NewHumanImperiumArmy	NeutralGuards		VladaymEnforcer_CP	Footfall_Enforcer_VisualSettings	ShurikenPistol_Item,ShockBaton_Item	GuardFlakArmour_Item	2	Footfall_Enforcer
b1f6e2b4865b49c2918c36977ba6c7cc	InquisitorGuardSargeant					NewHumanImperiumArmy	CutsceneNeutrals			Footfall_Hobo_VisualSettings	PlasmaPistolT2CH04_Item,PowerSword_Item	TempestusCarapace4_Item	1	
b201f392ac83455a866f89546e9bc91e	Yanus19Hen_ExportedPregen			HumanRace	Heinrix_Portrait,PlayerAasimarPaladin01_Portrait		Player			CompanionHeinrixPrototype_VisualSettings,Character_VisualSettings	ThunderHammer_Item,SanctifiedStaff_Item,ForceSword_Item,Shotgun_Item	PsychicBodyglove_Item,GuardFlakArmour_Item	3	CompanionHeinrixPrototype>Character
b207a89084c14576bdead25f33e815f3	DrukhariSslythBase_Hard					NewCreaturesArmy	Mobs	DrukhariSslyth_brains		DrukhariSslyth_VisualSettings	SslythSplinterRifle_Basic_Item,SslythSplinterPistol_Basic_Item,SslythChainSword_Basic_Item		1	
b209317f3b744946b8a210ca4b848990	Cultist_ArcheotechReactor_Range				Soldier1_Portrait	NewHumanCultistsArmy	Mobs	RangeCommonBaseBrain	Cultist_Range_CP	CultistRange_VisualSettings	LasgunT1CH02_Item	ArmoredBodyglove_Item	1	
b21645de28074e7bad6e510dfa56789a	Latyshev_Level45_Chaos_Solomorne_ExportedPregen				SolomorneAnthar		Player	SolomorneCompanion_Enemy_Brain		Solomorne_VisualSettings	DoubleBarelled_Shotgun_Item,ShotgunCH04Unique_Item	KasrkinArmour_Item	1	
b21a44b899184bbcb1ad83525c5c6bc7	EX_Trazyn				Trazyn		CutsceneNeutrals			Trazyn_VisualSettings			1	
b2212886bc294d6fb5510cea581c5b47	Footfall_Generic_BanditHeavy					NewHumanBanditsArmy	Mobs	RangedCloseBaseBrain	Bandit_Armored_CP		Shotgun_Item	ScrapChainmail_Item	1	
b23b2554fa5a43dd90b5a2ece17f00d7	StarportRebelMeleeKnife					NewHumanImperiumArmy	Mobs	RushBaseBrain	StarportRebels	JungleWorldRebelMeleeTough_VisualSettings	Knife_Item	GuardFlakChestplate_Item	1	
b241d70acbac4e8a81fab8c5669e8689	VectThrone_Inquisitor				Xavier_Portrait		CutsceneNeutrals			ScavengerLeader_VisualSettings	RipperAutopistol_Item	GuardFlakArmour_Item	1	
b244469c02fd473aa0dc1d01b5a9f9a9	4HeinrixCompanion_Level25_TesseraParty_ExportedPregen			HumanRace	Heinrix_Portrait,PlayerAasimarPaladin01_Portrait		Player			CompanionHeinrixPrototype_VisualSettings,Character_VisualSettings	JaeQuest_DrukhariKlaive_Item,SanctifiedStaff_Item,ForceSword_Item,Shotgun_Item	RadiantChestplate_Item,GuardFlakArmour_Item	3	CompanionHeinrixPrototype>Character
b2c3ef7e4c7d48628cefcb4555a214e9	KhorneBloodletter_Melee_Perils					NewDaemonArmy	Mobs	KhorneBloodletter_Basic_Brain		KhorneBloodletter_VisualSettings	KhorneBloodletterSword_Weapon		2	KhorneBloodletter
b2e9e302ca254ced897b2aea0fad9fa1	pasqual_lv38_chordafight_ExportedPregen			HumanRace	Pascal_Portrait,PlayerAasimarPaladin01_Portrait		Player			CompanionPascalPrototype_VisualSettings,Character_VisualSettings	AOO_OmnissiahAxe_Item,PlasmaRifleT2CH4_Item,OmnissiahAxe_Item,PlasmaRifle_Item	CommissarFlakBreastplate_Item,EnforcerCarapace_Item,GuardFlakArmour_Item	4	PascalCompanion>CompanionPascalPrototype>Character
b2ee1379a97e4199943843313a459575	PlayerLedge_Test2			HumanRace	RogueTraderMaleCommissaryPortrait,PlayerAasimarPaladin01_Portrait		Player			Character_VisualSettings	StubRevolver_Item,Sword_Item	GuardFlakChestplate_Item	5	Character
b2f620a7436e490b94c6e6d31fc34c05	SlaveWithKnife					HumanVoidBornArmy	CutsceneNeutrals				Knife_Item		1	
b326435196e04104b6af1f6b08867b14	Confessor_Chaos						CutsceneNeutrals			GeneCultistFemale_VisualSettings			1	
b33147f9c39d465988ac1991776d096a	ChaosSpaceMarine_UlfarQuest			SpaceMarineStandardRace		NewChaosSpaceMarineArmy	Mobs	ChaosSpaceMarine_brain		ChaosSpacemarine_VisualSettings	ChaosSpaceMarineBolter_Item		1	
b351235e5043431a8bd52687cc4e64df	FakeAbelard				Abeliard_Portrait		HelpingPlayer	AbelardTutorial_Brain		CompanionAbelardPrototype_VisualSettings	Sword_Item	FlakVest_Item	2	
b378c93a78f24ff9b641edf87307d23a	PlayerRTLeaderCh02End			HumanRace	RogueTraderMaleCommissaryPortrait,PlayerAasimarPaladin01_Portrait		Player			Character_VisualSettings	PlasmaRifle_Item,Hellgun_Item	RadiantChestplate_Item	2	Character
b388e23975694ac8941f3471af283fb3	TechpriestRanged_TrailerCinematic					NewHumanAdMechArmy	Mobs	RangedPositionalBaseBrain		0TechpriestRanged_TrailerCinematic_VisualSettings	Lasgun_Item		1	
b3cd544dcbed4b56be4591cb465ad6a6	Governor				Mutant1_Portrait		CutsceneNeutrals		JanusNobleMale_CP_Correct	Noble_VisualSettings			2	Noble
b4121b0dc2d84b5aa2f28a9b6bded4c4	ValanciusWoundedSolder				JungleWorldRebel_Portrait	NewHumanImperiumArmy,HumanFortressBornArmy	Friends,CutsceneNeutrals	RangedPositionalBaseBrain	ValantiusSoldier_CP	RogueTraderGuardPeaceful_VisualSettings	LasgunUnlootable_Item_CutScn,Lasgun_Item	GuardFlakArmour_Unlootable_Item,GuardFlakArmour_Item	2	RogueTraderGuardPeaceful
b44eefd107ca435187679bfe2477fb73	DrukhariKabaliteSapper					NewDrukhariArmy	Mobs	KabalitePositionalBaseBrain	SpecialistRT_CP	DrukhariKabaliteSapper_VisualSettings	SplinterPistol_Item	KabaliteArmour_Item	1	
b47977b686fc46ecae1614b199dea889	zin_22_RT_Operative_ExportedPregen			HumanRace	CriminalMale,PlayerAasimarPaladin01_Portrait		Player			StartGame_Pregen_Adept_VisualSettings,Character_VisualSettings	SniperRifleT2_Item,ShotgunCH01Unique_Item	Synskin_Item	11	Character
b4803008defd4132ac7aa8cffb976f4d	Footfall_Worker_DoorMan						CutsceneNeutrals		PlebMale_CP	Footfall_Worker_VisualSettings			1	
b48e9e7c37a5404986950c3922ca1197	Quetza_EldarRangerNew				BCT_Eldar_Male_Guardian2_Portrait	NewAeldariArmy	CutsceneNeutrals	QuetzaEldarRange_Brain	Eldar_Ranger_CP	JungleWorldEldarUnit_VisualSettings	LongRifleT2_Item	EldarRangerArmour_Item	1	
b4a27a52dd44416f8a39d3cd50671dcc	CorruptedLexmechanic				Mechanicus1_Portrait	NewHumanAdMechArmy	Mobs			CorruptedLexmechanic_VisualSettings	CombatShotgun_Item,Mechadendrite_BoltPistol_Item		1	
b4e8aeb4fcc843f98af9bfb82f61b6c5	JungleBeastAlphaHorse_krieg				GardenWorldBeast_Portrait	NewCreaturesArmy	Neutrals,Mobs	RushBaseBrain		JungleBeast_VisualSettings	ClawsJBeastAlphaWeapon,BiteJBeastComWeapon		2	JungleBeastPrototype
b54955b20a1d45c2a910a6c57a6ccc7c	JungleBeastCommon						CutsceneNeutrals	JungleBeastCommonBrain		JungleBeast_VisualSettings			1	
b56279df24c94d2fb76a798ed24607c4	PlayerRT19Chapel_ExportedPregen			HumanRace	PlayerAasimarPaladin01_Portrait		Player			Character_VisualSettings	AnverChainSword_Item,OfficerChainSword_Item,Longlas_Item	ArmoredBodyglove3_Item	2	Character
b5649dc190444301acffc2cf09611ea9	NavisNobilite_MutantCommander					HumanFortressBornArmy	CutsceneNeutrals	NavisNobilite_MutantCommanderBrain		NavisNobiliteMutant_VisualSettings	LasPistol_Item	GuardFlakChestplate_Item	1	
b5886f3570434d82a912288dcea0ec9a	CrownWorldHarlequin_SilentSinger				BCT_Eldar_Male_Guardian2_Portrait	NewAeldariArmy	CutsceneNeutrals	JungleWorldEldarRange_Brain		HarlequinMale_VisualSettings	NeuroDisruptor_Item	EldarHarlequinArmour_Item	1	
b58cdd5059f64e6d95d6b32174858cc1	CassiaCompanion_Level15_ExportedPregen			HumanRace	Cassia_Portrait,PlayerAasimarPaladin01_Portrait		Player			CompanionCassiaPrototype_VisualSettings,Character_VisualSettings	StaffOfHouseOrsellio,SniperRifle_Item,Longlas_Item,Autopistol_Item	ArmoredBodyglove_Item,GuardFlakArmour_Item	3	CompanionCassiaPrototype>Character
b5abfc4a40cd43e08dd6f53cf2375179	PlaguebearerRandomEncounter					NewDaemonArmy	Mobs	PlaguebearerBrawler_BaseBrain		Plaguebearer_VisualSettings	Plaguesword_Item		2	Plaguebearer
b5b471498cdb4610b501565ceed2fa4c	JungleWorldEldarUnit_TrailerCinematicMelee				JungleWorldEldarRanger_Portrait	NewAeldariArmy	Mobs			4JungleWorldEldarUnit_TrailerCinematic_VisualSettings	EldarChainSword_Item_TrailerCinematic,ShurikenPistol_Item	EldarRangerArmour_Item	1	
b5b88ca1f35d496c8111583f24fd396f	DrukhariEliteGladiatorFem				JungleWorldEldarRanger_Portrait	NewDrukhariArmy	Mobs	DrukhariWych_BaseBrain	ArenaWyches_CP,RTWyches_CP	DrukhariWychFemale_VisualSettings,DrukhariWych_VisualSettings	HekatariiBlade_Item	WychArmour_Item	2	DrukhariWych
b5d4be9f75274c8e8471652809c77300	Cultist_ArcheotechReactor_Melee1				Soldier1_Portrait	NewHumanCultistsArmy	Mobs		Cultist_Regular_CP	CultistRange_VisualSettings	Sword_Item	CasingChestplate_Item	1	
b5e7edd1c8514b259f2f685f0ee7b991	Latyshev_Eogann_Level25_Overseer_ExportedPregen						Player			CompanionPascalPrototype_VisualSettings	HandOfXenocide_OmnissiahAxe_Item,ArcRifleT1CH2_Item		1	
b610b7b0efca4c5bbf5575f4087be612	Quetza-al_Turret_Friendly						CutsceneNeutrals	CorruptedTurret_BlackShip_Brain		BlackShipTarantul_VisualSettings	CorruptedTurret_Lascannon_Weapon		1	
b61c6d8574b34144963367e49ccde58d	Tech_BoardedShip_Bridge					NewMachineArmy	TrueNeutrals						1	
b632c5748dba4896a569a306cb549b78	HeinrixCompanion_Ch04_Lvl40				Heinrix_Portrait		Player			CompanionHeinrixPrototype_VisualSettings	AncientForceSword_Item,BlastPistol_Item,DjinBladeYremeriss_Item	PsykerTempestusCarapace_Item	1	
b639c96aebb44988a4d7ea9f350b32f2	Latyshev_Heinrix_Level25_Assa_ExportedPregen			HumanRace	Heinrix_Portrait,PlayerAasimarPaladin01_Portrait		Player			CompanionHeinrixPrototype_VisualSettings,Character_VisualSettings	ForceSwordCH2Unique3_Item,LongBarreledAutopistol_Item,BiomancersStaff_Item,ForceSword_Item	FencingBodyglove_Item,GuardFlakArmour_Item	3	CompanionHeinrixPrototype>Character
b684ebe25b384bc3be53ab974b1d6976	Footfall_Generic_BanditThugHeavy					NewHumanBanditsArmy	Mobs		Bandit_Armored_CP		Sword_Item	ScrapChainmail_Item	1	
b695eac2a977469db876055e9c9d70e6	OfficerDeckNavyCrewMember1						CutsceneNeutrals		NavyOfficer_CP	BridgeCrewMemberNavy_VisualSettings	LasPistol_Item		1	
b6b81eea753f43e18dc5deab90d7a59e	PossessedRabbleMelee02RandomEncounter				BCT_Male_Lowerdecks_Worker_Portrait	NewHumanImperiumArmy,HumanVoidBornArmy	Mobs,CutsceneNeutrals		VoidCrew_CP,Lowlifers_Clan1_CP	RabbleMelee_VisualSettings	Knife_Item		2	RabbleMelee
b6e47c867e254c8b8a9191a8b2c2a837	Drukhari_Karael_Melee_MarazhaiQ2				ArchonBlackHeart_Portrait	NewDrukhariArmy	CutsceneNeutrals,Mobs	Drukhari_Nazrakey_MeleeRanged_Boss_brain,KabalitePositionalBaseBrain	RTSoldier_CP	DrukhariKabalite_VisualSettings	VenomBladeKabalite_Item,BlastPistolT2CH03_Item,VenomBladeT2CH04_Item,SplinterRifle_Item	KabaliteArmour_Item	4	Nazrakey>DyingKabalite>DrukhariKabalite
b7040b3ebd60437dbdc522b94c973880	Footfall_SpaceVendor				SpaceVendor		CutsceneNeutrals			Footfall_Delegate_VisualSettings		GuardFlakChestplate_Item	1	
b704410a521f4256b410188e982f6c1b	DeathCultist_PeacefullDistortion						CutsceneNeutrals		DeathCultistDistortion_CP,DeathCultAdept_Melee_CP	GeneCultistMale_VisualSettings	DeathCultSword_Item		2	DeathCultist_Peacefull
b7234cedb0e74135acc4dd17844d1e1c	TaintedStreetsRebelFlamer				JungleWorldRebelMelee_Portrait	NewHumanImperiumArmy	Mobs	FlamerRangedCloseBrain		JungleWorldRebelMelee_VisualSettings	FlamerPistol_Item	CarapaceChestplate_Item	1	
b768dead1ded42ffb9410dc2c861f6e4	VC2_LordSecond			HumanRace		NewHumanImperiumArmy	CutsceneNeutrals	VC2_Noble_Brain		VC2_Lord_Male_VisualSetting	PlasmaRifleT2CH4_Item_Unlootable	-ArmoredBodyglove2_BoardedShip_Unlootable_Item	1	
b780b86584a74daf94c6697f8616c89a	GenestealerAberrant_Melee_VoidshipBridge					NewGenestealersCultArmy	Mobs	.GenestealerAberrant_Melee_VoidshipBridge_brain		Aberrant_02_VisualSettings	AberrabtHammerCh04_VoidshipBridge		1	
b797c155e6dd4763a64c53a43fb23ea5	HorrorOfTzeentch_Blue_MeleeRanged				HorrorOfTzeentch_Blue_v02_Portrait	NewDaemonArmy	Mobs	RE_HorrorOfTzeentchBlueMelee_Brain		DemonHorror_Blue_VisualSettings	TalonedHands_Item		1	
b79c041c668d441a9fb6b4b1cb3a24cf	4CassiaCompanion_Level37_ValladinParty_ExportedPregen			HumanRace	Cassia_Portrait,PlayerAasimarPaladin01_Portrait		Player			CompanionCassiaPrototype_VisualSettings,Character_VisualSettings	BloodhoundNavigatorStaff,StaffOfHouseCassini,Longlas_Item,Autopistol_Item	SlickBodyglove_Item,GuardFlakArmour_Item	3	CompanionCassiaPrototype>Character
b7ab35db030547e1be7d568b259e17b3	NavisNobiliteFemale					HumanFortressBornArmy	CutsceneNeutrals	RangeCommonBaseBrain	OrsellioLoyal_UnarmoredGuard_Female_CP	NavisNobiliteFemale_VisualSettings			1	
b7b604e5c9e84d148efb08720946fea8	ChoirMaster_Replacement						CutsceneNeutrals			Noble_VisualSettings	AstropathsStaffUnlootable_Item		1	
b7c0e57d05ad4a1987d8f49ee61affee	MB_MotherOfOfficer						CutsceneNeutrals				LasPistol_Item		1	
b7c393b2c5df4aa99b6ac0be09041ba6	OfficersDeckCultistPirateMeleeStart					HumanAgriWorldArmy	CutsceneNeutrals	BerserkerMeleeBaseBrain	Cultist_UnarmoredBruiser_CP	JungleWorldRebelMeleeTough_VisualSettings	AxeUnlootable_Item		1	
b8030a79c04b4d84b2f7267d2394385f	NomosServitor_V3				NomosPhase2,Mutant1_Portrait		CutsceneNeutrals,Mobs			ServitorBaseMale01_VisualSettings,Character_smallWHTest_VisualSettings			3	NomosServitor_V1>Character_smallWHTest
b80836b2f42a46a9b7a0ab2ac4531bd3	DrukhariKabaliteSniperAttackOnShip					NewDrukhariArmy	Mobs	DrukhariKabaliteSniperBrain	SpecialistRT_CP	DrukhariKabaliteHeavy_VisualSettings	SplinterRifle_Item	KabaliteArmourT2_Item	1	
b80eb8c43d404a108263d0c0461427fb	PlayerLedge_Test			HumanRace	RogueTraderMaleCommissaryPortrait,PlayerAasimarPaladin01_Portrait		Player			Character_VisualSettings	StubRevolver_Item,Sword_Item	GuardFlakChestplate_Item	5	Character
b84014bbd83e465f84236ae4457dadb6	Quetza-al_Dweller_Overlord						CutsceneNeutrals			Footfall_WorkerFeMale_VisualSettings		GuardFlakChestplate_Item	1	
b85b0ad7ce354d0cad725455baf1a932	abelard_lv38_chordafight_ExportedPregen			HumanRace	Abeliard_Portrait,PlayerAasimarPaladin01_Portrait		Player			CompanionAbelardPrototype_VisualSettings,Character_VisualSettings	BonebreakingMaul_PowerMaul_Item,SwordT2CH03_Item,MeltaUltima_Item,PowerMaul_Item	HeavyXenoMeshOrigin1_Item,EnforcerLightCarapace_Item	3	CompanionAbelardPrototype>Character
b8610b986ad64a89a9f77bf67cab59f3	PenalWorld_Warden_NPC1					NewHumanImperiumArmy	CutsceneNeutrals	TreasureWorld_Arbites_PetMaster_Brain			BolterT1_Item	ArmoredBodyglove4_Item	1	
b88027eabb8d4bd2a9916b21a48480c2	SolomorneSquad_Stein_Back			HumanRace	ArbitratorStein,PlayerAasimarPaladin01_Portrait		CutsceneNeutrals,Player			Character_VisualSettings	5Arbites_ShotPistol_BoardedShip_Unlootable_Item_CutScn,StubRevolverSingleShot_Item	2Arbites_StandartArmour_BoardedShip_Unlootable_Item	3	StartGame_Player_Unit>Character
b891a09dbbb34a9fa6699e62be9a1a27	Henrix_Bakula_level36_ExportedPregen			HumanRace	Heinrix_Portrait,PlayerAasimarPaladin01_Portrait		Player			CompanionHeinrixPrototype_VisualSettings,Character_VisualSettings	AncientForceSword_Item,EboniteSword_Item,ForceSword_Item,Shotgun_Item	RadiantChestplate_Item,GuardFlakArmour_Item	3	CompanionHeinrixPrototype>Character
b8df9f315da7bf941b54fde26205f3dd	MutantAristocrate				Mutant1_Portrait	NewHumanImperiumArmy	Mobs			MutantAristocrate_VisualSettings	InfernoPistol_Item	GuardFlakChestplate_Item	1	
b8e22839a1dd4e6582535504062342cf	NobleInPalaceWithClue				Mutant1_Portrait		CutsceneNeutrals,Mobs			Character_smallWHTest_VisualSettings			2	Character_smallWHTest
b8e80b7b2f7e4ceaaf8cb3b05497a578	TreasureWorld_AmbullMother					NewCreaturesArmy	CutsceneNeutrals	TreasureWorld_AmbullMother_Brain_Steps		Ambull_VisualSettings	TreasureWorld_AmbullMother_Claw		1	
b8ec45b228034db48d1658e35d59193a	DLC3_OP_Xenarite_Skitarii_Unit					NewHumanAdMechArmy	NeutralGuards	DLC3_OP_Xenarite_Skitarii_Brain	ChaosBattleTechnomat_CP	Footfall_TechPriest_VisualSettings	PowerAxeT2_Item,LasPistolT1CH04_Item,DLC3_OP_Xenarite_Skitarii_PowerAxe_Item,DLC3_OP_Xenarite_Skitarii_LasPistol_Item	GuardFlakArmour_Item	1	
b8ed5fe3f0944549961722f99710fa15	DW_Beast_Tail_1					NewBeastLimpArmy	Neutrals	DW_Beast_Tail_Brain,DW_Beast_Tail_Brain_React		DW_Beast_Tail_VisualSettings			1	
b8f8fca4997b42b9b18ff2074ccfee74	DrukhariSslyth_Ranged_MarazhaiQ2					NewCreaturesArmy	Mobs	DrukhariSslyth_Ranged_brain		DrukhariSslyth_VisualSettings	SslythSplinterRifle_Basic_Item,SslythSplinterPistol_Basic_MarazhaiQ2_Item		1	
b91bf72ef1064059b37707b45b9ab808	FootfallAnverFrenzy_Melee_Common					NewHumanBanditsArmy	Mobs	BerserkerMeleeBaseBrain		FootfallBanditThugHeavy_VisualSettings	ChainSword_Item	CasingChestplate_Item	1	
b92ccf5d6d8f4050a4bedf8ebcae964f	AgentaCompanion_Level47_ExportedPregen			HumanRace	Argenta_Portrait,PlayerAasimarPaladin01_Portrait		Player			CompanionArgentaPrototype_VisualSettings,Character_VisualSettings	PreciseBolter_Item,Toxic_Flamer_Item,Bolter_Item,Flamer_Item	SororitasPowerArmourFury_Item,EnforcerLightCarapace_Item	3	CompanionArgentaPrototype>Character
b941649dc33e45569621803ec01a9afc	TreasureWorld_FeralGuard_Bomber					NewHumanImperiumArmy	CutsceneNeutrals	TreasureWorld_FeralGuard_Bomber_Brain	JanusRebelMale_Elite_CP		HellPistol_Item,TreasureWorld_Mine_Item	ArmoredBodyglove3_Item	1	
b9456bf5a2bd4824b146e5a511288b7e	Scavenger						CutsceneNeutrals		Scavengers_CP	Scavenger_VisualSettings	Knife_Item		1	
b9780a5a6123c124e9b3311ece2bfc68	TrapActor_Lvl29						Traps			TrapActor_Lvl03_VisualSettings	TrapDagger_Lvl29,TrapDagger_Lvl03		2	TrapActor_Lvl03
b9e1fba172e547f794c47ce777644a85	Latyshev_Cassia_MT_Level34_ExportedPregen			HumanRace	Cassia_Portrait,PlayerAasimarPaladin01_Portrait		Player			CompanionCassiaPrototype_VisualSettings,Character_VisualSettings	BloodhoundNavigatorStaff,StaffOfHouseCassini,Longlas_Item,Autopistol_Item	HeadhunterLightCarapace_Item,GuardFlakArmour_Item	3	CompanionCassiaPrototype>Character
ba05c2f62283470ebc1b785c45340d5a	Corrupted_SecurityOfficer					NewHumanImperiumArmy	Mobs			Corrupted_SecurityOfficer_VisualSettings	Bolter_Item	FlakVest2_Item	1	
ba23d404798644518954c4472dbf514a	LeaderNavigatorOverseer_lvl15			HumanRace	Cassia_Portrait,PlayerAasimarPaladin01_Portrait		Player			CompanionCassiaPrototype_VisualSettings,Character_VisualSettings	Autogun10test_Item,Axe10test_Item,Longlas_Item,Autopistol_Item	GuardFlakArmour_Item	3	CompanionCassiaPrototype>Character
ba2f0ec9d3994171897772ff1c6c057e	HumanBandit_MeleeRanged_VoidshipTempleAmbush_02					NewHumanBanditsArmy	CutsceneNeutrals	HumanBandit_VoidshipTempleAmbush_Brain	Genestealer_Temple_CP	FootfallBandit_VisualSettings	AxeT2_Item,StubRevolver_Item,SwordT2CH02_Item,LasPistol_Item	CarapaceChestplate_Item	2	HumanBandit_MeleeRanged_VoidshipTempleAmbush_01
ba4839bbc3f8429cafd82cba15f60d37	GenestealerMagus_MeleeRanged_VoidshipCrypt1					NewGenestealersCultArmy	CutsceneNeutrals	0GenestealerMagus_MeleeRanged_VoidshipCrypt_brain		GeneCultistMale_VisualSettings	PsyFocusStaff_Item		2	
ba5b435f7f0e4fbba03981cc39909c0a	MutantFastRandomEncounter				BCT_Human_Male_Cultist2_Portrait	NewHumanImperiumArmy	Mobs		Mutant_Voidcrew_CP	MutantFastRandomEncounter_VisualSettings	MutantSwordHands_Item	HeavyLeathersArmour_Item	1	
ba5e4c284a574c1380e6a9f902894d76	Infernus_Ranged_VoidshipCrypt					NewHumanImperiumArmy	HelpingPlayer	InfernusBeatMagus_brain	Infernus_Base_CryptDifferentVO_CP	Footfall_Enforcer_VisualSettings	ShredderShotgun_Item,ShredderShotgun_VoidshipCrypt_UnlootableItem	ArmoredBodyglove2_Item	2	
ba77300cae234c7299cc43d02f07c107	MacrocannonPossessedGuard				BCT_Human_Male_Cultist2_Portrait	NewHumanImperiumArmy	Mobs	RangedCloseBaseBrain		MacrocannonPossessedGuard_VisualSettings	CombatShotgun_Item	CasingChestplate_Item	1	
ba7f9ec2745c4ef29c17b1aebcedeb85	RTPalaceServant_Male2						CutsceneNeutrals		ValantiusServantMale_CP	RTPalaceServant_Male_VisualSettings			1	
ba85b680d5e0457983da1eec5a14c167	5HeinrixCompanion_Level37_ValladinParty_ExportedPregen			HumanRace	Heinrix_Portrait,PlayerAasimarPaladin01_Portrait		Player			CompanionHeinrixPrototype_VisualSettings,Character_VisualSettings	SanctifiedStaff_Item,DjinBladeYremeriss_Item,VenomBladeT2CH04_Item,ForceSword_Item	RadiantChestplate_Item,GuardFlakArmour_Item	3	CompanionHeinrixPrototype>Character
ba9103e50a0d4703ba0ca5281ae17ebf	FW_Culprit					NewHumanImperiumArmy	CutsceneNeutrals	FW_Culprit_Brain	Mutant_Male_CP	Footfall_Worker_VisualSettings	FW_MutantHands_Item		1	
baa31dc5b72044a592a4fbdcd63d49de	1CassiaCompanion_level27_VasyaParty_ExportedPregen			HumanRace	Cassia_Portrait,PlayerAasimarPaladin01_Portrait		Player			CompanionCassiaPrototype_VisualSettings,Character_VisualSettings	StaffOfHouseOrsellio,ArcRifle_Item,Longlas_Item,Autopistol_Item	HeadhunterLightCarapace_Item,GuardFlakArmour_Item	3	CompanionCassiaPrototype>Character
baa8f71e3192468f8fc7bf2821e6e248	Footfall_ChordaEnforcer03						CutsceneNeutrals		Pleb_CP	Footfall_Hobo_VisualSettings	ShockBaton_Item		1	
baaff53a675a84f4983f1e2113b24552	CustomCompanion			HumanRace	PlayerAasimarPaladin01_Portrait		Player			Character_VisualSettings	StubRevolverSingleShot_Item		3	StartGame_Player_Unit>Character
bab58378bf484a568a51cffd74d5526e	SicarianRuststalkerChaos					NewHumanAdMechArmy	Mobs	Sicarian_BaseBrain		SicarianRuststalkerChaos_VisualSettings	TransonicBlade		1	
babfcd3ca4e545738ec5d8349d35394e	FW_FakeGovernor				Ruoldo		CutsceneNeutrals			FW_FakeGovernor_VisualSettings			1	
badc0f6a3c684fcda357e81841d5c1dc	TreasureWorld_Arbites_Leader					NewHumanImperiumArmy	CutsceneNeutrals	TreasureWorld_Arbites_Leader_Brain		Arbites_Female_VisualSettings	RighteousAngerHeavyStubber_Item	ArmoredBodyglove4_Item	4	
baeccb1885894829a983bc09038d02ff	CommorraghArenaAchilleasWrack				JungleWorldEldarRanger_Portrait	NewDrukhariArmy	HelpingPlayer,Mobs	KabalitePositionalBaseBrain		DrukhariAcothyst_VisualSettings	Hexrifle_Item	KabaliteArmour_Item	3	WrackLeader>DrukhariAcothyst
baf01d4d8ed04241bc6f9e42a86d1c1c	IdiraCompanion_4lvl			HumanRace	Idira_Portrait,PlayerAasimarPaladin01_Portrait		Player			CompanionIdiraPrototype_VisualSettings,Character_VisualSettings	LasPistol_Item,Autopistol_Item,Longlas_Item	ArmoredBodyglove_Item,GuardFlakArmour_Item	3	CompanionIdiraPrototype>Character
bb0b76e1312e417b8c7fdd33aa8a9b24	MedicaeMarius						CutsceneNeutrals			BridgeCrewMemberNavy_VisualSettings			1	
bb199ffa1a674e888361cf2a9fc84a59	OfficersDeckCultistPirateMelee2H				JungleWorldRebelOfficerMelee_Portrait	HumanAgriWorldArmy	CutsceneNeutrals	BerserkerMeleeBaseBrain	ChaosPirates	JungleWorldRebelMeleeTough_VisualSettings	AxeUnlootable_Item		1	
bb1e1c13dfc19c041817304925dd8a89	GovernorSecretary				Mutant1_Portrait		CutsceneNeutrals			GovernorSecretary_VisualSettings			1	
bb45aec0fecc415e8dbba37c44c62c50	PlayerRTSoldierHunter_Ch03_TrueStart			HumanRace	RogueTraderMaleCommissaryPortrait,PlayerAasimarPaladin01_Portrait		Player			Character_VisualSettings	PreciseBolter_Item,FocusMelta_Item	XenoMesh_Item	5	Character
bb66cc962d7144b78a11a5e5218753f0	Footfall_ChordaEnforcer						CutsceneNeutrals		Pleb_CP	Footfall_Commoner_VisualSettings			1	
bb81d78a90774f34a751f615eeb2bda7	DrukhariKabaliteWatchman					NewDrukhariArmy	CutsceneNeutrals	KabalitePositionalBaseBrain		DrukhariKabalite_VisualSettings	SplinterRifle_Item	KabaliteArmour_Item	1	
bbd913091417423a89d65fcc81ca69f9	DrukhariProselyte_Melee_Portals_Abess				BCT_DrukhariWych_Male_Hekatrix01_Portrait	NewDrukhariArmy	Mobs	DrukhariWych_BaseBrain		DrukhariWychPrototype_VisualSettings	BloodseekerKlaive_Item	WychArmour_Item	2	
bc0cfef546bc460391cf912126035cd2	TarantulaTurret_Ranged_DargonusLoop					NewMachineArmy	Neutrals			BlackShipTarantul_VisualSettings	DargonusLoop_TurretBolter_Item		1	
bc0d574792cd4a63aee01d0a3982e71c	Yanus19Jae_ExportedPregen			HumanRace	Jae_Portrait,PlayerAasimarPaladin01_Portrait		Player			CompanionJaePrototype_VisualSettings,Character_VisualSettings	ShurikenPistol_Item,SplinterPistol_Item,EldarChainSword_Item,ChainAxe_Item	ArmoredBodyglove_Item,EnforcerLightCarapace_Item	3	CompanionJaePrototype>Character
bc291fd6b0c741fe902635d6cdf8a5e7	IdiraCompanion_TrailerCinematic			HumanRace	Idira_Portrait,PlayerAasimarPaladin01_Portrait		Player			CompanionIdiraPrototype_VisualSettings,Character_VisualSettings	SniperRifle_Item,Autopistol_Item,Longlas_Item	ArmoredBodyglove_Item,GuardFlakArmour_Item	4	IdiraCompanion>CompanionIdiraPrototype>Character
bc39084dac564531b93830698500446b	Exhibition_ChaosCultist_Ritual2				JungleWorldRebelSpecialist_Portrait	NewHumanAdMechArmy,NewHumanCultistsArmy	Mobs			CultistRangeLair1_VisualSettings,Lair3RebelRanged_VisualSettings	HellPistol_Item	GuardFlakArmour_Item	3	Exhibition_ChaosCultist_Ritual>ChaosCultist_Psyker
bc40036f44474b0abc652e208ea2bcfd	EnemyRankAndFile_Reference					NewHumanImperiumArmy	Mobs			EnemyRankAndFile_Reference_VisualSettings	Longlas_ReferenceFightItem	GuardFlakChestplate_Item	1	
bc41f742af7a43a597b606a6335e3978	RogueTraderShipSoldier				BCT_Human_Male_PalaceGuard1_Portrait	NewHumanImperiumArmy	NeutralGuards,Mobs	RangedSniperBrain	ValantiusSoldier_CP,JanusCorruptedEnforcer_CP	Corrupted_GovernorGuard_VisualSettings	Lasgun_Item,AutogunM40_Item	GuardFlakArmour_Item	2	Corrupted_GovernorGuard
bc5ca9badb2042b48afb13c1829619b3	VC2_Astropath			HumanRace		NewHumanImperiumArmy	CutsceneNeutrals	VC2_Astropath_Brain		VC2_Lord_Male_VisualSetting	AstropathsStaffUnlootable_Item	ArmoredBodyglove_BoardedShip_Unlootable_Item	1	
bc8326b43e484960a98a76dd6f805654	LT_Worker1						CutsceneNeutrals		LT_Worker_CP	Footfall_Worker_VisualSettings			2	LT_Worker
bc9f6ba8ef734a1a98658a08b9b8b865	DrukhariSniper_Ranged_Portals					NewDrukhariArmy	Mobs	DrukhariSniper_Portals_Brain		DrukhariKabalite_VisualSettings	DrukhariSniper_SplinterRifleSpecial_Item,Blaster_Item	KabaliteArmourT2_Item	1	
bca2c422dcdf415fa82912eb694caca1	Exhibition_Chaos_Poxwalker				JungleWorldRebelMelee_Portrait	DaemonNurgleArmy,NewHumanCultistsArmy	Mobs	Exhibition_ChaosCultist_Melee_Brain		CultistRange_VisualSettings,Lair3RebelRanged_VisualSettings	PlagueZombie_Claws_Weapon,ForceSword_Item	GuardFlakArmour_Item	2	ChaosCultist_Melee
bcbda0b98e45413b94f7dde44a4ab79e	HeinrixCompanion_35_DLC2_ExportedPregen			HumanRace	Heinrix_Portrait,PlayerAasimarPaladin01_Portrait		Player			CompanionHeinrixPrototype_VisualSettings,Character_VisualSettings	ForceSwordCH4Unique2_Item,BlooddrinkingStaff_Item,ForceSword_Item,Shotgun_Item	GnarlskinCarapace_Item,GuardFlakArmour_Item	3	CompanionHeinrixPrototype>Character
bcc8fefae9ac49c08fe5b3ff21d28ea7	CommorraghCommissarWithPistol				CommorraghCommissar_Portrait,BCT_Human_Male_PalaceGuard1_Portrait	NewHumanImperiumArmy	Mobs	RangedSniperBrain	JanusCorruptedEnforcer_CP	Corrupted_GovernorGuard_VisualSettings	LasPistol_Item,AutogunM40_Item	GuardFlakArmour_Item	2	Corrupted_GovernorGuard
bceeab7da7914a8ba042856f7c9a32b6	CorruptedSkitariiSwarm_Melee_ForgeHeart					NewHumanAdMechArmy	Mobs	RushSquadBrain		CorruptedSkitari_VisualSettings	PowerSwordT2CH04_Item		1	
bcf43c8a8e914c1994c2e43536daf8c6	0Latyshev_Abelard_Vanguard_Level34_ExportedPregen			HumanRace	Abeliard_Portrait,PlayerAasimarPaladin01_Portrait		Player			CompanionAbelardPrototype_VisualSettings,Character_VisualSettings	SwordOfOnslaught_PowerSword_Item,PowerClaymore_Item,PowerMaul_Item,Melta_Item	RadiantChestplate_Item,EnforcerLightCarapace_Item	3	CompanionAbelardPrototype>Character
bcfbc814d2c84257bde7b0e1591baf9b	Abess				JungleWorldEldarRanger_Portrait	NewDrukhariArmy	HelpingPlayer,Mobs	DrukhariWych_BaseBrain	RTWyches_CP	DrukhariEliteAbess_VisualSettings,DrukhariWych_VisualSettings	PoisonedHekatariiBlade_Item,HekatariiBlade_Item	WychArmour_Item	3	DrukhariEliteAbess>DrukhariWych
bd3f39c5ab5649c8a27e49517ed6d5c0	DLC3_DL_Inquisitor_NecronsBreak_Unit					NewHumanImperiumArmy	Mobs	DLC3_DL_Inquisitor_Normal_Brain,DLC3_DL_Inquisitor_ReactDamage_Brain		DLC3_DL_Inquisitor_VisualSettings	DLC3_DL_Inquisitor_ChainAxe_Item,DLC3_DL_Inquisitor_BoltPistol_Item	DLC3_DL_Inquisitor_Armor_Item	2	DLC3_DL_Inquisitor_Unit
bd8e6264794945cbab40c5201b5fb6f3	DLC3_OP_Dogmatic_TechPriest_Unit					NewHumanAdMechArmy	NeutralGuards	DLC3_OP_Dogmatic_TechPriest_Brain		Footfall_TechPriest_VisualSettings	ThunderHammerT1CH3_Item,.DLC3_OP_Dogmatic_TechPriest_ThunderHammer_Item	ForgeArmour_Item	1	
bd94412247484b219b59d53f3e22d827	AngryCitizen				Mutant1_Portrait		CutsceneNeutrals,Mobs		Pleb_CP,NobleMale_CP_Correct	Character_smallWHTest_VisualSettings			4	Citizen>NobleInPalace>Character_smallWHTest
bdc730a3b4b14369b976933769691902	SurvivorCamp_NPC_Common_Pistol					NewHumanImperiumArmy	CutsceneNeutrals	TreasureWorld_Arbites_ShieldNShotgun_Brain	ZarkovianSoldierWild_CP	0Zarkov_Civilian_SurvivorCamp_VisualSettings_Male	LasPistol_Item	ArbitesHeavyArmourCommon_Item	1	
bdd4fde643b24cb6aff6164029a704d3	SolomorneSquad_Clayton			HumanRace	ArbitratorClayton,PlayerAasimarPaladin01_Portrait		CutsceneNeutrals,Player			Character_VisualSettings	0Arbites_HeavyStubber_BoardedShip_Unlootable_Item,StubRevolverSingleShot_Item	2Arbites_StandartArmour_BoardedShip_Unlootable_Item	3	StartGame_Player_Unit>Character
be197e2f36974021b7786fcd98873dad	RadicalBodyguardFighter				BCT_NaviBodyguard_Portrait	NewHumanImperiumArmy	CutsceneNeutrals	RadicalNaviBodyguardMelee_brain	OrsellioLoyal_Soldier_CP	RadicalBodyguardFighter_VisualSettings	ChainSword_Item	GuardFlakArmour_Item	1	
be1c1582b43148a1a572b723aeccea91	WorkerCorridor				JungleWorldRebelMelee_Portrait	HumanVoidBornArmy	CutsceneNeutrals		Lowlifers_Clan2_CP	RabbleMelee_VisualSettings	Knife_Item		1	
be29e264c89841c896a2ae7527fa51fd	DrukhariWychRangeF_GrandSpectacle_unit					NewDrukhariArmy	Mobs	DrukhariWychRange_GrandSpectacle_brain	PoisWhisp_Wyches_CP	DrukhariWychPrototype_VisualSettings	LiquifierGun_Item	WychArmour_Item	1	
be319fe1568c4da4a6aebc2698ddc41a	JailPlanetoid_Pilot						CutsceneNeutrals			JailPlanetoid_Pilot_VisualSettings	LasPistol_Item	GuardFlakChestplate_Item	1	
be360b23fa30469cbeb0d47e79a1fac1	StrangeCyberLacerax_Melee_Hard					NewCreaturesArmy	Mobs	JungleBeastCommonBrain		JungleBeast_VisualSettings	ClawsJBeastComWeapon,BiteJBeastComWeapon		2	JungleBeastPrototype
be437506df714b16989ab85496c31d05	2UlfarCompanion_Level37_TesseraParty_ExportedPregen			SpaceMarineStandardRace,HumanRace	Ulfar_Portrait,Heinrix_Portrait,PlayerAasimarPaladin01_Portrait		Player			UlfarCompanion_VisualSettings,CompanionHeinrixPrototype_VisualSettings,Character_VisualSettings	AstartesBoltPistol_Item,AstartesCombatKnife_Item,HeavyBolter_Item,ForceSword_Item	UlfarArmor_Item,GuardFlakArmour_Item	3	CompanionHeinrixPrototype>Character
be46f9691cc7492db4b5052a9ff52579	Priest						CutsceneNeutrals			BridgeCrewMemberTechnician_VisualSettings,BridgeCrewMemberNavy_VisualSettings			2	ShipConfessorPeaceful
be580fdaf53645b6ab5235c58c66f2d7	TribeCommoner				Mutant1_Portrait	HumanForgeWorldArmy	CutsceneNeutrals	Magos_ScrapCode_Brain	TribeCommoners	CorruptedMagus_VisualSettings		CasingChestplate_Item	1	
be66e3824eb847e8983f1c8f6acc87e1	BoardedShip_Pirate_Shield_Hard_Unit					NewHumanBanditsArmy	Mobs	BoardedShip_ShieldNPistol_Brain	StrongPirate1_CP	FootfallPirate_VisualSettings	AutopistolT2CH02_Item	FlakVest2_Item	1	
be7296dee0844d57a019d2b6c284520f	5Latyshev_Level38_Pregen_RT_SoldierArch_ExportedPregen			HumanRace	PlayerAasimarPaladin01_Portrait		Player			Character_VisualSettings	LonglasT2CH04_Item,PistolShotgunCH04Unique_Item,AntiVechicle_StubRevolver_Item	BreachersSergeantsArmour_Item	2	Character
be7fb5cf355d4fe599adaa87281395e7	WrackLeader				JungleWorldEldarRanger_Portrait	NewDrukhariArmy	Mobs	KabalitePositionalBaseBrain		DrukhariAcothyst_VisualSettings	Hexrifle_Item	KabaliteArmour_Item	2	DrukhariAcothyst
bee90fa272574e3c806fec4f6b675e3f	Kibellah20lvl_ExportedPregen			HumanRace	Argenta_Portrait,PlayerAasimarPaladin01_Portrait		Player			CompanionArgentaPrototype_VisualSettings,Character_VisualSettings	NobleSword_Item,OfficerChainSword_Item,AnverChainSword_Item,EliteChainSword_Item	PsychicBodyglove_Item,EnforcerLightCarapace_Item	3	CompanionArgentaPrototype>Character
beebdc612017491a99740950227263ee	_Melee_Common					NewHumanImperiumArmy	CutsceneNeutrals	RushBaseBrain	LTFeudalKnightCorrupted_CP	Footfall_Worker_VisualSettings	FW_Knight_Sword_Item	Chainmail_Item	1	
bef0077774f145f793fa43abb8c663ef	Exhibition_Defiler_MeleeRanged					NewDaemonArmy	Mobs	Exhibition_Defiler_MeleeRanged_Brain,Defiler_Electro_DaemonEngine_Brain		Defiler_VisualSettings	Exhibition_Defiler_ChaosClaws_Item,Exhibition_Defiler_Boltgun_Item,Exhibition_Defiler_RocketLauncher_Item,Exhibition_Defiler_Flamer_Item		7	Defiler_MeleeRanged_MiniBoss_Electro
bef5370a75984fe4daebfa563ccf3dd6	TrapActor_Lvl03						Traps			TrapActor_Lvl03_VisualSettings	TrapDagger_Lvl03		1	
bf01516868de4a61ab650aa37d5dea83	VC_LadyMolles_female						CutsceneNeutrals			NobleFemale_VisualSettings			1	
bf27410a674644718322e8e6dacfdfa0	NecronChronomancer_DLC3_Exhibition					NewNecronArmy	CutsceneNeutrals	NecronChronomancer_DLC3_Exhibition_Brain		NecronChronomancer_VisualSettings	Necron_Chronomancer_DLC3_Aeonstaff_Ranged,Necron_Chronomancer_DLC3_Aeonstaff_Melee		1	
bf324e726eb243cd9105fa49b6707e05	Archive				BCT_Eldar_Male_Guardian2_Portrait	NewAeldariArmy	Mobs	JungleWorldEldarRange_Brain		JungleWorldEldarUnit_VisualSettings	ShurikenCatapult_Item	EldarRangerArmour_Item	1	
bf365be2e284464c9597a8809d6ed442	JaeCompanion_Level22_ExportedPregen			HumanRace	Jae_Portrait,PlayerAasimarPaladin01_Portrait		Player			CompanionJaePrototype_VisualSettings,Character_VisualSettings	ShurikenPistol_Item,SplinterPistol_Item,NeedleRifle_Item,SniperRifle_Item	Synskin_Item,EnforcerLightCarapace_Item	3	CompanionJaePrototype>Character
bf76c204731e487caba046e465b21820	JailPLanetoidServitorOff					NewHumanAdMechArmy	CutsceneNeutrals,Mobs	RushBaseBrain		ServitorBaseMale02_VisualSettings,ServitorBaseMale01_VisualSettings	PincersServitorWeapon		3	MadServitor>Servitor_FWSH
bf80750677274e5f91348c17f8522c4c	TrueGvedon						CutsceneNeutrals			BridgeCrewMemberTechnician_VisualSettings			1	
bf98ebc33c2e4c138b5b5e7f6a9351df	PossessedCogitator_OneStrong					NewMachineArmy	Mobs	PossessedCogitator_brain					1	
bfbb4f7da9984c01a43e3066561a00ba	Kor			HumanRace			CutsceneNeutrals						1	
bfe70bddb4244da1a325c24b96f57c6e	AdministratumWorker1				JungleWorldRebel_Portrait		CutsceneNeutrals		AdministratumWorker_Male_CP	Servant_VisualSettings			1	
bfe8806fed984421b963774dba6b2e70	AbelardCompanion_Ch04_Start				Abeliard_Portrait		Player			CompanionAbelardPrototype_VisualSettings	OfficerChainSword_Item,InfernoPistol_Item,MultiMelta_Item	FireproofCarapace_Item	1	
bff1ac24e8c043cab9ab45177efb0121	CanoptekScarabs_Melee_ManipulusLaboratory					NewNecronArmy	Mobs	CanoptekScarabs_ManipulusLaboratory_Brain		CanoptekScarabs_VisualSettings	CanoptekScarab_MeleeWeapon		1	
bff2a8d018b94b3d99cb748f5a6d993d	GenestealerAberrant_Melee_VoidshipCrypt					NewGenestealersCultArmy	Mobs	-GenestealerAberrant_Melee_VoidshipCrypt_brain		Aberrant_02_VisualSettings	AberrantHammerCh02_VoidshipCrypt		1	
c0377c16c5d4450bbe92400a670bb9a8	Krieg_TarantulaTurret_Ranged_Exhibition					NewMachineArmy	Mobs			BlackShipTarantul_VisualSettings	Krieg_TurretBolter_Exhibition_Item		1	
c0548dd798cf4541a8607fcd63bedb38	FootfallAnver_ArcrifleRanged_Common					NewHumanBanditsArmy	Mobs	RangedCloseBaseBrain	Anver_Plated_CP	FootfallBandit_VisualSettings	Shotgun_Item,ShockBaton_Item	Chainmail_Item	1	
c0740c581f7a4172be4ec51340adeb4f	GenestealerInfused_Melee_PatriarchVisions					NewGenestealersCultArmy	Mobs	GenestealerInfused_PatriarchVisions_Brain		CultistRange_VisualSettings		ArmoredBodyglove_Item	1	
c081094f4ca448e1a3039fef1cde97b2	Priest_Servant						CutsceneNeutrals		PriestServant_CP	BridgeCrewMemberNavy_VisualSettings			1	
c08544dae8f040298b1044140d855cf9	MasterStarport_ArbitesCyberMastiff_PetUnit				ArbitesCyberMastiff	NewPetArmy	Player	MastiffPet_Default_Brain		Master_ArbitesCyberMastiff_VisualSetting	Master_ArbitesCyberMastiff_Claws_Weapon		1	
c0a161eedeeb4000b9e0591cc6a87de9	QuarryWorld_Emelina						CutsceneNeutrals			Footfall_Commoner_VisualSettings	PowerMaulT2CH4_Item		1	
c0a6a21771474d2ebeed87947a0177c6	SideQuestSwindlerClerk2					NewHumanBanditsArmy	CutsceneNeutrals	RangedPositionalBaseBrain		SideQuestSwindlerClerk2_VisualSettings	Autopistol_Item	ArmoredBodyglove2_Item	1	
c0ab6de0ac7849d4bfa927c6ef7e48b4	FootfallBanditHeavySniperQS					NewHumanBanditsArmy	Mobs	RangedSniperBrain		FootfallBanditHeavy_VisualSettings	MarksmanRifle_Item	ArmoredBodyglove_Item	1	
c0b50091ff004dea907be61844fc798d	NaviRadicalBodyguard				BCT_NaviBodyguard_Portrait	HumanFortressBornArmy	CutsceneNeutrals	RangeCommonBaseBrain	OrsellioTraitor_Soldier_CP	RadicalBodyguard_VisualSettings	Bolter_Item	GuardFlakArmour_Item	1	
c0c710cf3058436b8641a1a6f8a1bc24	QuetzaTarantul					NewMachineArmy	Mobs			BlackShipTarantul_VisualSettings	TurretBolter_Item		1	
c0d32ff15d644326b66c31f51b9cbfcb	RTPalaceGuardPeaceful_Female				BCT_Human_Male_PalaceGuard1_Portrait	NewHumanImperiumArmy	NeutralGuards,Mobs	RTPalaceGuardPeaceful_brain,RangedSniperBrain	ValantiusSoldier_CP,JanusCorruptedEnforcer_CP	Corrupted_GovernorGuard_VisualSettings	Lasgun_Item,AutogunM40_Item	GuardFlakArmour_Item	2	Corrupted_GovernorGuard
c0dbdbac4926483ab3651085b2ea2619	Astropath_TelepathicSearch1						Neutrals		Astropath_CP				1	
c0e06ffd0e1c490d9b1e481a5320b900	APA_ServoSkullPaperWork					HumanForgeWorldArmy	CutsceneNeutrals			ServoSkull_VisualSettings			1	
c0eadf6e7fd742758984dcf8c40a659d	PDSparkManBefore					NewHumanImperiumArmy	HelpingPlayer	Officer_Brain	ValantiusSoldier_CP	BridgeCrewMemberNavyFemale_VisualSettings,BridgeCrewMemberGuard_VisualSettings	ShockBaton_Item,LasgunUnlootable_Item		4	TalkerPDChambers>EnforcerPDChambers>OfficersDeckGuard
c116bdea88454858b227f0f9bff8e20f	BridgeCrewMemberGuard_Medic						CutsceneNeutrals			BridgeCrewMemberGuard_VisualSettings	ChainSword_Item,LasPistol_Item	GuardFlakChestplate_Item	1	
c11f6fb5834e466ea1a33d4db797ffea	SurvivorCamp_State2_NPC_Elevator					NewHumanImperiumArmy	HelpingPlayer	HumanDefender_SurvivorCamp_Brain	ZarkovianSoldierRejoined_CP	0Zarkov_Civilian_SurvivorCamp_VisualSettings_Male	ChainSwordT2CH4_Item,AutogunRapid_Item,LasgunT2CH4_Item	GuardFlakChestplate4_Item	1	
c13cee1afe81443fa5e79e22de6a6e82	Footfall_FreakshowNonameMutant				RoleSpecialist1_Portrait	NewHumanBanditsArmy	CutsceneNeutrals,Mobs			Lair3RebelLeader_VisualSettings	Hellgun_Item	RadiantChestplate_Item	2	Lair3RebelLeader
c1491a0c8335480cb141a7f8b429db3c	PlayerRT_Chaos			HumanRace	RogueTraderMaleCommissaryPortrait,PlayerAasimarPaladin01_Portrait		Player			Character_VisualSettings	ChainSword_Item,ShurikenPistol_Item,PlasmaRifle_Item	EnforcerLightCarapace_Item	2	Character
c150e56effae4580889db40769ff18d8	CanoptekScarabs					NewNecronArmy	Mobs	CanoptekScarab_HealerBrain		CanoptekScarabs_VisualSettings	CanoptekScarab_MeleeWeapon		1	
c158fdc9963848249901172d21bc2896	RTChaosFemale					NewHumanImperiumArmy	CutsceneNeutrals	AbelardAlternative_Brain		CharacterFemale_VisualSettings	EruptionMultiMelta_Item,LifeDrainingSword_Item	ChaosEnforcerCarapace_Item	1	
c1674776484044efab6065d8f6eac1d3	PlayerRT_Faith			HumanRace	RogueTraderMaleCommissaryPortrait,PlayerAasimarPaladin01_Portrait		Player			Character_VisualSettings	ChainSword_Item,ShurikenPistol_Item,PlasmaRifle_Item	EnforcerLightCarapace_Item	2	Character
c18130ec15f7441381b302ab01f6ce58	AbelardCompanion_Ch04_TrueStart			HumanRace	Abeliard_Portrait,PlayerAasimarPaladin01_Portrait		Player			CompanionAbelardPrototype_VisualSettings,Character_VisualSettings	ShockBatonCH3Unique_Item,FoehammerT2CH3_Item,MultiMelta_Item,ChainSword_Item	GladiatorsMeshArmour_Item,HeavyEnforcerCarapace_Item,EnforcerLightCarapace_Item	4	AbelardCompanion_1lvl>CompanionAbelardPrototype>Character
c1a4dbee3e594a228d5a40cf2bb85645	CorruptedServitor2					NewHumanAdMechArmy	CutsceneNeutrals,Mobs	RushBaseBrain		ServitorBaseMale03_VisualSettings,ServitorBaseMale01_VisualSettings	PincersServitorWeapon		2	Servitor_FWSH
c1b280146e674bbe81504c6a1b3ba044	2FootfallAnverKnivesOutLeutenant_MeleeRanged_Common					NewHumanBanditsArmy	Mobs	KnivesOutBaseBrain		Footfall_CommonerFemale_VisualSettings	Stubcarbine_Item,ChainSword_Item	GuardFlakArmour_Item	1	
c1c30a355f2844a39465220b75ba228e	KhorneBloodletter_Melee_Ch04					NewDaemonArmy	Mobs	KhorneBloodletterBoss_Basic_Brain		KhorneBloodletterBoss_VisualSettings	KhorneBloodletterBossSword_Weapon		2	KhorneBloodletterBoss
c1cd3ca2e2784982a1f8c82ce39972a3	TaintedStreets_VIP_NPC_Cybermastiff					NewCreaturesArmy	CutsceneNeutrals	TreasureWorld_ArbitesCybermastiff_Brain			TreasureWorld_ArbitesCybermastiff_Bite_Item		1	
c1fe4067028b5204980a212831f467ab	TestPregen_Shaman				PlayerRogue01_Portrait		Player			TestPregen_Shaman_VisualSettings			5	
c214ac93a3534a61bd1bd9505f4c525f	Glaito_Cybermastiff_NPC				ArbitesCyberMastiff	NewPetArmy	CutsceneNeutrals,Player	MastiffPet_Default_Brain		Master_ArbitesCyberMastiff_VisualSetting	Master_ArbitesCyberMastiff_Claws_Weapon		5	Master_ArbitesCyberMastiff_PetUnit
c222cb0668ea49f4a9ac04de2a3e25ba	Uralon_Companion			SpaceMarineStandardRace	DarkApostle_Portrait		Player			ChaosSpacemarineMelee_VisualSettings	MaelstromBolter_Item_Companion,CrosiusOfUralon_Crosius_Item_Companion	HolyPowerArmour_Item_Uralon	1	
c23da4b89dc94104ac20aec10f543141	FootfallAnverFrenzy_Melee_Swarm					NewHumanBanditsArmy	Mobs	RushBaseBrain	Anver_Common_CP	FootfallBanditThug_VisualSettings	Sword_Item		1	
c24cdeac6f8444c39118723542992bab	LT_EnforcerFlamer						CutsceneNeutrals		ValantiusFlamer_CP	BridgeCrewMemberNavy_VisualSettings	FlamerCutscene_Item		1	
c29071ee297d4e8093208ff9c1b6faa9	PlayerLedge_Test6			HumanRace	RogueTraderMaleCommissaryPortrait,PlayerAasimarPaladin01_Portrait		Player			Character_VisualSettings	StubRevolver_Item,Sword_Item	GuardFlakChestplate_Item	5	Character
c29b6799802d4b8193c077df8f0bee52	HeinrixCompanion_Ch04_Start				Heinrix_Portrait		Player			CompanionHeinrixPrototype_VisualSettings	AncientForceSword_Item,BlastPistol_Item,BloodseekerKlaive_Item	PsykerTempestusCarapace_Item	1	
c2a84f56cf5349b29b5c102e2aa73ace	UlfarCompanion_Lvl40_Bakula_ExportedPregen			SpaceMarineStandardRace,HumanRace	Ulfar_Portrait,Heinrix_Portrait,PlayerAasimarPaladin01_Portrait		Player			UlfarCompanion_VisualSettings,CompanionHeinrixPrototype_VisualSettings,Character_VisualSettings	AstartesBoltPistol_Item,AstartesChainsword_Item,AstartesBolter_Item,ForceSword_Item	UlfarArmor_Item,GuardFlakArmour_Item	3	CompanionHeinrixPrototype>Character
c2ad5f227ce5444a928555ee738c618e	KhorneBloodletter					NewDaemonArmy	Mobs	KhorneBloodletter_Basic_Brain		KhorneBloodletter_VisualSettings	KhorneBloodletterSword_Weapon		1	
c2c0e6ebff3849c0bffa4fd2540ccc4a	TreasureWorld_LemanRussTank					NewMachineArmy	Civilians			LemanRussTank	TreasureWorld_LemanRuss_MainCannon		1	
c2da332de1884a01b011c5bb22f4cff1	DrukhariGrotesqueArena_Ranged_Arena					NewCreaturesArmy	Mobs	DrukhariGrotesqueArena_Range_Brain		DrukhariGrotesque_Ranged_VisualSettings	DrukhariGrotesqueArena_Liquifier_Item		1	
c2dc2d2fc06f4b7380e2576386aee006	UlfarCompanion_Ch04_TrueStart			SpaceMarineStandardRace	Ulfar_Portrait		Player			UlfarCompanion_VisualSettings	AstartesBoltPistol_Item,FrostAxe_Item,AstartesBolter_Item	UlfarArmor_Item	1	
c2e9f181afaa4faf85f471046415bd75	KhorneBloodletterBoss					NewDaemonArmy	Mobs	KhorneBloodletterBoss_Basic_Brain		KhorneBloodletterBoss_VisualSettings	KhorneBloodletterBossSword_Weapon		1	
c2ec0ed968164861bf90334bf26e9338	MasterOfSeals				PrefectBaseGame		CutsceneNeutrals			Servant_VisualSettings			1	
c305df660e1a4c8f9b76461340fb94d9	AhileasSkalandrRespirator				Achilleas		CutsceneNeutrals			Character_smallWHTest_VisualSettings	NeedlePistol_Item		1	
c309d429ba7447839354161849367594	Guard_Melee_DargonusLoop				JungleWorldRebel_Portrait	NewHumanImperiumArmy,HumanFortressBornArmy	TrueNeutrals,CutsceneNeutrals	RangedPositionalBaseBrain	MerovianSoldier_CP,ValantiusSoldier_CP	RogueTraderGuardPeaceful_VisualSettings	ShockBatonCH4_DargonusLoop_Item,Lasgun_DargonusLoop_CH4_Item,Lasgun_Item	HeavyArmor_DargonusLoop_Item,GuardFlakArmour_Unlootable_Item,GuardFlakArmour_Item	3	Guard_Ranged_DargonusLoop>RogueTraderGuardPeaceful
c30c16d6690f44d38fdbdf173d872739	RT_Lvl40_Bakula_ExportedPregen			HumanRace	NeutralMale,PlayerAasimarPaladin01_Portrait		Player			Character_VisualSettings	GreatSwordT2_Item,SwordOfOnslaught_PowerSword_Item	GladiatorsMeshArmour_Item	2	Character
c310e742e80344ab9c628ddafcdfa0d8	NurgleZombieSwarm02_RandomEncounter				BCT_LowerdecksNurgleZombieNoArmor_Portrait	NewHumanImperiumArmy	Mobs		Zombie_VoidWorker_CP	PlagueZombieFighter_VisualSettings	SerratedKnife_Item,MutantSwordHands_Item		2	PlagueZombieFighter
c3128c02ae674a8cabe2dfff081449ad	Glaito_Cybermastiff_PetUnit				ArbitesCyberMastiff	NewPetArmy	Player	MastiffPet_Default_Brain		Master_ArbitesCyberMastiff_VisualSetting	Master_ArbitesCyberMastiff_Claws_Weapon		8	Master_ArbitesCyberMastiff_PetUnit
c319adc93ded4fbfb6ef5369a904dea6	Krieg_Grenadier_Ranged_Exhibition					NewHumanImperiumArmy	Mobs	Krieg_Grenadier_Ranged_Exhibition_Brain,.Krieg_Watchmaster_MeleeRanged_Exhibition_Brain,Krieg_Commissar_MeleeRanged_Exhibition_Brain		SpecialGuard_VisualSettings	Krieg_Lasgun_Item,Krieg_ChainSwordT2CH4_Item,Krieg_LasPistolT1CH04_Item,Krieg_Commissar_BoltPistolT2CH04_Item	Krieg_MediumArmor_FlakChestplate_Item,Krieg_HeavyArmor_Item	3	Krieg_Watchmaster_MeleeRanged_Exhibition>Krieg_Commissar_MeleeRanged_Exhibition
c344374ca4a440cb8d692f70126e7aa9	DrukhariCronosEngine_Melee_Lab					NewDrukhariArmy	CutsceneNeutrals	DrukhariCronos_Lab_Brain		DrukhariCronosPainEngine_VisualSettings	CronosEngineTentacle_Lab_Item		1	
c37fd411f0a145469218c9a62d4d0c68	Astropath_Adeline						CutsceneNeutrals			AstopathicGhostFemale_VisualSetting			1	
c38734e9723d4ce890cb9005d6345f31	EvilCodeGramofon				EvilCodeGramofon_Portrait	NewMachineArmy	Mobs	EvilCodeGramofonBrain		EvilCodeGramofon_VisualSettings			1	
c38eea0f1bdf438e91b51333e7480819	ServitorChaosCorrupted				Mutant1_Portrait	NewHumanAdMechArmy	Mobs	RushBaseBrain		ChaosSevitorMale01_VisualSettings	PincersServitorWeapon		1	
c392b277a30b48a8a52713a82c52acb6	Halbrandt_MeleeRanged_UlfarQuest			SpaceMarineStandardRace		NewSpaceMarineArmy	Mobs	GhostSpaceMarine_ChainSword_Melee_UlfarQ2_brain		UlfarCompanion_VisualSettings	AstartesBoltPistol_Item,AstartesChainsword_Item,FrostAxe_Item		1	
c3a0cb4b5fab4fa8b22a33444140efe5	TechpriestLogos_ArcRanged_PasqualQuest					NewHumanAdMechArmy	CutsceneNeutrals	TechpriestLogos_PasqualQuest_Brain		AssassinTechpriest_VisualSettings	ArcRifleCH4UniqueMob_Item		1	
c3a3786cd33443408c4210ca373e6316	zin_22_CassiaCompanion_ExportedPregen			HumanRace	Cassia_Portrait,PlayerAasimarPaladin01_Portrait		Player			CompanionCassiaPrototype_VisualSettings,Character_VisualSettings	StaffOfOrsellioGuardian,BloodhoundNavigatorStaff,Longlas_Item,Autopistol_Item	ArmoredBodyglove2_Item,GuardFlakArmour_Item	3	CompanionCassiaPrototype>Character
c3e03ef3717242848f753cfc4b77a3d6	CassiaCompanion_Ch05_Finale			HumanRace	Cassia_Portrait,PlayerAasimarPaladin01_Portrait		Player			CompanionCassiaPrototype_VisualSettings,Character_VisualSettings	StaffOfOrsellioNovator_Item,AstronomiconRegallia_Item,Longlas_Item,Autopistol_Item	VindicareStealthSuit_Item,GuardFlakArmour_Item	3	CompanionCassiaPrototype>Character
c3fe743dc36f4154a241078ee6529349	GenestealerAcidLair04				JungleWorldEldarRanger_Portrait	NewGenestealersCultArmy	Mobs	GenestealerAcidBrain		Genestealer_VisualSettings	GenestealerScythingClaws		1	
c414ae3f667249d88ab2a97f60b52329	Baku_Heinrix_34lvl_ExportedPregen			HumanRace	Heinrix_Portrait,PlayerAasimarPaladin01_Portrait		Player			CompanionHeinrixPrototype_VisualSettings,Character_VisualSettings	AncientForceSword_Item,EboniteSword_Item,ForceSword_Item,Shotgun_Item	RadiantChestplate_Item,GuardFlakArmour_Item	3	CompanionHeinrixPrototype>Character
c42ea0a06cca4670882f218424f5ceb3	NavisNobiliteShotgun_Guard					NewHumanImperiumArmy	CutsceneNeutrals	RangeNNStation_brain	OrsellioTraitor_Soldier_CP	NavisNobilite_VisualSettings	Shotgun_Item	GuardFlakChestplate_Item	1	
c4b9d5e3d6eb4222b86cab1a9cbfac5e	DarkApostleVision			SpaceMarineStandardRace	DarkApostle_Portrait,Mutant1_Portrait		CutsceneNeutrals,Mobs			ChaosSpacemarineMelee_VisualSettings,Character_smallWHTest_VisualSettings			2	Character_smallWHTest
c4c81a95b38246b59a3691e322cae684	StarportRebelRangeSwarm					NewHumanImperiumArmy	Mobs	StarportRebelRangeSwarm_Brain	RaycadRebel_Unarmored_CP	JungleWorldRebelMeleeTough_VisualSettings	LasgunScrappy_Item		1	
c4d3f54f4c214dcca67494dadbc5ea1e	6PasqalCompanion_Overseer_EaglePet_Level27_TesseraParty			HumanRace	Pascal_Portrait,PlayerAasimarPaladin01_Portrait		Player			CompanionPascalPrototype_VisualSettings,Character_VisualSettings	OmnissiahAxe_Item,PlasmaRifle_Item,Autogun_Item	HolyVestment_Item,EnforcerCarapace_Item,GuardFlakArmour_Item	5	1PascalCompanion_Level27_CyrusParty_ExportedPregen>PascalCompanion>CompanionPascalPrototype>Character
c512be2168184e10bb8f582e636efb7b	StarportRebelLeaderSniper					NewHumanImperiumArmy	Mobs	StarportLeaderSniper_Brain		JungleWorldRebelMeleeTough_VisualSettings	SniperRifleT2_Item	MeshVest_Item	1	
c52d421b2d1f4320b314ef883649e595	IdiraPsyker_Chaos_AstropathicChapelCH2					NewDaemonArmy	Mobs	CultistPsyker_Ranged_Brain		IdiraGhost_VisualSetting	WraithBoneStaff_Item	HeavyLeathersArmour_Item	1	
c52e04b6296f40088d3d227d74218eb2	YrlietCompanion_Ch05_TrueStart			EldarStandardRace,HumanRace	Yrliet_Portrait,PlayerAasimarPaladin01_Portrait		Player			CompanionYrlietPrototype_VisualSettings,Character_VisualSettings	BlasterUniqueCH05_Item,LongRifle_Item	AeldarGuardianMeshArmour_Item,EldarRangerArmour_Item	3	CompanionYrlietPrototype>Character
c563caa3013a4f1e8bd43681156ff8f3	PlayerRTSoldierHunter_Ch05_Finale			HumanRace	RogueTraderMaleCommissaryPortrait,PlayerAasimarPaladin01_Portrait		Player			Character_VisualSettings	SarragusHeavyBolter_Item,LonglasExitus_Item	KasrkinArmour_Item	5	Character
c56962573711423982658c068f5c3cdc	MacrocannonMutantMelee_Common					NewHumanImperiumArmy	Mobs	RushSmartBrain	Mutant_Voidcrew_CP	MacrocannonMutantMelee_VisualSettings	SerratedKnife_Item		2	
c5830d1df49b4fa59f75527a7f209096	FootfallBanditRingleaderSniper					NewHumanBanditsArmy	Mobs	RangedPositionalSniperBrain		-FootfallBanditRingleaderSniper_VisualSettings	SniperRifle_Item	GuardFlakArmour_Item	1	
c595eb79dc4444a59d3a7ac79c1909c2	SolomorneSquad_Bryce			HumanRace	ArbitratorBryce,PlayerAasimarPaladin01_Portrait		CutsceneNeutrals,Player			Character_VisualSettings	.Arbites_ShotPistol_BoardedShip_Unlootable_Item,StubRevolverSingleShot_Item	2Arbites_StandartArmour_BoardedShip_Unlootable_Item	3	StartGame_Player_Unit>Character
c5d9fce74c1b40dcb19095d6dd0be36a	UlfarCompanion_Ch04_Start			SpaceMarineStandardRace	Ulfar_Portrait		Player			UlfarCompanion_VisualSettings	AstartesBoltPistol_Item,FrostAxe_Item,AstartesBolter_Item	UlfarArmor_Item	1	
c65897b7b8f34d87acc499b08df92ae5	Argenta35Yremeris_ExportedPregen			HumanRace	Argenta_Portrait,PlayerAasimarPaladin01_Portrait		Player			CompanionArgentaPrototype_VisualSettings,Character_VisualSettings	HeavyBolter_Item,HeavyFlamer_Item,Bolter_Item,Flamer_Item	EnforcerCarapaceOrigin1_Item,EnforcerLightCarapace_Item	3	CompanionArgentaPrototype>Character
c66e0e606f3445f48739fca481d77a01	jae_lv38_chordafight_ExportedPregen			HumanRace	Jae_Portrait,PlayerAasimarPaladin01_Portrait		Player			CompanionJaePrototype_VisualSettings,Character_VisualSettings	SplinterPistolKabalite_Item,SplinterPistolAgony_Item,DesolationBlastPistol_Item,FractalBlade_Item	XenoMesh_Item,EnforcerLightCarapace_Item	3	CompanionJaePrototype>Character
c696080db8ca4cb49d9c1fd577f6a1d2	BlackshipPsyker_Ghost						CutsceneNeutrals			BlackshipCrew_VisualSettings			1	
c6964a5edf264e5bb2bdd09f617116a6	TheMaster_Melee_CultFinalDuel					NewHumanImperiumArmy	CutsceneNeutrals	TheMaster_CultFinalDuel_Brain		CultistRange_VisualSettings	DeathCultSwordCH4Unique1_Item,DeathCultSwordCH4Unique2_Item	ReapersDeathCultArmour_Item	1	
c6b6d9d953974b58a2ddc9adac45b35b	FW_Preacher_No_Weapon						CutsceneNeutrals	FW_NobelBrain		BridgeCrewMemberTechnician_VisualSettings			2	
c6b85d4bc57a4675b67e51b39a406395	HaemonculusClone				Haemonculus	NewDrukhariArmy	CutsceneNeutrals	DrukhariWrackLab_MeleeRanged_Brain		DrukhariWrack_VisualSettings	DrukhariHaemonculus_PistolSpecialClone_Item,DrukhariHaemonculus_HandsSpecialClone_Item	KabaliteArmour_Item	2	.DrukhariWrack_MeleeRanged_Lab01_TiP_Dialogue00
c6fab802e53844a6b142877dc34f5b97	InfernusDaughter						CutsceneNeutrals			GeneCultistFemale_VisualSettings			1	
c703bd772eec4b308d5d36f66ab39d2b	idira_lv38_chordafight_ExportedPregen			HumanRace	Idira_Portrait,PlayerAasimarPaladin01_Portrait		Player			CompanionIdiraPrototype_VisualSettings,Character_VisualSettings	WraithBoneStaff_Item,PsyFocusStaff_Item,Autopistol_Item,Longlas_Item	HeadhunterLightCarapace_Item,GuardFlakArmour_Item	3	CompanionIdiraPrototype>Character
c71eb16f3e2a4b6d900b0345d7443d67	SmallIceDestroyable_Unit_4						Neutrals			1TreasureWorld_ContainerAnchorPoint_VisualSettings			7	SmallIceDestroyable_Unit_1
c736598629f74e4eafa09418a349bc19	HeinrixCompanionCh02Middle			HumanRace	Heinrix_Portrait,PlayerAasimarPaladin01_Portrait		Player			CompanionHeinrixPrototype_VisualSettings,Character_VisualSettings	ForceSword_Item,InfernoPistol_Item,Shotgun_Item	EnforcerCarapace_Item,GuardFlakArmour_Item	3	CompanionHeinrixPrototype>Character
c7604a3bd5da41a999e8a7df7241a686	GenestealerZealot_Melee_PatriarchVisions				Argenta_Portrait	NewGenestealersCultArmy	Mobs			CompanionArgentaPrototype_VisualSettings	ThunderHammerT2CH4_Item	SororitasPowerArmourFury_Item	1	
c7688b94bbf7431ab6ee7300ffcffea5	Footfall_ChordaGuard						CutsceneNeutrals		Chorda_Soldier_CP	Footfall_Hobo_VisualSettings	LasgunT1CH02_Item		1	
c76de7be7843452eb082bfa949924442	Musician				Mutant1_Portrait		CutsceneNeutrals,Mobs		NobleMale_CP_Correct	Character_smallWHTest_VisualSettings			3	NobleInPalace>Character_smallWHTest
c77c3141f0c94691a9894e469022a6c2	CombatServitorMultiMeltaCR40					NewHumanAdMechArmy	Mobs	CombatServitorHeavyBrain		CombatServitor_VisualSettings	ThermalMultiMeltaServitorCH4_Item		1	
c79b080d079741528ef77432675441ce	CagedPsyker					NewHumanImperiumArmy	CutsceneNeutrals,Mobs	RangedPositionalBaseBrain	CagedPsykers_CP,JanusRebel_Regular_CP	JungleWorldRebel_VisualSettings	Lasgun_Item		2	JungleWorldRebel
c7b36a41e3564bf58d9504291fc760d4	PenalWorld_Arbites_NPC					NewHumanImperiumArmy	CutsceneNeutrals	TreasureWorld_Arbites_PetMaster_Brain			BolterT1_Item	ArmoredBodyglove4_Item	1	
c7b4b705f9cb40cfb47be939f78a469b	MasterofDiscipline				Jocasta_Sauerback		CutsceneNeutrals			BridgeCrewMemberNavyFemale_VisualSettings	ShockBatonT2_Item,AutopistolT2CH02_Item		1	
c7bd68eecb944f14980c426b8e04f821	PeacefulServitor1					NewHumanAdMechArmy	CutsceneNeutrals,Mobs	RushBaseBrain		ServitorBaseMale02_VisualSettings,ServitorBaseMale01_VisualSettings	PincersServitorWeapon		3	MadServitor>Servitor_FWSH
c7c09d5605fc4976a7418e38d341f95d	4PascalCompanion_Level37_ValladinParty_ExportedPregen			HumanRace	Pascal_Portrait,PlayerAasimarPaladin01_Portrait		Player			CompanionPascalPrototype_VisualSettings,Character_VisualSettings	GreatSwordT2_Item,PlasmaRifleT1CH2_Item,OmnissiahAxe_Item,PlasmaRifle_Item	GladiatorsMeshArmour_Item,EnforcerCarapace_Item,GuardFlakArmour_Item	4	PascalCompanion>CompanionPascalPrototype>Character
c7c11053dde74baab19b2e925f7e7de9	PascalCompanion_Ch03_Demo				Pascal_Portrait		Player			CompanionPascalPrototype_VisualSettings	HandOfXenocide_OmnissiahAxe_Item,Cooler_PlasmaRifle_Item	FireproofCarapace_Item	1	
c7d4ab122623412dbb0b0c87db7b4712	ChapelAcolyteRange_AstropathicChapelCH2					NewHumanCultistsArmy	Mobs	CultistRangeLair1_drover_brain	Cultist_Regular_CP	Acolyte_v1_VisualSettings	Autogun_Item,Autogun_Cultist_Lair1	ArmoredBodyglove2_Item	1	
c7d91b607de54412900f84a665a7d78a	Footfall_DeraziterMain						CutsceneNeutrals		PlebMale_CP	Footfall_Commoner_VisualSettings	Flamer_Item		3	Footfall_Deraziter>Footfall_Commoner
c80bce5a2219ac54dbe87f96b9b35cea	TrapActor_Lvl16						Traps			TrapActor_Lvl03_VisualSettings	TrapDagger_Lvl16,TrapDagger_Lvl03		2	TrapActor_Lvl03
c82b21536e0e441e98f42a0790fe2d3f	Baku_Argenta_34lvl_ExportedPregen			HumanRace	Argenta_Portrait,PlayerAasimarPaladin01_Portrait		Player			CompanionArgentaPrototype_VisualSettings,Character_VisualSettings	FoehammerT2CH3_Item,NeedlePistolCH2Unique_Item,Flamer_Item,Bolter_Item	HuntingCarapace_Item,EnforcerLightCarapace_Item	3	CompanionArgentaPrototype>Character
c82c3907f84747238863bf5c405e3b66	Footfall_AngryCommonerAssassin				BCT_Footfall_Male_Commoner_Portrait		CutsceneNeutrals			Footfall_AngryCommoner_VisualSettings	PlasmaRifleT1CH2_Item		1	
c83862c76b6f48cc83864117356f8572	DLC3_Trazyn_DargonusLoop				Trazyn	NewNecronArmy	CutsceneNeutrals,Mobs	NecronImmortal_CrashedShip_Brain		Trazyn_VisualSettings,NecronImmortal_VisualSettings	NecronImmortalRanged_Epitaph_Item,NecronImmortalMelee_Epitaph_Item,NecronImmortalRange_Weapon,NecronImmortalMelee_Weapon		3	NecronImmortal_MeleeRanged_Epitaph>NecronImmortal_Prototype
c864a87c6fb44b52b175dabc64c237cf	Sinistroia				ArchonBlackHeart_Portrait	NewDrukhariArmy	CutsceneNeutrals,Mobs	Drukhari_Sinestoria_Melee_Boss_brain,Drukhari_Nazrakey_MeleeRanged_Boss_brain,KabalitePositionalBaseBrain	RTSoldier_CP	DrukhariKabaliteFemale_VisualSettings,DrukhariKabalite_VisualSettings	DrukhariIncubusKlaive_SinestoriaWeapon_Item,BlastPistolT2CH03_Item,VenomBladeT2CH04_Item,SplinterRifle_Item	KabaliteArmour_Item	5	Nazrakey>DyingKabalite>DrukhariKabalite
c86bebba1db54253abefa2bfbf01aa0f	PlayerRT_Level29_ExportedPregen			HumanRace	PlayerAasimarPaladin01_Portrait		Player			Character_VisualSettings	SniperRifleT2_Item,StaffofEndlessFlame_Item	SlickBodyglove_Item	2	Character
c9096c60d4c141be85be3c498d7bf90b	Ulfar_Level40_VasiliyPreset_ExportedPregen			SpaceMarineStandardRace,HumanRace	Ulfar_Portrait,Heinrix_Portrait,PlayerAasimarPaladin01_Portrait		Player			UlfarCompanion_VisualSettings,CompanionHeinrixPrototype_VisualSettings,Character_VisualSettings	AstartesBoltPistol_Item,AstartesChainsword_Item,AstartesBolter_Item,ForceSword_Item	UlfarArmor_Item,GuardFlakArmour_Item	3	CompanionHeinrixPrototype>Character
c912c68f1ba94ed1b82e90d93a88c4cb	Abelard35Yremeris_ExportedPregen			HumanRace	Abeliard_Portrait,PlayerAasimarPaladin01_Portrait		Player			CompanionAbelardPrototype_VisualSettings,Character_VisualSettings	RoaringThunder_ThunderHammer_Item,MeltaUltima_Item,PowerMaul_Item,Melta_Item	RadiantChestplate_Item,EnforcerLightCarapace_Item	3	CompanionAbelardPrototype>Character
c914ec21b8c44685ad0c2dfe12f853ea	OfficersDeckGuard_BathFemale					NewHumanImperiumArmy	HelpingPlayer	Officer_Brain	ValantiusSoldier_CP	BridgeCrewMemberGuard_VisualSettings	LasgunUnlootable_Item		2	OfficersDeckGuard
c9157c8edc1541468023ea352a411630	.DrukhariTalosPainEngine_MeleeRanged_ArenaFiend					NewDrukhariArmy	Mobs	DrukhariTalosPainEngine_ArenaFiend_Brain		DrukhariTalosPainEngine_VisualSettings	TalosChainFlails_Item,TalosTwinLiquifierGun_Item		1	
c926edb9c8ba46ec81e62b39c441f645	PC_Human_ChordaCompanion_F_HM			HumanRace	Idira_Portrait,PlayerAasimarPaladin01_Portrait		Player			CompanionIdiraPrototype_VisualSettings,Character_VisualSettings	SniperRifle_Item,Autopistol_Item,Longlas_Item	ArmoredBodyglove_Item,GuardFlakArmour_Item	3	CompanionIdiraPrototype>Character
c92f2a3078894ded9838f8045ad3fd94	CronosPainEngine					NewDrukhariArmy	Mobs			DrukhariCronosPainEngine_VisualSettings	TalosChainFlails_Item	GuardFlakChestplate_Item	1	
c93f642ec8a34494be48725379d29b2e	TarantulWarWorldBunker					NewMachineArmy	Mobs			TarantulWarWorldBunker_VisualSettings	TurretBolter_Item		1	
c94944893e1e440a988f3ec9d95608f0	Q2_ElderSister						CutsceneNeutrals			BridgeCrewMemberNavyFemale_VisualSettings	NeedlePistol_Item		1	
c96c3d28db104ff2a10de3f5d590cd2f	AbelardCompanion_Ch03_TrueStart			HumanRace	Abeliard_Portrait,PlayerAasimarPaladin01_Portrait		Player			CompanionAbelardPrototype_VisualSettings,Character_VisualSettings	RoaringThunder_ThunderHammer_Item,ChainSword_Item,PowerMaul_Item,Melta_Item	TempestusCarapaceOrigin1_Item,HeavyEnforcerCarapace_Item,EnforcerLightCarapace_Item	4	AbelardCompanion_1lvl>CompanionAbelardPrototype>Character
c972a9b4605d4c6baf7ec11bec2997a8	SoulMark_Chaos_Slave_1				BCT_HumanM_RebelLeaderBogul_Portrait	NewHumanImperiumArmy	CutsceneNeutrals,Mobs	JungleWorldRebelLeader_Bogul_Brain	HoboMale_CP	JungleWorldRebelLeader_Bogul_VisualSettings	PatternT2ShurikenPistol_Item	GuardFlakArmour_Item	2	JungleWorldRebelLeader_Bogul
c97fc844209449f5b3055784c17413cf	PlayerRTSoldierHunter_Ch04_Presstour			HumanRace	RogueTraderMaleCommissaryPortrait,PlayerAasimarPaladin01_Portrait		Player			Character_VisualSettings	SarragusHeavyBolter_Item,MeltaUltima_Item	KasrkinArmour_Item	5	Character
c98b9465ed91497784ab19ec23497ff9	DrukhariMandrake_MeleeRanged_QuarryWorld					NewDrukhariArmy	Mobs	DrukhariMandrake_QuarryWorld_Brain			VenomBladeT2CH04_Item		1	
c9934702d66f42e7b9af252d2d6acbfb	CultistRangeLair2					NewHumanCultistsArmy	Mobs	CultistRangeLair1_drover_brain		CultistRangeLair1_VisualSettings	Autogun_Cultist_Lair1,Autogun_Item		1	
c9a22caf818443e385f706ea55534961	NobleInPalace_Drivesteam_Female				Mutant1_Portrait		CutsceneNeutrals,Mobs		DrivesteamNobleFemale_CP	NobleInPalace_Female_VisualSettings,Character_smallWHTest_VisualSettings		GuardFlakChestplate_Item	2	Character_smallWHTest
c9de439036b44096a46fe08a26e15d4f	LT_Beggar_Guard						CutsceneNeutrals		BeggarGuard_CP	Footfall_Worker_VisualSettings	PlasmaRifleT2CH3_Item		1	
c9ea84959eb54c3f91372a97d25a0258	Melee_Hard					NewCreaturesArmy	CutsceneNeutrals	Melee_Hard_Brain		ChaosSpawn_VisualSettings	Melee_Hard_LeftArm_Weapon,Melee_Hard_RightArm_Weapon		1	
c9fbe1e121534201a351e941785506cd	DeathCultistOneWeapon_Peacefull						CutsceneNeutrals		DeathCultAdept_Melee_CP	CultistRange_VisualSettings	DeathCultSword_Item		1	
ca1011074a6743b192fc51a0fc4d2e4b	AbelardCompanion_Chapter1_Special			HumanRace	Abeliard_Portrait,PlayerAasimarPaladin01_Portrait		Player			CompanionAbelardPrototype_VisualSettings,Character_VisualSettings	ChainSword_Item,LasPistol_Item,Shotgun_Item,PowerMaul_Item	GuardFlakChestplate_Item,HeavyEnforcerCarapace_Item,EnforcerLightCarapace_Item	4	AbelardCompanion>CompanionAbelardPrototype>Character
ca20fbb722ce4db3bb183102208d8247	TaintedStreets_Arbites_SolomonSquad_V3				ArbitratorBryce	NewHumanImperiumArmy	CutsceneNeutrals	TreasureWorld_Arbites_PetMaster_Brain	ArbitesTrooper_CP	Arbites_Male_VisualSettings	BolterT1_Item	ArmoredBodyglove4_Item	1	
ca212df9c49449d9adf7d377e02e7c91	BridgeCrewMemberNavy						CutsceneNeutrals		NavyOfficer_CP	BridgeCrewMemberNavy_VisualSettings	LasPistol_Item		1	
ca245dd7255a4ca9a7874dc064c0a379	CommoraghArenaMarazhai			EldarStandardRace	Marazhai_Portrait	NewDrukhariArmy	Mobs	DrukhariWych_BaseBrain,Sybarite_Command_Brain	RTOfficer_CP	Marazhai_VisualSettings,DrukhariSybarite_VisualSettings	PoisonedHekatariiBlade_Item,EliteBlastPistol_Item	KabaliteArmourT2_Item	2	DrukhariSybarite
ca2c2246cc37473f9ba973c85f5e5bd0	LT_GenericVendor						CutsceneNeutrals		PlebMale_CP	Footfall_GenericVendor_VisualSettings			1	
ca457f420a6f4600ae6e87d773f71f01	CrownWorldHarlequin_MourningChoir					NewAeldariArmy	Mobs	BerserkerMeleeBaseBrain		HarlequinMale_VisualSettings	PowerSwordEldar_Item	EldarHarlequinArmour_Item	1	
ca4a953a632c45489b7f299b76875bf3	4y6_Argenta_27lvl_ExportedPregen_ExportedPregen			HumanRace	Argenta_Portrait,PlayerAasimarPaladin01_Portrait		Player			CompanionArgentaPrototype_VisualSettings,Character_VisualSettings	HeavyBolter_Item,FlamerT2CH4_Item,Bolter_Item,Flamer_Item	FireproofCarapace_Item,EnforcerLightCarapace_Item	3	CompanionArgentaPrototype>Character
ca5305b54d164dee8fcc0a16cdf30f76	VC_Noble						CutsceneNeutrals		NobleMale_CP_Correct	Footfall_Worker_VisualSettings			1	
ca58e2b9f6a346e8b135248fcd5eada9	SurvivorCamp_NPC_Worker					NewHumanImperiumArmy	CutsceneNeutrals	TreasureWorld_Arbites_ShieldNShotgun_Brain	ArbitesTrooper14_CP	0Zarkov_Civilian_SurvivorCamp_VisualSettings_Male		ArbitesHeavyArmourCommon_Item	1	
ca6b3d7122b043f38ed018629ffe2886	SideQuestPirateScion					NewHumanBanditsArmy	CutsceneNeutrals	PirateScion_Leader_Brain		SideQuestPirateScion_VisualSettings	PlasmaPistol_Item,ChainSword_Item	LeathersArmor_Item	1	
ca936a024b954b188d2bd397e6ea49d3	BrassWhisper					NewHumanAdMechArmy	CutsceneNeutrals	IronWhisper_ArcShip_01_Brain		CorruptedMagus_VisualSettings	OmnissiahAxeT2CH4_Item,FlamerPistolT2CH4_Item	ForgeArmour_Item	1	
cab7056c0eb940d5bc8a816dbe552a66	DrukhariKabaliteSpecialist				JungleWorldEldarRanger_Portrait	NewDrukhariArmy	Mobs	KabalitePositionalBaseBrain	SpecialistRT_CP	DrukhariKabaliteSpecialist_VisualSettings	SplinterPistol_Item	KabaliteArmour_Item	1	
cabf247f1fb3494289f48a48512132f3	Hope_Chorda_Companion				IndenciaChorda_Portrait		Player,CutsceneNeutrals			Chorda_Companion_VisualSettings,Character_smallWHTest_VisualSettings	InfernoPistolT2CH04_Item,PlasmaPistolT2CH04_Item	FancyUniform_Item	2	Zaurback
cad326f549204e57a8133eb91e9a14a2	JaeGuy3					HumanAgriWorldArmy	CutsceneNeutrals	MeleeBloodbath_Brain	JaeBandit_CP	FootfallBandit_VisualSettings	ChainSword_Item		1	
cadbb04132e74250abbd8a138160ceab	YrlietCompanionCh02Start			EldarStandardRace,HumanRace	Yrliet_Portrait,PlayerAasimarPaladin01_Portrait		Player			CompanionYrlietPrototype_VisualSettings,Character_VisualSettings	LongRifle_Item	EldarRangerArmour_Item	3	CompanionYrlietPrototype>Character
cae312f51ea4462f9a08159baecdeb23	VC_Guard						CutsceneNeutrals		ValantiusSoldier_CP	BridgeCrewMemberGuard_VisualSettings	LasgunUnlootable_Item		1	
caf0d17afbb44bedb9e78f3a20eb209e	Confessor				BCT_HumanM_RebelLeaderBogul_Portrait	NewHumanImperiumArmy	CutsceneNeutrals,Mobs	JungleWorldRebelLeader_Bogul_Brain		JungleWorldRebelLeader_Bogul_VisualSettings	PatternT2ShurikenPistol_Item	GuardFlakArmour_Item	2	JungleWorldRebelLeader_Bogul
cb11e6477daa42e8ad1b791bad1b6b3a	Plaguebearer_Uralon					NewDaemonArmy	HelpingPlayer	PlaguebearerBrawler_BaseBrain		Plaguebearer_VisualSettings	Plaguesword_Item		1	
cb1bd53514cc48bf912b8b9036d8c4f1	SurvivorCamp_NPC_Common_Flamethrower					NewHumanImperiumArmy	CutsceneNeutrals	TreasureWorld_Arbites_ShieldNShotgun_Brain	ArbitesTrooper14_CP	0Zarkov_Civilian_SurvivorCamp_VisualSettings_Male	AstartesFlamer_Item	ArbitesHeavyArmourCommon_Item	1	
cb34336b86fd47b4893ca02f3e4da1e4	0GenestealerAberrantHypermorph_Melee_LowerTunnels					NewGenestealersCultArmy	Mobs	6GenestealerAberrantHypermorph_Melee_LowerTunnels_brain		Aberrant_01_VisualSettings	0AberrantHypermorphHammerCh04_LowerTunnels_Weapon		1	
cb4498711a0345bcaeaf4a550f7930ba	FW_Sculptor					NewHumanCultistsArmy	CutsceneNeutrals	FW_Sculptor_Brain		Footfall_Worker_VisualSettings	BiomancersStaff_Item	ArmoredBodyglove2_Item	1	
cb9bb61777bd4ee5a13b48c5132fa150	.DrukhariWrack_MeleeRanged_Lab02_TiP_Dialogue02				Haemonculus	NewDrukhariArmy	CutsceneNeutrals	DrukhariWrackLab_MeleeRanged_Brain		DrukhariWrack_VisualSettings	DrukhariHaemonculus_PistolSpecialClone_Item,DrukhariHaemonculus_HandsSpecialClone_Item	KabaliteArmour_Item	2	.DrukhariWrack_MeleeRanged_Lab01_TiP_Dialogue00
cbb25e09dea34317bc66dd16d182f397	Astropath_Antonius						CutsceneNeutrals			AstopathicGhostMale_VisualSetting			1	
cbd519bd6e1942afb75f13f2d5d223a9	NobleInPalace_Gaprak_Female				Mutant1_Portrait		CutsceneNeutrals,Mobs		GaprakNobleFemale_CP	NobleInPalace_Gaprak_Female_VisualSettings,Character_smallWHTest_VisualSettings		GuardFlakChestplate_Item	2	Character_smallWHTest
cbe56cae51ad41d5820f0f707a2b807d	InquisitorSoldier_Boarding						CutsceneNeutrals			Character_smallWHTest_VisualSettings	AutogunRapid_Item		1	
cc0d41fd3f344157836093169ef58b35	HalbrandtSpacewolfMarine_WarCouncilKTC			SpaceMarineStandardRace	Spacemarine1_Portrait	NewSpaceMarineArmy	FriendlyUlfarQuest	Halbrandt_UlfarQuest_Brain		LoyalSpaceMarine_VisualSettings	AstartesBolter_Item,AstartesCombatKnife_Item		1	
cc1dd9e1ece64af8b740474e117545fd	VoidshipReactor_Infernus						CutsceneNeutrals		InfernusLight_CP	Footfall_Worker_VisualSettings			2	OfficersDeckWorker
cc3417a47ea34f639198cf6b91905143	Haemonculus				Haemonculus	NewDrukhariArmy	CutsceneNeutrals			Haemonculus_VisualSettings			1	
cc3a463039404eb8a17198233c11b30f	KhorneSpecialBloodletterRandomEncounter					NewDaemonArmy	Mobs	KhorneBloodletter_Basic_Brain		KhorneBloodletter_VisualSettings	KhorneBloodletterSword_Weapon		2	KhorneBloodletter
cc3da967335d450cab4dd7b8d2d1303b	InfernusMaster_invisibleKitten						CutsceneNeutrals,Mobs			Dummy999_VisualSettings			2	InvisibleKitten_Unit
cc4dc39db0304efa87d0eb61e50723a5	HieronimusGuard				BCT_Footfall_Male_Guard_Portrait	NewHumanImperiumArmy	NeutralGuards		DrusianBattleFanatic_CP,VladaymEnforcer_CP	Footfall_Enforcer_VisualSettings	LasPistol_Item,ShockBaton_Item	GuardFlakArmour_Item	2	Footfall_Enforcer
cc9013afe15e4dbd9f3294a47fad3f80	Ulfar_50_HardlightLab_ExportedPregen			SpaceMarineStandardRace,HumanRace	Ulfar_Portrait,Heinrix_Portrait,PlayerAasimarPaladin01_Portrait		Player			UlfarCompanion_VisualSettings,CompanionHeinrixPrototype_VisualSettings,Character_VisualSettings	AstartesBoltPistolT2_Item,AstartesChainswordT2_Item,OneAndDoneAstartesBolter_Item,ForceSword_Item	ThroatseekerAstartesPowerArmour_Item,GuardFlakArmour_Item	3	CompanionHeinrixPrototype>Character
ccb33ac4f328426884831fa472fb4bb7	RunAwayPsyker				Mutant1_Portrait		CutsceneNeutrals			AgriWorldMagus_VisualSettings			2	AgriWorldMagus
ccf9df04af884387bce3ec81de1abd6d	LT_SF_Enforcer_MeleeRanged_Common					NewHumanImperiumArmy	HelpingPlayer	RushBaseBrain		BridgeCrewMemberNavy_VisualSettings	SerratedKnife_Item,Autopistol_Item_Cutscene	ArmoredBodyglove2_Item	1	
cd10c4b739604c5ea74664237601f35b	BoardedShip_Bridge_Range_Swarm					NewHumanImperiumArmy	Mobs	BoardedShip_Bridge_Range_Brain	WeakPirate1_CP	FootfallBanditHitman_VisualSettings	Lasgun_Item	EnforcerLightCarapace_Item	1	
cd317fe3d43747bba15c2b5773b3f8be	Lair3RebelRangedAutogun					NewHumanBanditsArmy	Mobs		PirateChest_CP	Lair3RebelRanged_VisualSettings	AutogunM40_Item	ArmoredBodyglove_Item	1	
cd486238284748e4be76fa44ea82b0ef	CorruptedTechPriestMelee				Mechanicus1_Portrait	NewHumanAdMechArmy	Mobs			CorruptedTechPriestMelee_VisualSettings	ChainSword_Item		1	
cd6e6d9617144c9da5aa31b1dd0d9dc6	FootfallPirateVendor_Rizza_Ch_4				Rizza_Portrait		CutsceneNeutrals		PlebMale_CP	Footfall_Commoner_VisualSettings	BlastPistol_Item		2	Footfall_Commoner
cd91fb1e8ca641b694828f013ab7884b	ChaosSpacemarineKhornRandomEncounter			SpaceMarineStandardRace		NewChaosSpaceMarineArmy	Mobs	KhoneSpaceMarineRE_Brain		ChaosSpacemarine_VisualSettings	ChaosSpaceMarineBolter_Item,SpacemarineChainSword_Item		1	
cd95536d0a8d4d5da78741702fd11265	HeraldOfTzeentch_ForgeHeart					NewDaemonArmy	Mobs	DemonSummonerPositionalBrain,DemonHorrorPink_UlfarQuest_Brain		DemonHeraldOfTzeentch_VisualSettings1,DemonHorror_VisualSettings	StaffOfShockAndAwe_Item,HorrorTalons_UlfarQuest_Item		2	DemonHorrorPink_MeleeRanged_UlfarQuest_Ch04
cd9d70d6fc134c30963190f4b8358730	JaeGuy4					HumanVoidBornArmy	CutsceneNeutrals	RangedPositionalBaseBrain	JaeBandit_CP	FootfallBanditHitman_VisualSettings	Lasgun_Item	GuardFlakChestplate_Item	1	
cda4f3e493b947abb8bdbe7bc8499da1	RogueTraderGuardPeaceful				JungleWorldRebel_Portrait	HumanFortressBornArmy	CutsceneNeutrals	RangedPositionalBaseBrain	ValantiusSoldier_CP	RogueTraderGuardPeaceful_VisualSettings	Lasgun_Item	GuardFlakArmour_Item	1	
cda65b3d3b0240bbbca199988b833e9f	DrukhariWychHeavyRange_GrandSpectacle_unit					NewDrukhariArmy	Mobs	DrukhariWychHeavyRange_GrandSpectacle_brain	PoisWhisp_Wyches_CP	DrukhariWychPrototype_VisualSettings	Blaster_Item	KabaliteArmourT2_Item	1	
cdad282f579941328b9cd35ef41ba6dc	LT_Fighter					NewHumanBanditsArmy	Mobs	FootfallSewers_Bandit_Melee_brain	HoboBoxersMale_CP	FootfallBandit_VisualSettings	KnifeT1_Item		1	
cdae6599086e447a902c3405a7602600	LargeIceDestroyable_Unit_1						CutsceneNeutrals			1TreasureWorld_ContainerAnchorPoint_VisualSettings			13	
cdbcde3e14f34b8496c3b38663fc4498	Exhibition_ChaosCultist_Ritual				JungleWorldRebelSpecialist_Portrait	NewHumanAdMechArmy,NewHumanCultistsArmy	Mobs			CultistRangeLair1_VisualSettings,Lair3RebelRanged_VisualSettings	HellPistol_Item	GuardFlakArmour_Item	2	ChaosCultist_Psyker
cdea8cbaed9545438ac34b13fb722e8f	ArgentaCompanionCh03Start_NoWeapon			HumanRace	Argenta_Portrait,PlayerAasimarPaladin01_Portrait		Player			CompanionArgentaPrototype_VisualSettings,Character_VisualSettings	LasPistol_Item,Bolter_Item,Flamer_Item	TempestusCarapace_Item,EnforcerLightCarapace_Item	4	ArgentaCompanion>CompanionArgentaPrototype>Character
ce226e8dba394ec994c25d199167acca	MadTechnomat_Peaceful				Mechanicus1_Portrait	NewHumanAdMechArmy	TrueNeutrals,Mobs		BattleTechnomat_CP,Techpriest_CP	CorruptedTechPriestMelee_VisualSettings	ChainSword_Item	GuardFlakChestplate_Item	2	MadTechPriest_melee
ce2ab8d4459782d41bc65dcd65f58853	TestPregen_Arcanist				PlayerRogue01_Portrait		Player			TestPregen_Arcanist_VisualSettings			8	
ce35cf82d513499bbef7a8c6e4eb031f	StarportRebelLeaderSpecialist					NewHumanImperiumArmy	Mobs	StarportRebelLeaderSpecialist_Brain		JungleWorldRebelMeleeTough_VisualSettings	LasPistol_Item	GuardFlakChestplate_Item	1	
ce542fd05df7464c9e60f5401cbeb3dc	Abelard_level47_Gamescom2024_ExportedPregen			HumanRace	Abeliard_Portrait,PlayerAasimarPaladin01_Portrait		Player			CompanionAbelardPrototype_VisualSettings,Character_VisualSettings	PowerClaymoreT2_Item,MeltaUltima_Item,PowerMaul_Item,Melta_Item	TempestusCarapaceOrigin1_Item,EnforcerLightCarapace_Item	3	CompanionAbelardPrototype>Character
ce543c6a527341bfa92262151843d410	StarPortSoliderLootless				BCT_Male_Lowerdecks_Guard_Portrait	NewHumanImperiumArmy	CutsceneNeutrals,HelpingPlayer	StarportAlly_Brain	Winterscale_Soldier_CP,ValantiusSoldier_CP	Guard_VisualSettings	Shotgun_ItemLootless,Shotgun_Item	GuardFlakChestplate_Item	3	StarPortSolider>Guard
ce6ee5a2fb3546ba99dc42c7ec4d4bfb	DW_Beast_Tail_6					NewBeastLimpArmy	Neutrals	DW_Beast_Tail_Brain,DW_Beast_Tail_Brain_React		DW_Beast_Tail_VisualSettings			2	DW_Beast_Tail_1
ce99a17da2da469a845547bb69a7db72	MB_Prisoner						CutsceneNeutrals						1	
cea51acf8cae4b15a7cd6c9799bccd0c	PascalCompanionCh02Middle				Pascal_Portrait		Player			CompanionPascalPrototype_VisualSettings	OmnissiahAxe_Item,PlasmaRifle_Item	EnforcerCarapace_Item	1	
ceb3619f1a44469bb730d0b23a18f708	4FootfallAnverKnivesOutLeutenant_MeleeRanged_CommonQS					NewHumanBanditsArmy	Mobs	KnivesOutBaseBrain		Footfall_CommonerFemaleBandit_VisualSettings	Stubcarbine_Item,ChainSword_Item	MeshVest_Item	1	
cec64b997da44ccfa91fc4c8858544f4	DrukhariKabalitePrototype				JungleWorldEldarRanger_Portrait	NewDrukhariArmy	Mobs	KabalitePositionalBaseBrain		DrukhariKabalitePrototype_VisualSettings	SplinterRifle_Item	KabaliteArmour_Item	1	
cec7c28a31af40e490ac32335f7b1d6d	PossessedCogitator_ThreeWeak					NewMachineArmy	Mobs	PossessedCogitator_brain					1	
ced727bc11ed4c489519ffbbc6c6b265	OldMan				Mutant1_Portrait		CutsceneNeutrals			RemainingRebel_VisualSettings	Autogun_Item,Lasgun_Item	GuardFlakArmour_Item	2	RemainingRebel
cee34f021f034c378eb6c11bddba2d2d	GladiatorWAxe				BCT_Human_Male_Flak_Rebel01_Portrait	HumanHiveWorldArmy	CutsceneNeutrals	RangedPositionalBaseBrain	DargonusGladiators_CP	Gladiator_VisualSettings	Axe_Item	GuardFlakArmour_Item	1	
ceed67904391499f84f0a24df229bed2	CommorraghCommissar				CommorraghCommissar_Portrait,BCT_Human_Male_PalaceGuard1_Portrait	NewHumanImperiumArmy	Mobs	RangedSniperBrain	JanusCorruptedEnforcer_CP	Corrupted_GovernorGuard_VisualSettings	Knife_Item,LasPistol_Item,AutogunM40_Item	GuardFlakArmour_Item	2	Corrupted_GovernorGuard
cefa03a5cab249fd9cc3b0821c91c36e	Scout2				Mutant1_Portrait		CutsceneNeutrals,Mobs			Character_smallWHTest_VisualSettings	Lasgun_Item		2	Character_smallWHTest
cf13f9a37cf24837a77177b9330e7c18	Sayonara_Abelar_23lvl_ExportedPregen			HumanRace	Abeliard_Portrait,PlayerAasimarPaladin01_Portrait		Player			CompanionAbelardPrototype_VisualSettings,Character_VisualSettings	ThunderHammer_Item,SerratedGreatSword_Item,PowerMaul_Item,Melta_Item	CeramiteStormTrooperCarapace_Item,EnforcerLightCarapace_Item	3	CompanionAbelardPrototype>Character
cf2503e3117a4c188252d68e8012baba	Chief				Mutant1_Portrait	HumanForgeWorldArmy	CutsceneNeutrals	Magos_ScrapCode_Brain		CorruptedMagus_VisualSettings		ForgeArmour_Item	1	
cf30b3c7e6c84d0b9502bd8b58f7e7a4	AbelardCompanion_4lvl			HumanRace	Abeliard_Portrait,PlayerAasimarPaladin01_Portrait		Player			CompanionAbelardPrototype_VisualSettings,Character_VisualSettings	ChainSword_Item,PowerMaul_Item,Melta_Item	FlakVest_Item,EnforcerLightCarapace_Item	3	CompanionAbelardPrototype>Character
cf50b6d3fab74e6b8b5d7b611355b671	CAbelardCompanion_Level31_TesseraParty_ExportedPregen_ExportedPregen			HumanRace	PlayerAasimarPaladin01_Portrait		Player			Character_VisualSettings		PirateChainmail_Item	2	Character
cf5e1823633e4b42a22d8e9f9bd985f4	MarazhaiCompanion_Ch04_Presstour			EldarStandardRace,HumanRace	Marazhai_Portrait,Heinrix_Portrait,PlayerAasimarPaladin01_Portrait		Player			Marazhai_VisualSettings,CompanionHeinrixPrototype_VisualSettings,Character_VisualSettings	DjinBladeYremeriss_Item,DrukhariSuccubus_HekatariiBlade_Item,DesolationBlastPistol_Item,EliteBlastPistol_Item	KabaliteArmourOrigin1_Item,IncubusArmour_Item,GuardFlakArmour_Item	4	MarazhaiCompanion>CompanionHeinrixPrototype>Character
cf87f9c86db849e180246c0950c551e6	PlayerRT_Level25_TesseraParty_ExportedPregen			HumanRace	PlayerAasimarPaladin01_Portrait		Player			Character_VisualSettings	ChargedStaffItem,StaffOfMindsight_Item	PsychicBodyglove_Item	2	Character
cf8bcdb8d582498f83cd06ee2e834f63	OldSacrifice						CutsceneNeutrals			GeneCultistMale_VisualSettings,BridgeCrewMemberNavy_VisualSettings	PlasmaPistol_Item		4	YoungSacrifice>DemagoguePleb>Confessor_Void
cfd51b1f974a4ab78a0712b8f8294a90	TreasureWorld_LemanRussTank_Player					NewMachineArmy	Player,Civilians			LemanRussTank	TreasureWorld_LemanRuss_MainCannon		13	TreasureWorld_LemanRussTank
d031224bf2424d3d804541925d218540	CrewMemberFireTeam					NewHumanBanditsArmy	CutsceneNeutrals	RangedCloseBaseBrain	ReactorWorkerHv_CP	FootfallPirate_VisualSettings			1	
d043485f551546418ad20fbb06ad9b56	FootfallBanditSwarm					NewHumanBanditsArmy	Mobs	RangedCloseBaseBrain	Bandit_Common_CP	FootfallBandit_VisualSettings	AutopistolT2CH02_Item		1	
d06f4190997047c39094a3db406f79ec	VC2_Prefect				Prefect	NewHumanImperiumArmy	CutsceneNeutrals	VC2_Prefect_Brain		NobleInPalace_Female_VisualSettings			1	
d077ac79f54943e494d9555ea3915c29	Uralon41Argenta_ExportedPregen			HumanRace	Argenta_Portrait,PlayerAasimarPaladin01_Portrait		Player			CompanionArgentaPrototype_VisualSettings,Character_VisualSettings	HeavyBolter_Item,Toxic_Flamer_Item,Bolter_Item,Flamer_Item	VoidsmenArmour_Item,EnforcerLightCarapace_Item	3	CompanionArgentaPrototype>Character
d0bb3e5a51154bd593cd4f985dbd30bf	Sayonara_23_Cassia_ExportedPregen			HumanRace	Cassia_Portrait,PlayerAasimarPaladin01_Portrait		Player			CompanionCassiaPrototype_VisualSettings,Character_VisualSettings	BloodhoundNavigatorStaff,ArcRifleT1CH2_Item,Longlas_Item,Autopistol_Item	FireproofCarapace_Item,GuardFlakArmour_Item	3	CompanionCassiaPrototype>Character
d0bd6e21e33d4e65b2d78334e3a32941	1GenestealerAcolyteHybrid_MeleeRanged_LowerTunnels					NewGenestealersCultArmy	Mobs	7GenestealerAcolyteHybrid_MeleeRanged_LowerTunnels_brain	GenestealerAcolyte2MeleeRanged_CP	Acolyte_v1_VisualSettings	LasPistolAcolyteT1CH04_Item,ToxicKnifeAcolyteCH04_Item		1	
d0fc7d7f52324c37a70318bf7d5beafb	SurvivorLeaderWoman					NewHumanImperiumArmy	CutsceneNeutrals,Mobs				ShredderShotgun_Item	CasingChestplate_Item	2	WildCannibalLeader
d0fee44fe0d4a864b819fc993dc68ba1	MapObjectKitten						Traps			MapObjectKitten_VisualSettings			1	
d1185029f3e94fa2b5576c5cf4ba1ec2	DummyArmored						Mobs			Dummy999_VisualSettings			1	
d11ece19de324012948eeaf2ea628b32	HeinrixCompanion_Chapter1_Middle			HumanRace	Heinrix_Portrait,PlayerAasimarPaladin01_Portrait		Player			CompanionHeinrixPrototype_VisualSettings,Character_VisualSettings	PowerSword_Item,Flamer_Item,ForceSword_Item,Shotgun_Item	GuardFlakArmour_Item	3	CompanionHeinrixPrototype>Character
d1287134a3e64a4dbdae16b58d21bd8b	Ch05Inquisitor_Psyker_unit					NewHumanImperiumArmy	CutsceneNeutrals	Inquisitor_Psyker_brain		JungleWorldRebelMeleeTough_VisualSettings	DivinersStaff_Item	LeathersArmor_Item	1	
d14204ef4b044b839397151030e298df	PlayerLedge_Test4			HumanRace	RogueTraderMaleCommissaryPortrait,PlayerAasimarPaladin01_Portrait		Player			Character_VisualSettings	StubRevolver_Item,Sword_Item	GuardFlakChestplate_Item	5	Character
d149f9c2d2104c56ac4ed67d6737ae05	Guard_Amalgama				BCT_Male_Lowerdecks_Guard_Portrait	NewHumanImperiumArmy	HelpingPlayer		ValantiusSoldier_CP	Guard_VisualSettings	Lasgun_Item	GuardFlakChestplate_Item	1	
d16ade712a2542878fa4d3544a0aec82	PlayerLedge_Test5			HumanRace	RogueTraderMaleCommissaryPortrait,PlayerAasimarPaladin01_Portrait		Player			Character_VisualSettings	StubRevolver_Item,Sword_Item	GuardFlakChestplate_Item	5	Character
d177c2197f4f4431a2e8fa10ac07b959	JaeCompanionCh03Middle			HumanRace	Jae_Portrait,PlayerAasimarPaladin01_Portrait		Player			CompanionJaePrototype_VisualSettings,Character_VisualSettings	Hellgun_Item,AutopistolTier2_Item,SniperRifle_Item,ChainSword_Item	ArmoredBodyglove_Item,EnforcerLightCarapace_Item	3	CompanionJaePrototype>Character
d1884957345e40d39bff0ba929655c00	LeaderNavigatorQA_lvl4			HumanRace	Cassia_Portrait,PlayerAasimarPaladin01_Portrait		Player			CompanionCassiaPrototype_VisualSettings,Character_VisualSettings	Autogun10test_Item,Axe10test_Item,Longlas_Item,Autopistol_Item	GuardFlakArmour_Item	3	CompanionCassiaPrototype>Character
d18d4fdf3aff4559bbda6db23700f145	DrukhariYremeriss_Grotesque_range_unit					NewCreaturesArmy	Mobs,CutsceneNeutrals	DrukhariGrotesqueYremeriss_range_Brain,DrukhariGrotesqueYremeriss_Brain		DrukhariGrotesque_Ranged_VisualSettings,DrukhariGrotesque_Melee_VisualSettings	DrukhariYremerissGrotesque_Liquifier_Item,DrukhariYremerissGrotesque_Claw_Item,DrukhariYremerissGrotesque_Sword_Item		3	DrukhariYremeriss_Grotesque_unit
d199d428d93e46dca17d4e66a89ad13b	DemonSlaaneshDaemonette6_MarazhaiQ1				Daemonette_Portrait	NewDaemonArmy	Mobs	DemonSlaaneshDaemonette6_MarazhaiQ1_brain		DemonSlaaneshDaemonette_VisualSettings			3	
d1be30d951db41be86a088736a8d31b6	ChaosSpaceMarine				Spacemarine1_Portrait	NewChaosSpaceMarineArmy	Mobs	ChaosSpaceMarine_brain		ChaosSpacemarine_VisualSettings	ChaosSpaceMarineBolter_Item		1	
d1e582def46b422f9abb8dbc468949f0	Latyshev_Uralon_Level55_ExportedPregen			SpaceMarineStandardRace	DarkApostle_Portrait		Player			ChaosSpacemarineMelee_VisualSettings	MaelstromBolter_Item_Companion,CrosiusOfUralon_Crosius_Item_Companion	HolyPowerArmour_Item_Uralon	1	
d1fa378f2394461989e457547627ab2d	SolomorneCompanion_PetOwner_Eagle				SolomorneAnthar		Player	SolomorneCompanion_Enemy_Brain		Solomorne_VisualSettings	Solomorne_Foehammer_Item,Solomorne_Shotgun_Item	ReactivatorArmour_Item	4	SolomorneCompanion_PetOwner_Swarm>SolomorneCompanion_PetOwner_Mastiff>SolomorneCompanion
d1feee580b2044368b04f1a07e5fd6a2	VC_Arbites						CutsceneNeutrals		ArbitesTrooper_CP	Arbites_Male_VisualSettings			1	
d24352b1ea1b455c99836be3d63c46c8	HighFactotum				YanrisDanrock_Portrait		CutsceneNeutrals			Character_smallWHTest_VisualSettings	NeedlePistol_Item		1	
d248cddcfb284827a85ed9b0ebe38aa2	SurvivorCamp_NPC_Female					NewHumanImperiumArmy	CutsceneNeutrals	TreasureWorld_Arbites_ShieldNShotgun_Brain	ArbitesTrooper14_CP	0Zarkov_Civilian_SurvivorCamp_VisualSettings_Male		ArbitesHeavyArmourCommon_Item	1	
d26f33d1ea864c0fab4ceab4ed84f9cb	FW_Lawman						CutsceneNeutrals			Footfall_Worker_VisualSettings			1	
d271f2edd754445990ecddcaff5b039e	FootfallAnverArsonistGrenade_Ranged_Swarm				BCT_BanditMaleAnverNoArmor01_Portrait	NewHumanBanditsArmy	Mobs	AnverArsonist_Brain	Anver_Common_CP	FootfallBanditArsonist_VisualSettings	Shotgun_Item		1	
d29abdb6c84748f48e415db61d865780	2						CutsceneNeutrals			Character_smallWHTest_VisualSettings			2	Zaurback
d29eac81c7ebdd349aafb637a31ad73c	MadTechPriest_Peaceful				Mechanicus1_Portrait	NewHumanAdMechArmy	CutsceneNeutrals,Mobs		Techpriest_CP	CorruptedTechPriestMelee_VisualSettings	ChainSword_Item	GuardFlakChestplate_Item	2	MadTechPriest_melee
d2b2e3df6cb44af480df8c6f8ac31070	CSM_MeleeRanged_UlfarQuestStormBolter			SpaceMarineStandardRace		NewChaosSpaceMarineArmy	Mobs	CSM_UlfarQuest_Brain		ChaosSpacemarineLair1_VisualSettings	CSM_CorruptedBoltPistol_Item,CSM_CorruptedAxe_Item,AstartesStormBolter_Item		1	
d2b4d086343e449487f0d0be2c6bda30	YrlietQ1_Farseer03					NewAeldariArmy	CutsceneNeutrals			Farseer_VisualSettings			2	0cd55320
d2b74abcac1d497992e4cacd2fae1467	MarazhaiCompanion			EldarStandardRace,HumanRace	Marazhai_Portrait,Heinrix_Portrait,PlayerAasimarPaladin01_Portrait		Player			Marazhai_VisualSettings,CompanionHeinrixPrototype_VisualSettings,Character_VisualSettings	VenomBladeKabalite_Item,SplinterPistolKabalite_Item,DrukhariIncubusKlaive_Item,ForceSword_Item	IncubusArmour_Item,GuardFlakArmour_Item	3	CompanionHeinrixPrototype>Character
d2bc384a517c4b40b9cd9a26884d979a	NavisNobilite_MeleeRanged_MutantCommander					NewHumanImperiumArmy	CutsceneNeutrals	NavisNobilite_MutantCommander_Brain_Ranged		NavisNobiliteMutant_VisualSettings	LasPistol_Item,Sword_Item	GuardFlakChestplate_Item	1	
d2be323b82b047a39f119c02537a1524	Footfall_EnforcerDelegation					NewHumanImperiumArmy	NeutralGuards		VladaymEnforcer_CP	Footfall_EnforcerDelegation_VisualSettings	ShockBaton_Item	GuardFlakArmour_Item	1	
d2dca05f9ae14d47a8c58de1cfceafce	Trazyn_Collector_Projection				Trazyn	NewNecronArmy	Neutrals			Trazyn_VisualSettings	Trazyn_EmpathicObliterator_Ranged_Item,Trazyn_EmpathicObliterator_Melee_Item		1	
d2dd230b7eaf4a38a6ec2a5538e3e18f	Zanni_GrandSpectacle				Solitair	NewAeldariArmy	TrueNeutrals	Zanni_Brain		HarlequinMale_VisualSettings	HarlequinsKiss_Item,NocturneShurikenPistol_Item	WychArmour_Item	2	Zanni
d2e143890a014caab4fb97359f4ba2d5	FootfallAnverFrenzy2_Melee_Common					NewHumanBanditsArmy	Mobs	BerserkerMeleeBaseBrain		FootfallBanditThugHeavy_VisualSettings	ChainSword_Item	CasingChestplate_Item	1	
d2e532734c07417da2cbd2fb764f9a82	JaeCompanion_lvl38_treasureworld_ExportedPregen			HumanRace	Jae_Portrait,PlayerAasimarPaladin01_Portrait		Player			CompanionJaePrototype_VisualSettings,Character_VisualSettings	SplinterPistolKabalite_Item,SplinterPistolAgony_Item,DesolationBlastPistol_Item,FractalBlade_Item	XenoMesh_Item,EnforcerLightCarapace_Item	3	CompanionJaePrototype>Character
d3004f9dfb2f460db42af76ed429f834	Ctan_SpearOfDestruction					NewNecronArmy	Mobs			Ctan_SpearOfDestructionVisualSettings	TrapDagger_Lvl01		1	
d3089a2b7acc43bfa62238d6d2457076	Ch04_PascalQ2_ArcShip				imperial_cruiser_gothic	NewHumanAdMechArmy	CutsceneNeutrals			ServitorBaseMale02_VisualSettings			1	
d30b92896bf148ab8c724617829244aa	NavisNobilite_Medic_Stage1					NewHumanImperiumArmy	CutsceneNeutrals	NavisNobilite_Medic_CassiaRoom_Brain		NavisNobilite_VisualSettings	LasPistol_Item	GuardFlakChestplate_Item	1	
d32a7071f3f540a5a2732ffe0b6c82d6	InquisitorBrute_Melee_Boarding					NewHumanWarpNullArmy	CutsceneNeutrals			BridgeCrewMemberNavy_VisualSettings	AxeT2_Item	TempestusCarapace4_Item	1	
d3348bb60ec74f49a4a14094fb1931ce	PeacefulServitor_Nomos					NewHumanAdMechArmy	CutsceneNeutrals,Mobs	RushBaseBrain		ServitorBaseMale01_VisualSettings	PincersServitorWeapon		3	MadServitor>Servitor_FWSH
d33b2f7cf9694f1fb7f5e4ab09a9c46d	IdiraCompanion_Level_27_Overseer			HumanRace	Idira_Portrait,PlayerAasimarPaladin01_Portrait		Player			CompanionIdiraPrototype_VisualSettings,Character_VisualSettings	ChargedStaffItem,TelepathsStaff_Item,Autopistol_Item,Longlas_Item	PsychicBodyglove_Item,GuardFlakArmour_Item	4	-4y6_Idira_27lvl_ExportedPregen_ExportedPregen>CompanionIdiraPrototype>Character
d3472dce87e6453ab0740869938c3c7a	ServitorChaos				Mutant1_Portrait	NewHumanAdMechArmy	Mobs			ChaosSevitorMale01_VisualSettings,Character_smallWHTest_VisualSettings	PincersServitorWeapon		2	Character_smallWHTest
d356f6474335449489b39c183a9cd11c	MB_Jokasta						CutsceneNeutrals						1	
d3af6989d4c94f5c8f682bd0ebf3e75e	Latyshev_Level45_Solomorne_ExportedPregen				SolomorneAnthar		Player	SolomorneCompanion_Enemy_Brain		Solomorne_VisualSettings	DoubleBarelled_Shotgun_Item,PowerMaulT2CH4_variation2_Item	VenomChainmail_Item	1	
d3c2080eeb6b4c938b93864cdfaa0fca	SevitzaDD_Ranged_AstropathicChapelCH2					NewDaemonArmy	Mobs	RangedPositionalSniperGrenadeBrain		AstopathicGhostFemale_VisualSetting	SniperRifle_ItemUnlootable	CarapaceChestplate_ItemUnlootable	1	
d3c68053ec2447ee8347d60f0ad4c86c	Spacemarine_flamer			SpaceMarineStandardRace		NewSpaceMarineArmy	Mobs	SpaceMarine_flamer_brain		LoyalSpaceMarine_VisualSettings	AstartesFlamer_Item,FrostAxe_Item		1	
d3d457fcd5884882a52865c62188837c	RoaringFemale_Gladiator					HumanDeathWorldArmy	CutsceneNeutrals				StubRevolver_Item	GuardFlakArmour_Item	1	
d3ec4c8807754cac8665a0dad4b7cc78	AdministratumYoungWorker				JungleWorldRebel_Portrait		CutsceneNeutrals			Servant_VisualSettings			1	
d3fd86a71f314a0cbbe3fc873dda0d1b	CassiaCompanion_Level29_ExportedPregen			HumanRace	Cassia_Portrait,PlayerAasimarPaladin01_Portrait		Player			CompanionCassiaPrototype_VisualSettings,Character_VisualSettings	BloodhoundNavigatorStaff,StaffOfHouseCassini,Longlas_Item,Autopistol_Item	HeadhunterLightCarapace_Item,GuardFlakArmour_Item	3	CompanionCassiaPrototype>Character
d41956b7ca3a4659b4692ba00dbf49bd	DrukhariAcothyst				JungleWorldEldarRanger_Portrait	NewDrukhariArmy	Mobs	KabalitePositionalBaseBrain		DrukhariAcothyst_VisualSettings	Hexrifle_Item	KabaliteArmour_Item	1	
d420adcffca144a68d6a461e6cae00f9	JailPlanetoidPrisonerSwarmStub				JungleWorldRebelOfficerMelee_Portrait	NewHumanBanditsArmy	Mobs	PrisonerShooter_Brain		JungleWorldRebelMeleeTough_VisualSettings	StubRevolver_Item	HeavyLeathersArmour_Item	1	
d43afbb2fbf748c0b9c2ef242c6db06e	DeathCultist_PariahFromLowerTonnels						CutsceneNeutrals				DeathCultSword_Item		1	
d44cdca47d024e8cbf67ac1a3e472879	Enforcers_Ghost_Bolter_VoidshipCrypt					NewGenestealersCultArmy	CutsceneNeutrals	GenestealerSniper_VoidshipCrypt_Brain	ValantiusEnforcerCarapace_CP	GeneCultistMale_VisualSettings	Bolter_VoidCrypt_Cutscene	ArmoredBodyglove2_Item	1	
d44ce77064f64b29863768d6d821ee18	Confessor_Eccl						CutsceneNeutrals			BridgeCrewMemberNavy_VisualSettings			1	
d44d2b497bb147ad887135460d061a16	MerValanciusSolder				JungleWorldRebel_Portrait	NewHumanImperiumArmy,HumanFortressBornArmy	TrueNeutrals,CutsceneNeutrals	RangedPositionalBaseBrain	MerovianSoldier_CP,ValantiusSoldier_CP	RogueTraderGuardPeaceful_VisualSettings	LasgunUnlootable_Item_CutScn,Lasgun_Item	GuardFlakArmour_Unlootable_Item,GuardFlakArmour_Item	2	RogueTraderGuardPeaceful
d45a17dbeec7408e8ae98685d31fcc0d	Q2_Father						CutsceneNeutrals			BridgeCrewMemberNavy_VisualSettings	NeedlePistol_Item		1	
d45d6a72f9ef4b04b2cdb14f5b903427	SolomorneCompanion_NPC_FootFall				SolomorneAnthar		CutsceneNeutrals,Player	SolomorneCompanion_Enemy_Brain		Solomorne_VisualSettings	Solomorne_Foehammer_Item,Solomorne_Shotgun_Item	ReactivatorArmour_Item	2	SolomorneCompanion
d46d3db2d7d146928108b63d287fdf37	DrukhariKabaliteBlademasterDeadlyGardens					NewDrukhariArmy	Mobs	RushBaseBrain	Blademaster_CP	DrukhariKabaliteBlademaster_VisualSettings	VenomBlade_Item	KabaliteArmourT2_Item	1	
d47c4c2c53d74c3cb9bbf080c9c69239	SpaceHulk_MadLogos				BCT_Human_Male_LogiHeretek_Portrait	NewHumanAdMechArmy	Mobs	LogiAnalyses_Brain	Techpriest_CP	MadTechPriestLogi_VisualSettings	MarksmanRifle_Item		1	
d47f77ac541045258ba516d43d9d78c7	HorrorOfTzeentchBlue_RizzaDemon				HorrorOfTzeentch_Blue_v01_Portrait	NewDaemonArmy	CutsceneNeutrals			DemonHorror_Blue_VisualSettings	TalonedHands_Item		1	
d48c626ca35044ffb7744834e7885248	YrlietCompanion_Ch03_Fake			EldarStandardRace	Yrliet_Portrait		Player			CompanionYrlietPrototype_VisualSettings	AeldariScout_LongRifle_Item	EldarRangerArmour_Item	1	
d48e03729a253814ebb26d21b4e6a0b3	Character			HumanRace	PlayerAasimarPaladin01_Portrait		Player			Character_VisualSettings			1	
d4986fff3ac5489fb07791d8d9690ca3	VC2_Arbitres_Ranged			HumanRace		NewHumanImperiumArmy	CutsceneNeutrals	VC2_ArbitresRanged_Brain	ArbitesTrooper12_CP		ShotgunPatternCh4_Item_Unlootable	VC2_Arbitres_Armor_Unlootable	1	
d4ae3355260d4de7ac22a85a18ddb0ee	BottomlessPit				BCT_HumanM_RebelLeaderBogul_Portrait	NewHumanImperiumArmy	CutsceneNeutrals,Mobs	JungleWorldRebelLeader_Bogul_Brain		JungleWorldRebelLeader_Bogul_VisualSettings	PatternT2ShurikenPistol_Item	GuardFlakArmour_Item	2	JungleWorldRebelLeader_Bogul
d4b48516bd4448c8a69893afbe9c2bf4	ChaosPriest				Mutant1_Portrait		CutsceneNeutrals,Mobs		ChaosPriest_CP,NobleMale_CP_Correct	Character_smallWHTest_VisualSettings			3	NobleInPalace>Character_smallWHTest
d4d6c6575aa84aa8ad3c407876e9814f	Footfall_Enforcer_cutscene				BCT_Footfall_Male_Guard_Portrait	NewHumanImperiumArmy	CutsceneNeutrals,NeutralGuards		VladaymEnforcer_CP	Footfall_Enforcer_VisualSettings	Autopistol_Item,ShockBaton_Item	GuardFlakArmour_Item	2	Footfall_Enforcer
d4f30429724d4c67b3dee7d6a85888c0	Enforcer_Melee_Common					NewHumanImperiumArmy	HelpingPlayer	RushBaseBrain	GuardRichFemale_CP	Footfall_Enforcer_VisualSettings	SerratedKnife_Item	ArmoredBodyglove2_Item	1	
d4f914fc6d734d4b9bc5c8919db18525	MB_Augmented_Serf						CutsceneNeutrals		LowliferAugmented_CP				1	
d5254e5e865948258b9a30ef929b9258	ArgentaCompanion_Ch02_TrueStart			HumanRace	Argenta_Portrait,PlayerAasimarPaladin01_Portrait		Player			CompanionArgentaPrototype_VisualSettings,Character_VisualSettings	BolterT1_Item,Flamer_Item,Bolter_Item	MeshVestOrigin1_Item,EnforcerLightCarapace_Item	3	CompanionArgentaPrototype>Character
d528d4f6c24c490eb5d0cd804ef65f53	NobleInPalace_Verserian_Female				Mutant1_Portrait		CutsceneNeutrals,Mobs		WerserianNobleFemale_CP	-NobleInPalace_Verserian_Female_VisualSettings,Character_smallWHTest_VisualSettings		GuardFlakChestplate_Item	2	Character_smallWHTest
d52dbcb45e404270a318ca66b0c24303	BlackshipCrew_Flamer						CutsceneNeutrals		Inquisition_Soldier_CP	BlackshipCrew_Flamer_VisualSettings	Flamer_Item	GuardFlakArmour_Item	1	
d579009206214520b044753a18c16e73	NavisNobiliteLasgun_Guard					NewHumanImperiumArmy	CutsceneNeutrals	RangeNNStation_brain	OrsellioTraitor_Soldier_CP	NavisNobilite_VisualSettings	LasgunT1CH02_Item	GuardFlakChestplate_Item	1	
d57c421545964d5bb2e65df00553032f	TaintedStreetsCultistLeader02					NewHumanCultistsArmy	Mobs	CultistLeader02_Brain		TaintedStreetsCultistLeader_VisualSettings	Shotgun_Item	CarapaceChestplate_Item	1	
d58f3b5d50e84131abc5bef6c52475ba	OP_Priest						CutsceneNeutrals			Footfall_PiligrimPriest_VisualSettings		ArmoredBodyglove2_Item	1	Footfall_PiligrimPriest
d591e816ef9042f4a00ad666e2b11b16	FootfallCrewMemberGuard						CutsceneNeutrals			BridgeCrewMemberGuard_VisualSettings	ChainSword_Item,LasPistol_Item	GuardFlakChestplate_Item	1	
d5938b6f04e6411398a3ed4d63ae3962	DemonSlaaneshDaemonetteRandomEncounter02				Daemonette_Portrait	NewDaemonArmy	Mobs	.DemonSlaaneshDaemonetteRandomEncounter02_Brain		DemonSlaaneshDaemonette_VisualSettings	WhipSlaaneshDaemonetteWeapon		1	
d5a600079be74defb172718c69c8677c	IdiraCompanion_Ch02_Lategame			HumanRace	Idira_Portrait,PlayerAasimarPaladin01_Portrait		Player			CompanionIdiraPrototype_VisualSettings,Character_VisualSettings	LongBarreledSniperRifle_Item,LongBarreledAutopistol_Item,SniperRifle_Item,Autopistol_Item	AdaptiveFlakArmour_Item,ArmoredBodyglove_Item,GuardFlakArmour_Item	4	IdiraCompanion>CompanionIdiraPrototype>Character
d5b74bd7bb48493e84d5928dc8eb05ef	Lair3RebelMeleeSwarm					NewHumanBanditsArmy	Mobs	RushBaseBrain	PirateNoArmor_CP	Lair3RebelMelee_VisualSettings	PowerMaul_Item	CarapaceChestplate_Item	1	
d5e4e52cf2044528864c773948ca91d5	Eufrates_Kunrad_unit				Kunrad_Portrait	NewHumanImperiumArmy	Mobs	Eufrates_Kunrad_agressive_brain		YoungGuard_VisualSettings	RitualKnife_Item	ArmoredBodyglove_Item	1	
d620361bbbaf483d8396f998750a2faa	AbelardAlternative				Abeliard_Portrait	NewHumanImperiumArmy	CutsceneNeutrals	AbelardAlternative_Brain		CompanionAbelardPrototype_VisualSettings	BonebreakingMaul_PowerMaul_Item	KasrkinArmour_Item	1	
d6234a05f3094b1788b921305b1c5653	ValanciusMedic				JungleWorldRebel_Portrait	NewHumanImperiumArmy,HumanFortressBornArmy	Friends,CutsceneNeutrals	RangedPositionalBaseBrain	ValanciusMedic_CP,ValantiusSoldier_CP	RogueTraderGuardPeaceful_VisualSettings	LasPistolUnlootable_Item,Lasgun_Item	GuardFlakArmour_Unlootable_Item,GuardFlakArmour_Item	2	RogueTraderGuardPeaceful
d64b0ad5b8b8498aa136ed348ceaa3c4	SolomorneCompanion_PetOwner_Raven				SolomorneAnthar		Player	SolomorneCompanion_Enemy_Brain		Solomorne_VisualSettings	Solomorne_Foehammer_Item,Solomorne_Shotgun_Item	ReactivatorArmour_Item	4	SolomorneCompanion_PetOwner_Swarm>SolomorneCompanion_PetOwner_Mastiff>SolomorneCompanion
d65e3c301bce4d5da2f15fecd82b5b0a	Footfall_ValadaimAgent				BCT_Footfall_Male_Guard_Portrait	NewHumanImperiumArmy	NeutralGuards		VladaymEnforcer_CP	Footfall_Enforcer_VisualSettings	ShockBaton_Item	ArmoredBodyglove2_Item,GuardFlakArmour_Item	2	Footfall_Enforcer
d65f04f5eda444f0b4fd1cee54cc36db	GoldenServitorMeleeTough					HumanAgriWorldArmy	CutsceneNeutrals			ServitorBaseMale03_VisualSettings	PincersServitorWeapon		1	
d6602fe0cf6349a09d94fb34c783d7bb	VC2_Noble			HumanRace		NewHumanImperiumArmy	CutsceneNeutrals	VC2_Noble_Brain		VC2_Noble_Female_VisualSetting	PlasmaRifleT2CH4_Item_Unlootable	-ArmoredBodyglove2_BoardedShip_Unlootable_Item	1	
d684b018dbcb4a458387603cef377ff9	LT_SF_PrisonerMain						CutsceneNeutrals			Footfall_WorkerFeMale_VisualSettings			1	
d68b125f4c3b4b838f52983200994b35	Astropath_TelepathicSearch3						Neutrals		Astropath_CP				1	
d691a8519bc84221bcec4e8f37aee58c	AhileasSkalandr1				Mutant1_Portrait		CutsceneNeutrals,Mobs			Character_smallWHTest_VisualSettings	NeedlePistol_Item		2	Character_smallWHTest
d6b354448fef56549aed099d1df2b194	TrapActor_Lvl07						Traps			TrapActor_Lvl03_VisualSettings	TrapDagger_Lvl07,TrapDagger_Lvl03		2	TrapActor_Lvl03
d6c51b2891764ae1b177d65623066f37	Tarzus_Skitarii_Ranged				BCT_Human_Male_Cultist1_Portrait	HumanForgeWorldArmy	CutsceneNeutrals	RangedPositionalBaseBrain		CultistRange_VisualSettings	MarksmanRifle_Item		1	
d6d042c4f07d48efb53d9e3ba42ad9d3	TheoOrsellio				Mutant1_Portrait	NewHumanImperiumArmy	CutsceneNeutrals	TheoOrsellio_Brain		TheoOrsellio_VisualSettings	StaffOfOrsellioGuardian	ArmoredBodyglove_Item	1	
d6ff78f5987d431c97d1cda4d3d43479	MadTechPriest_Technomat				BCT_Human_Male_Technomat02_Portrait	NewHumanAdMechArmy	Mobs	RangedPositionalBaseBrain	BattleTechnomat_CP	MadTechPriest_VisualSettings	SniperRifle_Item	GuardFlakArmour_Item	1	
d7058d050ddc4c6f8d9c83ceeca14c75	CorruptedTechPriestFlamer				Mechanicus1_Portrait	NewHumanAdMechArmy	Mobs		CorruptedTechpriest_Normal_CP	CorruptedTechPriest_VisualSettings	CorruptedTechPriest_FlamerWeapon,Autogun_Item	CasingChestplate_Item	2	CorruptedTechPriest
d7388a0a384f4072b912f20189060d67	PeacefulServitorForStryx					NewHumanAdMechArmy	StryxServitors,Mobs	RushBaseBrain		ServitorBaseMale02_VisualSettings,ServitorBaseMale01_VisualSettings	PincersServitorWeapon		3	MadServitor>Servitor_FWSH
d738dff05b9b48b79fed7d0ed98a027b	GenestealerCH04LT_MeleePoisoner_Elite					NewGenestealersCultArmy	Mobs			Genestealer_VisualSettings	GenestealerScythingClawsLTCH04		6	
d74728f897ef4b0a85978e25f43ea155	DLC3_OP_Dogmatic_CombatServitor_Unit					NewHumanAdMechArmy	NeutralGuards	DLC3_OP_Dogmatic_CombatServitor_Brain		CombatServitor_VisualSettings	DLC3_OP_Dogmatic_CombatServitor_Weapon		1	
d760710d399e44d9a95fe012e9748a77	BlackshipCrewMainAgent						CutsceneNeutrals			BlackshipCrewMainAgent_VisualSettings			1	
d7880edcc53f4d6493d934868b19929d	ServantFemale_Hollow						CutsceneNeutrals		JanusServant_CP	ServantFemale_Ghost_VisualSettings,ServantFemale_VisualSettings			2	ServantFemale
d789f69771864a15a033a4e922db9c8c	CombatServitorBolter_Ranged_PasqualQuest					NewHumanAdMechArmy	CutsceneNeutrals			CombatServitor_VisualSettings	ServitorBolter_PasqualQuest_Item		1	
d7d7ea6f882f4a3bb81a1d6ef2f6ab9d	MasterofDiscipline_Medbay				Jocasta_Sauerback		CutsceneNeutrals			BridgeCrewMemberNavyFemale_VisualSettings	ShockBatonT2_Item,AutopistolT2CH02_Item		1	
d7da3d70c0784361bdbb7a6757e71ff7	RaycadMinoris_TechnicianAdept						CutsceneNeutrals		Technomat_CP	RaycadMinoris_Technician_VisualSettings			1	
d7e7b77772384ed2ad286af961b63bdb	RTPalaceServant_Female						CutsceneNeutrals		ValantiusServantFemale_CP	RTPalaceServant_Female_VisualSettings			1	
d804f521f9f84c1e8c13fbc800c23bd5	Dummy9						Mobs			Dummy9_VisualSettings			1	
d819f2330cd14bae94350636f1d89e55	SmallIceDestroyable_Unit_1						Neutrals			1TreasureWorld_ContainerAnchorPoint_VisualSettings			2	
d820d838a7d44422b8434b46ff06ec36	DLC3_Med_Servitor_1						CutsceneNeutrals						1	
d8247eb3b10c4061b39b14ee1f105772	VC2_ArbitresMarshal			HumanRace	Marshal	NewHumanImperiumArmy	CutsceneNeutrals	VC2_ArbitresMarshal_Brain		Arbites_Male_VisualSettings	PowerMaulT2CH4_Item_Unlootable	2MarshallsArmouroftheKoronusExpanse_Item_Unlootable	1	
d82da9c96a504ff385628a1a100e4dd4	3CassiaCompanion_Level22_NeiliusParty_ExportedPregen			HumanRace	Cassia_Portrait,PlayerAasimarPaladin01_Portrait		Player			CompanionCassiaPrototype_VisualSettings,Character_VisualSettings	Longlas_Item,Autopistol_Item	EnforcerLightCarapace_Item,GuardFlakArmour_Item	3	CompanionCassiaPrototype>Character
d82eb8adcb4542bea7c41261ce6fe1b4	.Latyshev_RT_SoldierArch_Level34_ExportedPregen			HumanRace	PlayerAasimarPaladin01_Portrait		Player			Character_VisualSettings	GovernorsSniperRifle_Item,FoehammerT2CH3_Item,ExpandedStubRevolver_Item	BreachersArmour_Item	2	Character
d8527767f9c145d081600727f34a6b7f	WarpBeastScreamerTheodoraUnit					NewDaemonArmy	Mobs	ScreamerBrain		DemonScreamer_VisualSettings	Screamer_BiteWeapon		1	
d87bdb89ba6a4a78a453216c534765ef	TechpriestMelee_TrailerCinematic				Mechanicus1_Portrait	NewHumanAdMechArmy	Mobs			CorruptedTechPriestMelee_VisualSettings	ChainSword_Item	GuardFlakChestplate_Item	2	CorruptedTechPriestMelee
d8802fbfb1ab436e8cc98ebe815b74c3	Footfall_Guide				Mutant1_Portrait		CutsceneNeutrals,Mobs		NobleMale_CP_Correct	Character_smallWHTest_VisualSettings			4	Footfall_Noble>NobleInPalace>Character_smallWHTest
d89e0e6e90374db3870446265d874107	NecronWarrior_MeleeRanged_Epitaph					NewNecronArmy	Mobs	NecronWarrior_Epitaph_Brain		NecronWarrior_VisualSettings	NecronWarriorRanged_Epitaph_Item,NecronWarriorMelee_Epitaph_Item		1	
d8ccf57846defe842938e3db168ea4ea	TrapActor_Lvl26						Traps			TrapActor_Lvl03_VisualSettings	TrapDagger_Lvl26,TrapDagger_Lvl03		2	TrapActor_Lvl03
d8d3b7e1c80c44ad86c3c9b5f856513c	VC_Clerk						CutsceneNeutrals		Clerk_CP	SideQuestSwindlerClerk1_VisualSettings			1	
d8de107bd4584e33aeb522bce78904b1	NecronSkorpekhLord_Prototype				DarkMechanicus_Portrait	NewNecronArmy	Mobs			NecronSkorpekhLord_VisualSettings			1	
d8e940ea190a47d6b2d4e3ce9203f058	Quetza-al_Techpriest					NewHumanAdMechArmy	HelpingPlayer	Techpriest_Brain			OmnissiahAxe_Item,MultiMelta_Item	TempestusCarapace_Item	1	
d8f9ccb7a2b347bd879266489f2a56e2	IdiraCompanion_Ch04_Start			HumanRace	Idira_Portrait,PlayerAasimarPaladin01_Portrait		Player			CompanionIdiraPrototype_VisualSettings,Character_VisualSettings	DivinersStaff_Item,HellPistol_Item,SniperRifle_Item,Autopistol_Item	PsychicBodyglove_Item,ArmoredBodyglove_Item,GuardFlakArmour_Item	4	IdiraCompanion>CompanionIdiraPrototype>Character
d905ace31880401ba093d3fe835c33c0	GenestealerPickPistol_MeleeRanged_VoidshipCrypt					NewGenestealersCultArmy	CutsceneNeutrals	RushBaseBrain	Genestealer1Tier_CP	GeneCultistMale_VisualSettings	ChainAxeT2CH02_Item	ArmoredBodyglove2_Item	1	
d90a653c96aa47c58cfe7778bbaa6672	NomosSpeaker_Portrait				NomosPhase1		CutsceneNeutrals				LaspistolGhost_Item		1	
d9202573fa5445c6b3e11aaea5bcd1b5	IdiraCompanionCh02Start			HumanRace	Idira_Portrait,PlayerAasimarPaladin01_Portrait		Player			CompanionIdiraPrototype_VisualSettings,Character_VisualSettings	PsyFocusStaff_Item,SniperRifleT1Tutorial_Item,Autopistol_Item,Longlas_Item	PsychicBodyglove_Item,GuardFlakArmour_Item	3	CompanionIdiraPrototype>Character
d9328fe40fda41d5906ed812134962fb	Opticon22_WarCouncil				Opticon_Portrait	HumanAgriWorldArmy	CutsceneNeutrals			Opticon22_VisualSettings	PincersServitorWeapon		2	Opticon22
d9905744971f44f2bc462b882694605a	PlayerRTSoldierHunter_Ch02_TrueStart			HumanRace	RogueTraderMaleCommissaryPortrait,PlayerAasimarPaladin01_Portrait		Player			Character_VisualSettings	Bolter_Item,RipperAutopistol_Item,AutopistolT1_Item	MeshVest_Item	5	Character
d9d81ae082694455bbb945d96e7233ff	MaskedMan_KibellahQ2KTC				BCT_HumanM_RebelLeaderBogul_Portrait	NewHumanImperiumArmy	CutsceneNeutrals,Mobs	JungleWorldRebelLeader_Bogul_Brain		JungleWorldRebelLeader_Bogul_VisualSettings	PatternT2ShurikenPistol_Item	GuardFlakArmour_Item	2	JungleWorldRebelLeader_Bogul
d9d81b7e88db41c39b391ab9b4a1d0cf	StarportBlindMadmanF				JungleWorldRebelSniper_Portrait	NewHumanImperiumArmy	CutsceneNeutrals,TrueNeutrals		PlebFemale_CP	TaintedStreetsBlindMadmanF_VisualSettings			2	TaintedStreetsBlindMadmanF
d9dc581699cd4bb5afd59ae147521668	Bakula_50LvL_Cassia_ExportedPregen			HumanRace	Cassia_Portrait,PlayerAasimarPaladin01_Portrait		Player			CompanionCassiaPrototype_VisualSettings,Character_VisualSettings	BloodhoundNavigatorStaff,StaffOfHouseCassini,Longlas_Item,Autopistol_Item	EnforcerCarapaceOrigin1_Item,GuardFlakArmour_Item	3	CompanionCassiaPrototype>Character
d9dcbab0200648ff91b0d8ad3c9d6145	1NecronDeathmarkDamaged_Ranged_ManipulusLaboratory					NewNecronArmy	Mobs	NecronDeathmark_ManipulusLaboratory_Brain		NecronDeathmark_VisualSettings	NecronDeathmarkRanged_Epitaph_Item		1	
d9f77d5a6b27430d91f4d51529b0507c	Footfall_Deraziter						CutsceneNeutrals		PlebMale_CP	Footfall_Commoner_VisualSettings	Flamer_Item		2	Footfall_Commoner
d9feff7322bf484794ed74aed578d02c	Stranger				JungleWorldEldarRanger_Portrait	NewDrukhariArmy	TrueNeutrals					WychArmour_Item	1	
da04cd99c2ea4c17a267a44fee559212	TaintedStreetsRebelRangedHeavy					NewHumanImperiumArmy	Mobs	TaintedStreetsRanged_Brain	RaycadRebel_Veteran_CP	JungleWorldRebelMeleeTough_VisualSettings	ScrappyAutogun_Item	MeshChestplate_Item	1	
da1ecd21f4324831ba4fbcca26d7e6e2	PeacefulServitorFemale2					NewHumanAdMechArmy	CutsceneNeutrals,Mobs	RushBaseBrain		ServitorBaseFemale02_VisualSettings,ServitorBaseMale01_VisualSettings	PincersServitorWeapon		3	MadServitor>Servitor_FWSH
da25257449584820a1aa6e22166a6277	SergeantVigastis					NewHumanImperiumArmy	CutsceneNeutrals	ImperialSoldier_Prison_Brain		Footfall_NobleGuard_VisualSettings	LasgunTrophy_Item	FlakVest2_Item	1	
da3f5c91c7d847679d6e42c21a9dd034	KhorneBloodletter_Melee_UlfarQuest					NewDaemonArmy	Mobs	KhorneBloodletterBoss_Basic_Brain		KhorneBloodletterBoss_VisualSettings	KhorneBloodletterBossSword_Weapon		2	KhorneBloodletterBoss
da4e70ece0f0473ba8ecaac51ed221a3	FW_Commoner_Female						CutsceneNeutrals			Footfall_CommonerFemale_VisualSettings			1	
da50661ad29a47318662acc75c3bb7d0	Defiler_MeleeRanged_MiniBoss_Electro					NewDaemonArmy	Mobs	Defiler_Electro_DaemonEngine_Brain		Defiler_VisualSettings	Defiler_ChaosClaws_Weapon,Defiler_Boltgun_Weapon,Defiler_RocketLauncher_Weapon,Defiler_Flamer_Weapon		5	
da643980de8846aa8bd354b5b6dc8884	FriendlySpacewolfMarine			SpaceMarineStandardRace	Spacemarine1_Portrait		CutsceneNeutrals			LoyalSpaceMarine_VisualSettings	SpaceMarineStormBolter_Item		1	
da76b40a28fe41c2b10f32645cfe110f	DrukhariGrotesque_Melee					NewCreaturesArmy	Mobs			DrukhariGrotesque_Melee_VisualSettings	DrukhariGrotesqueSword_Item,DrukhariGrotesqueClaw_Item		1	
da7e83d7da6149e49109decbaac24bce	Winterscale				Winterscale_Portrait		CutsceneNeutrals			Winterscale_Companion_VisualSettings	PowerAxe_Item		1	
da97052b120d4828a9c323740c653aaa	Footfall_WorkerFeMale						CutsceneNeutrals		PlebFemale_CP	Footfall_WorkerFeMale_VisualSettings		GuardFlakChestplate_Item	1	
daaf3d6bae644af8a9128ea09044bb99	UlfarCompanion			SpaceMarineStandardRace,HumanRace	Ulfar_Portrait,Heinrix_Portrait,PlayerAasimarPaladin01_Portrait		Player			UlfarCompanion_VisualSettings,CompanionHeinrixPrototype_VisualSettings,Character_VisualSettings	AstartesBoltPistol_Item,AstartesCombatKnife_Item,AstartesBolter_Item,ForceSword_Item	UlfarArmor_Item,GuardFlakArmour_Item	3	CompanionHeinrixPrototype>Character
daafc7c6ad3244b8a8f1c14506b4f094	Felec					NewHumanImperiumArmy	CutsceneNeutrals	Felec_brain		Felec_VisualSettings	DeadShotStubRevolver_Item,StaffOfHouseOrsellio	ArmoredBodyglove_Item	1	
dac7fe58ea7e4e70a93fc0bfc4f3805c	Sayonara_39lvl_Argenta_ExportedPregen			HumanRace	Argenta_Portrait,PlayerAasimarPaladin01_Portrait		Player			CompanionArgentaPrototype_VisualSettings,Character_VisualSettings	PreciseBolter_Item,Assault_Lasgun_Item,Bolter_Item,Flamer_Item	EnforcerLightCarapaceOrigin1_Item,EnforcerLightCarapace_Item	3	CompanionArgentaPrototype>Character
daf0e251828b4c218190569a333fc262	DrukhariBeastMaster_Arena				BCT_DrukhariKabalite_Male_Base01_Portrait	NewDrukhariArmy	Mobs	KabalitePositionalBaseBrain		DrukhariKabalite_VisualSettings	SplinterRifle_Item	KabaliteArmour_Item	1	
db00f626fa1f4e8b8a35a721c5ddceb0	ChoirMaster				Zacchary_Weisz		CutsceneNeutrals				AstropathsStaff_Item		1	
db0be54edb694e1989c1b982870f8d33	DeathCultist_Prisoner						CutsceneNeutrals				ChainSword_Item,LasPistol_Item	GuardFlakChestplate_Item	1	
db12afae4f5e41f38a28b765870745a0	DarkApostlePhaseTwo			SpaceMarineStandardRace	DarkApostle_Portrait,Mutant1_Portrait		CutsceneNeutrals			ChaosSpacemarineMelee_VisualSettings,AgriWorldMagus_VisualSettings			2	AgriWorldMagus
db149d203496478c818be56bf9cf3f75	CorruptedMagosProvender				Mechanicus1_Portrait	NewHumanAdMechArmy	Mobs			CorruptedMagosProvender_VisualSettings	Shotgun_Item		1	
db191f82043ccd64292bfa4473baaf59	CompanionIdiraPrototype			HumanRace	Idira_Portrait,PlayerAasimarPaladin01_Portrait		Player			CompanionIdiraPrototype_VisualSettings,Character_VisualSettings	Autopistol_Item,Longlas_Item	GuardFlakArmour_Item	2	Character
db3b40ecd3b948bdbb16599d0da58cc1	DemonSlaaneshDaemonette_HollowQ1				Daemonette_Portrait	NewDaemonArmy	CutsceneNeutrals,Mobs			DemonSlaaneshDaemonette_Ghost_VisualSettings,DemonSlaaneshDaemonette_VisualSettings	WhipSlaaneshDaemonetteWeapon		2	DemonSlaaneshDaemonette
db4af318aa6a484bb0e0c69f5e051d40	TreasureWorld_FeralGuard_BomberAntitank					NewHumanImperiumArmy	CutsceneNeutrals	-TreasureWorld_FeralGuard_BomberAntitank_Brain	JanusRebel_Elite_CP		HellPistol_Item,TreasureWorld_AntitankMine_Item	ArmoredBodyglove4_Item	1	
db8f97ef90a64d65a591ae386f2c1b87	PlayerRTFighter_Ch04_Start			HumanRace	ComissarMale,PlayerAasimarPaladin01_Portrait		Player			Character_VisualSettings	Epiphany_PowerSword_Item,DeadlyPrecision_BoltPistol_Item,TwoHandedAxe_Item,ChainSword_Item	HeavyXenoMeshOrigin1_Item,EnforcerLightCarapace_Item	3	PlayerRTFighter>Character
db9532fa75d042929073474910864d40	EX_HoloTrazyn				Trazyn		CutsceneNeutrals			Trazyn_VisualSettings			1	
db965c01bf4d47a892ce417ac635915d	FabricatorsLeutenantTechPriest				Mechanicus2_Portrait	NewHumanAdMechArmy	Mobs			-FabricatorsLeutenantTechPriest_VisualSettings	Lasgun_Item	ForgeArmour_Item	1	
dba6c408bc2a4d14b0df02b75fce4b5e	MarazhaiCompanionNPC			EldarStandardRace,HumanRace	Marazhai_Portrait,Heinrix_Portrait,PlayerAasimarPaladin01_Portrait		HelpingPlayer,Player	MarazhaiNPC_MarazhaiQ1_brain		Marazhai_VisualSettings,CompanionHeinrixPrototype_VisualSettings,Character_VisualSettings	DjinBladeYremeriss_Item,DrukhariSuccubus_HekatariiBlade_Item,DesolationBlastPistol_Item,EliteBlastPistol_Item	KabaliteArmourOrigin1_Item,IncubusArmour_Item,GuardFlakArmour_Item	4	MarazhaiCompanion>CompanionHeinrixPrototype>Character
dbbdb303dfdc4d2c828254c5960182c8	MutantPsykerRandomEncounter				BCT_Human_Male_Cultist2_Portrait	NewHumanImperiumArmy	Mobs		Mutant_LowLiferPsi_CP	MutantPsykerRandomEncounter_VisualSettings	Autopistol_Item	ScrapChainmail_Item	1	
dbbf67db340b4bfb820d01b05514875a	StarPort_Noble				Mutant1_Portrait		CutsceneNeutrals,Mobs		WinterscaleNobleMale_CP_Correct,NobleMale_CP_Correct	StarPort_Noble_VisualSettings,Character_smallWHTest_VisualSettings			4	Footfall_Noble>NobleInPalace>Character_smallWHTest
dbd0790a529047ad895edfdbbfda3b53	AdministratumOldMan				JungleWorldRebel_Portrait		CutsceneNeutrals			Servant_VisualSettings			1	
dbdb6d717af64bdbb57614e542884a78	NomosServitor_V1				NomosPhase2,Mutant1_Portrait		CutsceneNeutrals,Mobs			ServitorBaseMale01_VisualSettings,Character_smallWHTest_VisualSettings			2	Character_smallWHTest
dbdd1762ef204564b5255af113609602	Master_ServoskullSwarm_PetUnit				SwarmServoSkulls	NewPetArmy	Player			Master_SkullSwarm_VisualSetting			4	
dbf1dd8210444c0c881bad765ac876b7	TestUIPregen	Test UI Pregen	Test UI Pregen	HumanRace	NobilityMale,PlayerAasimarPaladin01_Portrait		Player			Character_VisualSettings	Sword_Item,Autopistol_Item	GuardFlakChestplate_Item	5	Character
dbfd92479a994181939338e2aff00a2a	StavrosPsyker_Support_AstropathicChapelCH2					NewDaemonArmy	CutsceneNeutrals	CultistPsyker_SororitasQuestBrain		AstopathicGhostMale_VisualSetting	AstropathsStaffUnlootable_Item		1	
dc08eee7669c46e48c1f52595f6d5920	MB_AltarTemplumPriest						CutsceneNeutrals						1	
dc0956bd8b674395ac928a71f44edf9e	DW_Beast_Tail_5					NewBeastLimpArmy	Neutrals	DW_Beast_Tail_Brain,DW_Beast_Tail_Brain_React		DW_Beast_Tail_VisualSettings			2	DW_Beast_Tail_1
dc1f1bd19fef4fb88afd40260d3e568b	TaintedStreetsCultistLeader00				JungleWorldRebelMelee_Portrait	NewHumanCultistsArmy	Mobs	CultistLeader00_Brain		TaintedStreetsCultistLeader_VisualSettings	PsyFocusStaff_Item	HeavyLeathersArmour_Item	1	
dc4c65ab3f474c4480ecdea497239ced	.DrukhariKabaliteBlademaster_Hallucinogen_Melee				JungleWorldEldarRanger_Portrait	NewDrukhariArmy	Mobs	RushBaseBrain		DrukhariKabaliteBlademaster_VisualSettings		KabaliteArmour_Item	1	
dc4d82017be14ae080a60abfb812af4a	SurvivorScout						CutsceneNeutrals			SurvivorScout_VisualSettings	Knife_Item	GuardFlakChestplate_Item	1	
dc6bc896a8074b048c308310db5b21b5	0Latyshev_Heinrix_Assassin_Level25_ExportedPregen			HumanRace	Heinrix_Portrait,PlayerAasimarPaladin01_Portrait		Player			CompanionHeinrixPrototype_VisualSettings,Character_VisualSettings	ForceSwordCH2Unique3_Item,LongBarreledAutopistol_Item,BiomancersStaff_Item,ForceSword_Item	FencingBodyglove_Item,GuardFlakArmour_Item	3	CompanionHeinrixPrototype>Character
dca63c6b2484487c88bdd97034378290	EngineMaster				BCT_HumanM_RebelLeaderBogul_Portrait	NewHumanImperiumArmy	CutsceneNeutrals,Mobs	JungleWorldRebelLeader_Bogul_Brain		JungleWorldRebelLeader_Bogul_VisualSettings	PatternT2ShurikenPistol_Item	GuardFlakArmour_Item	2	JungleWorldRebelLeader_Bogul
dcb615690190457c90e2129646081a1a	Latyshev_Solomorne_Level34_ExportedPregen				SolomorneAnthar		Player	SolomorneCompanion_Enemy_Brain		Solomorne_VisualSettings	CrescendoShotgun_Item,PatternShockBatonCh2_Item	ArmourofIronWill_Item	1	
dcbbef44bf33f854490a4c9d3a94d65a	GovernorGuardCaptain				Mutant1_Portrait	NewHumanImperiumArmy	NeutralGuards			GovernorGuardCaptain_VisualSettings	ChainSword_Item		1	
dcc79a44895644858ecfebad851eb80a	FW_HideAndSeek4_FakeNoble_Female						CutsceneNeutrals			NobleFemale_VisualSettings			1	
dccbfb493bb1446e97f5644a411631c4	RTPalaceServant_Female2						CutsceneNeutrals		ValantiusServantFemale_CP	RTPalaceServant_Female_VisualSettings			1	
dcf2a9ab9bb647f1963e089b8fd53116	IdiraCompanionCh02End			HumanRace	Idira_Portrait,PlayerAasimarPaladin01_Portrait		Player			CompanionIdiraPrototype_VisualSettings,Character_VisualSettings	ForceSword_Item,Hellgun_Item,Autopistol_Item,Longlas_Item	ArmoredBodyglove_Item,GuardFlakArmour_Item	3	CompanionIdiraPrototype>Character
dcfb29be49754573b0b964d56bdd5be4	MB_Doctor						CutsceneNeutrals		MedbayDoctor_CP				1	
dd0135d432d24f68aaeae77e45a5deb4	CorruptedServitor					NewHumanAdMechArmy	CutsceneNeutrals,Mobs	RushBaseBrain		ServitorBaseMale03_VisualSettings,ServitorBaseMale01_VisualSettings	PincersServitorWeapon		2	Servitor_FWSH
dd0b9f7139ab44b1a7abb4b8a6b897d2	OfficerDeck_AngryDog				ArbitesCyberMastiff		CutsceneNeutrals			Master_ArbitesCyberMastiff_VisualSetting	Master_ArbitesCyberMastiff_Claws_Weapon		1	
dd1d81520a7e47b2b6f4382d1673eef7	WildCannibalRange					NewHumanImperiumArmy	Mobs			WildCannibalRange_VisualSettings	MarksmanRifle_Item	HeavyLeathersArmour_Item	1	
dd3ac2511ffd487687c74bcb2583dadc	Eogann_Overseer_Augments_Level25_ExportedPregen						Player			Eogann_VisualSettings	OmnissiahAxe_Item,PlasmaRifleT2_Item		1	
dd3ebc4c9ff04d23b7630e2a1c90798a	Marked					NewHumanImperiumArmy	CutsceneNeutrals			Gladiator_VisualSettings	GreatSwordT2_Item	HeavyLeathersArmour_Item	1	
dd484b59ce92440d8a515d65c15eb468	InquisitorAishara_MeleeRanged_Boarding					NewHumanWarpNullArmy	CutsceneNeutrals	InquisitorAishara_Boarding_Brain		BridgeCrewMemberNavy_VisualSettings	FlamerPistolT2CH4_Item,ChainSwordT2CH4_Item	KasrkinArmour_Item	1	
dd7389f0207e470ea6c24abc1a7ec966	SmugglerCompanion_Bar			HumanRace	Jae_Portrait,PlayerAasimarPaladin01_Portrait		Player			CompanionJaePrototype_VisualSettings,Character_VisualSettings	Autopistol_Item,SplinterPistol_Item,ShurikenPistol_Item,EldarChainSword_Item	ArmoredBodyglove_Item,EnforcerLightCarapace_Item	4	JaeCompanion>CompanionJaePrototype>Character
dd73efcf2d6c480bbc019bc08cc3ca7f	Ch04Chorda_Psyker_unit				JungleWorldRebelOfficerMelee_Portrait	NewHumanImperiumArmy	CutsceneNeutrals	Ch04_Psyker_brain		JungleWorldRebelMeleeTough_VisualSettings	DivinersStaff_Item	LeathersArmor_Item	1	
dd7451fcc7484abcb44c73f29dc30490	HumanVeteran_Melee_SurvivorCamp_State2					NewHumanImperiumArmy	HelpingPlayer	HumanDefender_SurvivorCamp_Brain	ZarkovianVeteran_CP	0Zarkov_Military_SurvivorCamp_VisualSettings_Male	ChainSwordT2CH4_Item,GreatswordT2CH4_Item,PowerMaulT2CH5_Item	GuardFlakChestplate4_Item	1	
dd822095ce7843c2b550016ab8f28da6	SC_DW_Beast_Vine					NewBeastLimpArmy_NotStat	Neutrals			DW_Beast_Vine_VisualSettings			1	
ddadb9c79f184708ae8709433872ce72	GhostSpaceMarine_ChainSword_Melee_UlfarQ2			SpaceMarineStandardRace		NewSpaceMarineArmy	Mobs	GhostSpaceMarine_ChainSword_Melee_UlfarQ2_brain		GhostSpaceMarine_VisualSettings	AstartesBoltPistolT2_Item,AstartesChainswordT2_Item_Ghost,FrostAxe_Item		1	
ddb05d3c2eac41a08785e48afc8d4c38	NavisNobilite_CassiaRoomFemale					NewHumanImperiumArmy	CutsceneNeutrals	NavisNobilite_CassiaRoom		NavisNobiliteFemale_VisualSettings	Autogun_Item	GuardFlakChestplate_Item	1	
ddb53592cea949d98d85c738af61a3e1	MechanicusMob				Mutant1_Portrait	HumanForgeWorldArmy	CutsceneNeutrals			CorruptedMagus_VisualSettings	Flamer_Item	CasingChestplate_Item	1	
ddda96ba17074b8c84a2cac87061ed94	GladiatorWHammer				BCT_Human_Male_Flak_Rebel01_Portrait	HumanHiveWorldArmy	CutsceneNeutrals	RangedPositionalBaseBrain	DargonusGladiators_CP	Gladiator_VisualSettings	ThunderHammer_Item	GuardFlakArmour_Item	1	
dddb594ddd034189877e143cccbf4a13	HeinrixCompanion_Level47_ExportedPregen			HumanRace	Heinrix_Portrait,PlayerAasimarPaladin01_Portrait		Player			CompanionHeinrixPrototype_VisualSettings,Character_VisualSettings	AncientForceSword_Item,NeedlePistol_Item,PowerMaulT2_Item,ForceSword_Item	GladiatorsMeshArmour_Item,GuardFlakArmour_Item	3	CompanionHeinrixPrototype>Character
dde386111c9141bf9ed8130dadb09298	ChaosSpacemarineTest			SpaceMarineStandardRace	Spacemarine1_Portrait		Player			ChaosSpacemarine_VisualSettings	SpaceMarineStormBolter_Item		1	
de0c90a471e045608677a74c6924f7fa	Lair4GenestealerCultHeavy				JungleWorldRebelOfficerMelee_Portrait	NewHumanCultistsArmy	Mobs	RangeCommonBaseBrain		Lair4GenestealerCultHeavy_VisualSettings	Multilaser_Item	CasingChestplate_Item	1	
de17a97e25f04a1e90d6f58ffe16b1eb	Kibellah12lvl_ExportedPregen			HumanRace	Argenta_Portrait,PlayerAasimarPaladin01_Portrait		Player			CompanionArgentaPrototype_VisualSettings,Character_VisualSettings	NobleSword_Item,ChainSwordCH1Unique_Item,GreatSwordT1_Item,Bolter_Item	FencingBodyglove_Item,EnforcerLightCarapace_Item	3	CompanionArgentaPrototype>Character
de242dc873374ead9ffaad368eaeca31	Quetza-al_ArchmilitantOutpost					NewHumanImperiumArmy	HelpingPlayer	Archmilitant_Brain		Quetza-al_Archmilitant_VisualSettings	HarbingerOfCarnage_item,HellPistol_Item	GladiatorsMeshArmour_Item	2	Quetza-al_Archmilitant
de285a7f85c042ba833d7119c3f44f82	BoySacrifice						CutsceneNeutrals			GeneCultistMale_VisualSettings,BridgeCrewMemberNavy_VisualSettings	PlasmaPistol_Item		5	OldSacrifice>YoungSacrifice>DemagoguePleb>Confessor_Void
de52d7b473f349938165163c5eefc8ca	PeacefulServitor5					NewHumanAdMechArmy	CutsceneNeutrals,Mobs	RushBaseBrain		ServitorBaseMale03_VisualSettings,ServitorBaseMale01_VisualSettings	PincersServitorWeapon		3	MadServitor>Servitor_FWSH
dec2af15189642b2bdadd75025edaca5	CrewHumanTraitor						Civilians			CrewHumanTraitor_VisualSettings	Lasgun_Item	ArmoredBodyglove_Item	1	
dec6e2c83b464064a344a1f03a32a69e	DLC1_NPC_VIP_AvrillaEnforcer				BCT_Female_Lowerdecks_Officer_Portrait	NewHumanImperiumArmy	HelpingPlayer			BridgeCrewMemberNavyFemale_VisualSettings,GuardLeader_VisualSettings	AutogunM40_Item	GuardFlakArmour_Item	2	GuardLeader
decf8cfa2eaba6d4da5732414d865db5	TrapActor_Lvl20						Traps			TrapActor_Lvl03_VisualSettings	TrapDagger_Lvl20,TrapDagger_Lvl03		2	TrapActor_Lvl03
df31b4e005524bb8998a0265343ee57a	DLC3_DargonusLoop_LemanRussTank					NewMachineArmy	CutsceneNeutrals			LemanRussTank	TreasureWorld_LemanRuss_MainCannon		1	
df537cc0376042dc886c785fe3261b7c	4AbelardCompanion_Level22_NeiliusParty_ExportedPregen			HumanRace	Abeliard_Portrait,PlayerAasimarPaladin01_Portrait		Player			CompanionAbelardPrototype_VisualSettings,Character_VisualSettings	PowerMaul_Item,Melta_Item	HeavyXenoMeshOrigin1_Item,EnforcerLightCarapace_Item	3	CompanionAbelardPrototype>Character
df7367d2b37f474f8aed327b40dbe770	AbelardCompanion_Ch05_TrueStart			HumanRace	Abeliard_Portrait,PlayerAasimarPaladin01_Portrait		Player			CompanionAbelardPrototype_VisualSettings,Character_VisualSettings	PowerAxeCH5Unique_Item,InfernoPistolCH05Unique_Item,EruptionMultiMelta_Item,ChainSword_Item	CrusadePlateArmour_Item,HeavyEnforcerCarapace_Item,EnforcerLightCarapace_Item	4	AbelardCompanion_1lvl>CompanionAbelardPrototype>Character
df761ea549574f888876390dfd2292aa	Master_ExperimentalServitor_PetUnit					NewHumanImperiumArmy	Player						0	
df918c2d635446e8ba6cba0123d2cb6e	CassiaCompanion			HumanRace	Cassia_Portrait,PlayerAasimarPaladin01_Portrait		Player			CompanionCassiaPrototype_VisualSettings,Character_VisualSettings	StaffOfHouseOrsellio,Autopistol_Item,LasPistol_Item,Longlas_Item	ArmoredBodyglove_Item,GuardFlakArmour_Item	3	CompanionCassiaPrototype>Character
dfbfb227c72b492499dc09d2f75f9eb8	CanoptekScarabs_NecronLair3					NewNecronArmy	Mobs	CanoptekScarab_HealerBrain		CanoptekScarabs_VisualSettings	CanoptekScarab_MeleeWeapon		3	
dfd1ece86b4b4112ba2e3f285d78c08c	PlayerRTFighter_Chapter1_Start			HumanRace	RogueTraderMaleCommissaryPortrait,PlayerAasimarPaladin01_Portrait		Player			Character_VisualSettings	Sword_Item,Autopistol_Item	GuardFlakChestplate_Item	5	Character
dfd6e3d807974551bdbedeb4b4c1ae37	HaemonculusClone1				Haemonculus	NewDrukhariArmy	CutsceneNeutrals	DrukhariWrackLab_MeleeRanged_Brain		DrukhariWrack_VisualSettings	DrukhariHaemonculus_PistolSpecialClone_Item,DrukhariHaemonculus_HandsSpecialClone_Item	KabaliteArmour_Item	3	HaemonculusClone>.DrukhariWrack_MeleeRanged_Lab01_TiP_Dialogue00
e019218361624ea783c0e7d0b5f8fc87	Footfall_Generic_Specialist				BCT_Human_Female_BanditSpecialist01_Portrait	NewHumanBanditsArmy	Mobs				Shotgun_Item	ScrapChainmail_Item	1	
e027eb8367bc407aacd7af82cc72d9f2	Lair4GenestealerCultGrenadier				JungleWorldRebelOfficerMelee_Portrait	NewHumanCultistsArmy	Mobs	RangeCommonBaseBrain		Lair4GenestealerCultGrenadier_VisualSettings	CombatShotgun_Item	HeavyLeathersArmour_Item	1	
e02c6f815dac41c4b2eda1dff84f5b41	ItsTime_CultistsSwarm					NewHumanCultistsArmy	CutsceneNeutrals	RangedPositionalBaseBrain	Cultist_Unarmored_CP	JungleWorldRebelMeleeTough_VisualSettings	LasgunT2CH4_Item	HeavyLeathersArmour_Item	1	
e03f7ad8ac8143d5929ab05f23282e48	1HumanArchitect_Melee_SurvivorCamp_State2_Kuravich					NewHumanImperiumArmy	HelpingPlayer	HumanDefender_SurvivorCamp_Brain	ValanciusEnforcer_CP	0Zarkov_Military_SurvivorCamp_VisualSettings_Male	GreatswordT2CH4_Item	GuardFlakChestplate4_Item	1	
e07782da610e4df782c87a46fffef34d	JanurZarkovSergeant					NewHumanImperiumArmy	HelpingPlayer	DLC3_BA_JanurZarkovSergeant_Brain	ZarkovianSoldierMale_CP,ValanciusEnforcer_CP	JanurZarkovSergeant_VisualSettings,0Zarkov_Military_SurvivorCamp_VisualSettings_Male	LasgunT2CH4_Item	GuardFlakChestplate4_Item,GuardFlakArmour4_Item	2	HumanJanur_Ranged_SurvivorCamp_State2
e08099f80c184a20be4ffa575246b85e	BoardedShip_Bridge_Melee_Swarm					NewHumanImperiumArmy	Mobs	BoardedShip_Bridge_Melee_Brain	WeakPirate1_CP	FootfallBanditBodyguard_VisualSettings	ShockBaton_Item	GuardFlakArmour_Item	1	
e0a1ac03081242c58dfaca6de218d6fb	DrukhariSslythSecondThrone_unit					NewCreaturesArmy	Mobs	DrukhariSslyth_brains		DrukhariSslyth_VisualSettings	SslythSplinterRifle_Basic_Item,SslythSplinterPistol_Basic_Item,SslythChainSword_Basic_Item		2	DrukhariSslythBase_Hard
e0d10a8f76604c61ac0874b2e32a942f	DrukhariGrotesqueGladiatorArena					NewCreaturesArmy	Mobs			DrukhariGrotesque_Ranged_VisualSettings	DrukhariGrotesqueLiquifier_Item,DrukhariGrotesqueClaw_Item		2	DrukhariGrotesque_Ranged
e10ade5c8af148c3a9cc296a7b1aa391	AntoniusDD_Melee_AstropathicChapelCH2					NewDaemonArmy	Mobs	CultistPsyker_Ranged_Brain		AstopathicGhostMale_VisualSetting	AstropathsStaff_UnlootableItem	CarapaceChestplate_ItemUnlootable	1	
e1511403a237469bbcf1c6781997ea69	SoulMark_Chaos_Slave_2				BCT_HumanM_RebelLeaderBogul_Portrait	NewHumanImperiumArmy	CutsceneNeutrals,Mobs	JungleWorldRebelLeader_Bogul_Brain	PlebMale_CP	JungleWorldRebelLeader_Bogul_VisualSettings	PatternT2ShurikenPistol_Item	GuardFlakArmour_Item	2	JungleWorldRebelLeader_Bogul
e151f54a21544d2f8540883fca1753b5	IzhdrigBatoshskiColonel_Camp				Izhdrig		CutsceneNeutrals				Knife_Item		2	IzhdrigBatoshskiColonel
e159330fc4a54465b5ef9d0a47737ebe	BridgeCrewMemberGuard_Timeline_Bolter						CutsceneNeutrals		ValantiusSoldier_CP	BridgeCrewMemberGuard_VisualSettings	ChainSword_Item,Bolter_NoRestriction_Cutscene	GuardFlakChestplate_Item	1	
e180a13e3d3c4558aa79c5e99a6d939d	3GenestealerAcolyteHybridChainsaw_Melee_LowerTunnels					NewGenestealersCultArmy	Mobs	9GenestealerAcolyteHybridChainsaw_Melee_LowerTunnels_brain	GenestealerAcolyte1Chainsaw_Melee_CP	Acolyte_v2_VisualSettings	ChainSawAcolyteCH04_Item		1	
e1851480372148a98c63522e21b098cd	VC2_Pirate			HumanRace		NewHumanBanditsArmy	CutsceneNeutrals	VC2_Pirat_Brain	CommonPirate1_CP		LasgunT2CH4_Item_Unlootable	.CarapaceChestplate_BoardedShip_Unlootable_Item	1	
e19247fab5d3407ca436fd46052718f1	SolomorneCompanion_NPC_BoardingBolter				SolomorneAnthar		CutsceneNeutrals,Player	SolomorneCompanion_Enemy_Brain		Solomorne_VisualSettings	Bolter_Item_CutScn,Solomorne_Shotgun_Item,Solomorne_Foehammer_Item	ReactivatorArmour_Item	2	SolomorneCompanion
e19dcfca7df340dd99be09be7efe7f08	RE_DemonTransform_BlessedDaemonette				Daemonette_Portrait	NewDaemonArmy	Mobs	RE_BlessedDaemonette_Brain		DemonSlaaneshDaemonette_VisualSettings	WhipSlaaneshDaemonetteWeapon		1	
e1b33ed2d2ca4962a9cac40f682b95ad	RegindSpacewolfMarine_Melee			SpaceMarineStandardRace		NewSpaceMarineArmy	CutsceneNeutrals,Mobs	SpaceMarine_plasma_brain		LoyalSpaceMarine_VisualSettings	AstartesBoltPistol_Item,AstartesChainsword_Item,FrostAxe_Item		2	Spacemarine_axe
e1cfcddc1dc447278762a0725753c394	PascalCompanion			HumanRace	Pascal_Portrait,PlayerAasimarPaladin01_Portrait		Player			CompanionPascalPrototype_VisualSettings,Character_VisualSettings	OmnissiahAxe_Item,PlasmaRifle_Item,Autogun_Item	EnforcerCarapace_Item,GuardFlakArmour_Item	3	CompanionPascalPrototype>Character
e1eb99c043da79f43af2923985c0c35e	TrapActor_Lvl10						Traps			TrapActor_Lvl03_VisualSettings	TrapDagger_Lvl10,TrapDagger_Lvl03		2	TrapActor_Lvl03
e1ed0bf4b6c74729876630ca7ebae706	4y6_Yerliet_35lvl_ExportedPregen			EldarStandardRace,HumanRace	Yrliet_Portrait,PlayerAasimarPaladin01_Portrait		Player			CompanionYrlietPrototype_VisualSettings,Character_VisualSettings	JaeQuest_LongRifle_Item,LongRifleCH2Unique2_Item,LongRifle_Item	KabaliteArmourT2_Item,EldarRangerArmour_Item	3	CompanionYrlietPrototype>Character
e217a9758b5d4e2d92efe37c9fa377ce	2Latyshev_Cassia_MT_Augments_Level25_ExportedPregen			HumanRace	Cassia_Portrait,PlayerAasimarPaladin01_Portrait		Player			CompanionCassiaPrototype_VisualSettings,Character_VisualSettings	BloodhoundNavigatorStaff,StaffOfOrsellioGuardian,Longlas_Item,Autopistol_Item	HeadhunterLightCarapace_Item,GuardFlakArmour_Item	3	CompanionCassiaPrototype>Character
e222c23f8fcb45ccb290b07ada17b6ba	AeldariMadman_Melee_Portals				BCT_DrukhariKabalite_Male_Base01_Portrait	DrukhariKabalitesArmy	Mobs	MeleeFlankerBaseBrain		DrukhariKabalite_VisualSettings	VenomBladeKabalite_Item	KabaliteArmourT2_Item	1	
e24cd7e6ee4144b8bfcede3f6f2e60c5	IdiraAlternative				Idira_Portrait	NewHumanImperiumArmy	CutsceneNeutrals	IdiraAlternative_Brain		CompanionIdiraPrototype_VisualSettings	StaffOfShockAndAwe_Item	MalleusBodyglove_Item	1	
e25a397c7ed84316ac9ca92d3013e633	CorruptedTechPriestFragGrenade				Mechanicus1_Portrait	NewHumanAdMechArmy	Mobs		CorruptedTechpriest_Normal_CP	CorruptedTechPriest_VisualSettings	Autogun_Item	CasingChestplate_Item	2	CorruptedTechPriest
e2627b74c614480fbcef1a76b29fb685	Ch04Chorda_WithArcRangeSpecialist_unit					NewHumanImperiumArmy	CutsceneNeutrals	Ch04_RangeSpecialist_Brain	Chorda_Soldier_CP	JungleWorldRebelMeleeTough_VisualSettings	ArcRifleCH4UniqueMob_Item	LeathersArmor_Item	1	
e27cd06d848043808694ef890acbfec4	Ch04Vladaym_DrukhariKabalite_unit					NewDrukhariArmy	CutsceneNeutrals	Ch04_Kabalite_brain	VladaymMerc_CP	DrukhariKabalite_VisualSettings	SplinterRifleT2CH04_Item	KabaliteArmourT2_Item	1	
e296f59e7cd443f6bc931a789017d075	MB_Noble_Son						CutsceneNeutrals						1	
e2b81987117c4e60b623366609038c66	Ancestor_MeleeRanged				SeberianBionics	NewHumanImperiumArmy	HelpingPlayer	Ancestor_MeleeRanged_Brain		OurCrewGuard_VisualSettings	InfernoPistolT2CH04_Item,AeldariForceSword_Item		1	
e2d72d9f3fd8459da392b1ecfd5616bb	InvisibleCat						CutsceneNeutrals			TrapActor_Lvl01_VisualSettings	TrapDagger_Lvl01		1	
e2db60548e444d54937690d1677ae511	Footfall_NobleFemale				Mutant1_Portrait		CutsceneNeutrals,Mobs		NobleFemale_CP_Correct,NobleMale_CP_Correct	Footfall_NobleFemale_VisualSettings,NobleInPalace_Female_VisualSettings,Character_smallWHTest_VisualSettings			4	NobleInPalace_Female>NobleInPalace>Character_smallWHTest
e2e819ab5b4210941b61a666d74d4c3f	TrapActor_Lvl23						Traps			TrapActor_Lvl03_VisualSettings	TrapDagger_Lvl23,TrapDagger_Lvl03		2	TrapActor_Lvl03
e2ea97af4e684ec6b008d15d3a7595ae	Footfall_ShipCrew						CutsceneNeutrals		VoidCrew_CP	Footfall_ShipCrew_VisualSettings	Lasgun_Item	GuardFlakChestplate_Item	1	
e2eaf985a4e8443e8781deba5e0f4a3f	ArenaGladiator3				BCT_Male_PenalWorld_Gladiator_Portrait	NewHumanImperiumArmy	Neutrals,CutsceneNeutrals		ChasmGladiators_Shooter_CP,VheabosGladiators_CP	Gladiator_VisualSettings	Longlas_Item,StubRevolver_Item	Chainmail_Item	2	Gladiator
e30ca433ef384afa8ee2804469b07459	SlumsMutantFighter				Mutant1_Portrait	NewHumanImperiumArmy	Mobs			SlumsMutantFighter_VisualSettings	Axe_Item	CasingChestplate_Item	1	
e31919870664443599e228448080315b	.Necron_Deathmark_Exhibition_DLC3_NoReanimation					NewNecronArmy	Mobs	NecronDeathmark_Brain		NecronDeathmark_VisualSettings	NecronDeathmarkRanged_Exhibition_Item,NecronDeathmarkRanged_Epitaph_Item,NecronDeathmarkRange_Weapon		3	NecronDeathmark_Ranged_Epitaph>NecronDeathmark_Prototype
e34a076886644613920d8228d1cb92c0	CronosCTanPainEngine					NewDrukhariArmy	Mobs			DrukhariCronosPainEngine_VisualSettings		GuardFlakChestplate_Item	1	
e35b4ead67baabb40ad952f6df66f48b	CompanionJaePrototype			HumanRace	Jae_Portrait,PlayerAasimarPaladin01_Portrait		Player			CompanionJaePrototype_VisualSettings,Character_VisualSettings	SniperRifle_Item,ChainSword_Item	EnforcerLightCarapace_Item	2	Character
e366ca550caf4bd7ac212b83eac34255	.Latyshev_Level38_Idira_Overseer_ExportedPregen			HumanRace	Idira_Portrait,PlayerAasimarPaladin01_Portrait		Player			CompanionIdiraPrototype_VisualSettings,Character_VisualSettings	StaffOfShockAndAwe_Item,DivinersStaff_Item,Autopistol_Item,Longlas_Item	SlickBodyglove_Item,GuardFlakArmour_Item	3	CompanionIdiraPrototype>Character
e376950f2bbb4ba1a3047ba8a8300da9	BridgeCrewMemberTechnomat2						CutsceneNeutrals			BridgeCrewMemberTechnician_VisualSettings			1	
e38f98ff9dde47218f41abff49223262	NobleInPalace_Stryx				Mutant1_Portrait		CutsceneNeutrals,Mobs			Character_smallWHTest_VisualSettings		GuardFlakChestplate_Item	2	Character_smallWHTest
e3951eac0ca24a88b28ec465a8523bc6	RTNeutralFemale					NewHumanImperiumArmy	CutsceneNeutrals			CharacterFemale_VisualSettings	AntiVechicle_StubRevolver_Item,AutoStriking_PowerSword_Item	PanoplyOfAssassin_Item	1	
e3aa501bf8e24a17b48fe06083bb3c66	TarzusSkitariiActual_Melee					NewHumanAdMechArmy	CutsceneNeutrals	ImmortalSkitariiMelee_Brain		ServitorBaseMale01_VisualSettings	PowerSword_Item		1	
e3c700f3283c44e19d2649e8c29a932e	2Latyshev_Level38_Solomorne_Overseer_ExportedPregen				SolomorneAnthar		Player	SolomorneCompanion_Enemy_Brain		Solomorne_VisualSettings	ShotgunPatternCh4_Item,PowerMaulT2CH4_variation2_Item	VenomChainmail_Item	1	
e3ca8b5078a5491a98d1f40120ff6cc2	BoardedShip_InvisibleKitten_Unit_New						Mobs						1	
e3d95c164f2c4d6a8294e0b985569e03	DeathCultist_Peacefull						CutsceneNeutrals		DeathCultAdept_Melee_CP	GeneCultistMale_VisualSettings	DeathCultSword_Item		1	
e3e1a91c60f646b083a0267abb765873	Footfall_CommonerFemaleFlamer						CutsceneNeutrals		PlebFemale_CP	Footfall_CommonerFemale_VisualSettings	Flamer_Item		1	
e3f55192564d48048c9c3b53152dd1c5	Eufrates_CorruptedTechPriestAxe_unit					NewHumanAdMechArmy	Mobs	Eufrates_TechPriest_brain	CorruptedTechpriest_Normal_CP	CorruptedTechPriestAxe_VisualSettings	ChainSword_Item	GuardFlakArmour_Item	1	
e3f6d3308288445cbc8fd399e9c7304b	ArgentaCompanion_Ch03_Demo				Argenta_Portrait		Player			CompanionArgentaPrototype_VisualSettings	ImperialPride_Bolter_Item,Flamer_Item	TempestusCarapace_Item	1	
e40f1a9a773c4da6bb45edc43f87d855	PossessedRabbleRangedRandomEncounter				BCT_Male_Lowerdecks_Worker_Portrait	NewHumanImperiumArmy,HumanVoidBornArmy	Mobs,CutsceneNeutrals		VoidCrew_CP,Lowlifers_Clan1_CP	RabbleRange_VisualSettings	StubRevolver_Item	ScrapChainmail_Item,GuardFlakArmour_Item	2	RabbleRange
e43e63896d4e409ab666a47e13c20961	MB_FV_Avenger_Officer						CutsceneNeutrals				PlasmaPistol_Item		1	
e446919e9df549b38709550264fa3b68	FeudalWorld_CyberAlpha_Lacerax_Unit					NewCreaturesArmy	Mobs	FW_CAL_Melee_Brain		JungleBeast_VisualSettings	FW_CAL_Claws_Weapon,FW_CAL_BiteJBeast_Weapon,FW_CAL_Paw_Weapon		7	
e457c68be8b641fcba196833eb2cf8c2	DemonHorrorPink_MeleeRanged_UlfarQuest_Ch04					NewDaemonArmy	Mobs	DemonHorrorPink_UlfarQuest_Brain		DemonHorror_VisualSettings	HorrorTalons_UlfarQuest_Item		1	
e459b42d13054f04a3a65caffc382316	InquisitorSoldier						CutsceneNeutrals			Character_smallWHTest_VisualSettings			1	
e45c69ee6e6444669b63ec420dec12d9	ArgentaCompanion_Chapter1_Middle			HumanRace	Argenta_Portrait,PlayerAasimarPaladin01_Portrait		Player			CompanionArgentaPrototype_VisualSettings,Character_VisualSettings	ArgentaStartBolter_Item,LasPistol_Item,Bolter_Item,Flamer_Item	MeshChestplate_Item,EnforcerLightCarapace_Item	3	CompanionArgentaPrototype>Character
e4a0c8bc5e274211a9415e8d73383007	ZanniIncognito				Solitair	NewAeldariArmy	TrueNeutrals	Zanni_Brain		HarlequinMale_VisualSettings	HarlequinsKiss_Item,NocturneShurikenPistol_Item	WychArmour_Item	2	Zanni
e4c0d88033fa4ffc8061e5ba1d74cdc0	6Latyshev_Level38_Cassia_MasterTactician_ExportedPregen			HumanRace	Cassia_Portrait,PlayerAasimarPaladin01_Portrait		Player			CompanionCassiaPrototype_VisualSettings,Character_VisualSettings	RedCrystalStaff,WarpGuideStaff,Longlas_Item,Autopistol_Item	HeadhunterLightCarapace_Item,GuardFlakArmour_Item	3	CompanionCassiaPrototype>Character
e4c1811a4ecf4177af51031bdf1838fb	Footfall_PirateVendor				Rizza_Portrait		CutsceneNeutrals		PlebMale_CP	Footfall_Commoner_VisualSettings			2	Footfall_Commoner
e4d4808bbd6a49dea7dad4ac847bdf70	Guard_Male				BCT_RTPalaceGuard_Male_Portrait,BCT_Human_Male_PalaceGuard1_Portrait	NewHumanImperiumArmy	NeutralGuards,Mobs	RangedSniperBrain	ValantiusSoldier_CP,JanusCorruptedEnforcer_CP	Corrupted_GovernorGuard_VisualSettings	Lasgun_Item,AutogunM40_Item	GuardFlakChestplate_Item,GuardFlakArmour_Item	2	Corrupted_GovernorGuard
e50d8485012847bea7cad4746c24be3f	SoulMark_Chaos_Worker_Male				BCT_HumanM_RebelLeaderBogul_Portrait	NewHumanImperiumArmy	CutsceneNeutrals,Mobs	JungleWorldRebelLeader_Bogul_Brain	ConcealedCultist_CP	JungleWorldRebelLeader_Bogul_VisualSettings	PatternT2ShurikenPistol_Item	GuardFlakArmour_Item	2	JungleWorldRebelLeader_Bogul
e50e9d9e70664cc7a09c9a88c902e680	Quetza-al_WinterscaleVillage				Winterscale_Portrait	NewHumanImperiumArmy	CutsceneNeutrals,HelpingPlayer	Winterscale_Brain		Winterscale_Companion_VisualSettings	Malivolent_PowerAxe_Item,PlasmaPistolT2CH04_Item	HeavyXenoMesh_Item	2	Quetza-al_Winterscale
e52df95b740d4d8d92cd85516be896a3	AchilleasAbdBridgeCrewMemberTechnician						CutsceneNeutrals		Techpriest_CP	BridgeCrewMemberTechnician_VisualSettings	PlasmaRifle_Item		1	
e532c7b5b20d41f9b56802e77b4e4604	VectThrone_Court_Real_Marazhai				Marazhai_Portrait		CutsceneNeutrals			Marazhai_VisualSettings	RipperAutopistol_Item	GuardFlakArmour_Item	1	
e5375f82090b46cc9feb15853feee62f	Pasqal_50_HardlightLab_ExportedPregen			HumanRace	Pascal_Portrait,PlayerAasimarPaladin01_Portrait		Player			CompanionPascalPrototype_VisualSettings,Character_VisualSettings	OmnissiahAxeCH04Unique_Item,PlasmaRifleCH4Unique_Item,OmnissiahAxe_Item,PlasmaRifle_Item	SkitariiRangerArmour_Item,EnforcerCarapace_Item,GuardFlakArmour_Item	4	PascalCompanion>CompanionPascalPrototype>Character
e55cb46dc2c249e0ab235fafeb4ca4d2	SurvivorCamp_NPC_Common					NewHumanImperiumArmy	CutsceneNeutrals	TreasureWorld_Arbites_ShieldNShotgun_Brain	ZarkovianSoldierWild_CP	0Zarkov_Civilian_SurvivorCamp_VisualSettings_Male	ArbitesFoehammer_Item	ArbitesHeavyArmourCommon_Item	1	
e58f4601b2a64097ad3ce8282635d56f	NPC_ShipCrewKTC						CutsceneNeutrals		VoidCrew_CP	Footfall_ShipCrew_VisualSettings	Lasgun_Item	GuardFlakChestplate_Item	2	Footfall_ShipCrew
e590aeb66af24ff2aa63041e9b3c424a	PascalCompanion_Ch03_Fake				Pascal_Portrait		Player			CompanionPascalPrototype_VisualSettings	HandOfXenocide_OmnissiahAxe_Item,Cooler_PlasmaRifle_Item	FireproofCarapace_Item	1	
e5b55ecd59794f5badf45a76b4117fcf	Footfall_Octaviana						CutsceneNeutrals		PlebMale_CP	Footfall_Commoner_VisualSettings			2	Footfall_Commoner
e5d371196b99469fb77a285626c4a858	MinistorumPriest_Test_ExportedPregen			HumanRace	PlayerAasimarPaladin01_Portrait		Player			Character_VisualSettings	ChainSword_Item,BoltPistol_Item,PowerMaul_Item,FlamerPistolT2CH4_Item		2	Character
e5da182d73e246c4a16d8776428a6a72	PossessedRabbleMeleeRandomEncounter				BCT_Male_Lowerdecks_Worker_Portrait	NewHumanImperiumArmy,HumanVoidBornArmy	Mobs,CutsceneNeutrals		VoidCrew_CP,Lowlifers_Clan1_CP	RabbleMelee_VisualSettings	Knife_Item		2	RabbleMelee
e5ebfc1954e24d3a946906538cb1f339	MadTechPriest_FinalRoom				Mechanicus1_Portrait	NewHumanAdMechArmy	CutsceneNeutrals,Mobs		Techpriest_CP	CorruptedTechPriestMelee_VisualSettings	ChainSword_Item	GuardFlakChestplate_Item	2	MadTechPriest_melee
e5f719a8ad6949e782f23f62fb0e2606	InquisitorSniper_Ranged_Boarding					NewHumanWarpNullArmy	CutsceneNeutrals	InquisitorSniper_Boarding_Brain		BridgeCrewMemberNavy_VisualSettings	SniperRifleT2CH4_Item	GuardFlakChestplate4_Item	1	
e60cfb01204d445f8fcb73af08b7f44f	MB_Serf_Speaker_2						CutsceneNeutrals						1	
e6528ebd7dea47e3a3c930b0b4dbcac7	Footfall_HoboDiogen						CutsceneNeutrals		HoboMale_CP	Footfall_Hobo_VisualSettings	Knife_Item		2	Footfall_Hobo
e6532d86eb2d4c0babcaf68cfd0c746c	ImperialMale_Gladiator					HumanDeathWorldArmy	CutsceneNeutrals		Resistant_CP	Gladiator_VisualSettings	AutogunM40_Item	GuardFlakArmour_Item	1	
e6591d48a9f14f31823114d7ed501036	LT_Preacher						CutsceneNeutrals			BridgeCrewMemberTechnician_VisualSettings	LasPistol_Item		1	
e65970e6a22548a98a2a6d4690cf5981	3AbelardCompanion_Level19_HarmonParty_ExportedPregen			HumanRace	Abeliard_Portrait,PlayerAasimarPaladin01_Portrait		Player			CompanionAbelardPrototype_VisualSettings,Character_VisualSettings	PowerMaul_Item,Melta_Item	HeavyEnforcerCarapace_Item,EnforcerLightCarapace_Item	3	CompanionAbelardPrototype>Character
e6891fb59d9b4016b6fb827983340d5e	BoardedShip_Pirate_Gunner_Swarm_Unit					NewHumanBanditsArmy	Mobs	BoardedShip_Range_Brain	WeakPirate1_CP	FootfallPirate_VisualSettings	AutogunT2CH1_Item	ArmoredBodyglove2_Item	1	
e68b893af29c48329e35d00b02d5a792	6Latyshev_Kibellah_Exec_Augments_Level25_ExportedPregen			HumanRace	Kibellah_NoMask_Portrait,Argenta_Portrait,PlayerAasimarPaladin01_Portrait		Player			Kibellah_VisualSettings,CompanionArgentaPrototype_VisualSettings,Character_VisualSettings	NobleSword_Item,SwordT2CH01_Item,SerratedGreatSword_Item,Bolter_Item	DeathCultArmour_Item,EnforcerLightCarapace_Item	3	CompanionArgentaPrototype>Character
e68d6db028a041a5baf78298ec596919	DrukhariWych_BeastmasterBaseSiege					NewDrukhariArmy	Mobs	Drukhari_Beastmaster_Brain		DrukhariWych_BeastmasterBase_VisualSettings	SplinterPistol_Item	KabaliteArmourT2_Item	1	
e6901801948e4d6dadcb18748ea151cb	PDSparkWoman					NewHumanImperiumArmy	HelpingPlayer	Officer_Brain	ValantiusSoldier_CP	BridgeCrewMemberNavyFemale_VisualSettings,BridgeCrewMemberGuard_VisualSettings	ShockBaton_Item,LasgunUnlootable_Item		4	TalkerPDChambers>EnforcerPDChambers>OfficersDeckGuard
e6a25972f64d481babe0edb91198c9a6	PascalCompanion_StarportNPC			HumanRace	Pascal_Portrait,PlayerAasimarPaladin01_Portrait	NewHumanImperiumArmy	HelpingPlayer,Player			CompanionPascalPrototype_VisualSettings,Character_VisualSettings	OmnissiahAxe_Item,PlasmaRifle_Item,Autogun_Item	HolyVestment_Item,EnforcerCarapace_Item,GuardFlakArmour_Item	4	PascalCompanion>CompanionPascalPrototype>Character
e6a359c657df4f23b395e004fbfae257	GuardLeader				BCT_Female_Lowerdecks_Officer_Portrait	NewHumanImperiumArmy	HelpingPlayer			GuardLeader_VisualSettings	AutogunM40_Item	GuardFlakArmour_Item	1	
e6d3fdf31e7e4a3db72fe1b78aa093d5	Baku_Abelar_34lvl_ExportedPregen			HumanRace	Abeliard_Portrait,PlayerAasimarPaladin01_Portrait		Player			CompanionAbelardPrototype_VisualSettings,Character_VisualSettings	AnverChainSword_Item,CombatShotgun_Item,PowerMaul_Item,Melta_Item	TempestusCarapace_Item,EnforcerLightCarapace_Item	3	CompanionAbelardPrototype>Character
e6ec2cda1f50411ca39865e67ec97a4c	LT_SickEnforcer						CutsceneNeutrals			BridgeCrewMemberGuard_VisualSettings	ChainSword_Item,LasPistol_Item		1	
e6f9542b5a8e4ccdbb5dcc86c88f9c5f	NecronImmortal_MeleeRanged_CrashedShip					NewNecronArmy	Mobs	NecronImmortal_CrashedShip_Brain		NecronImmortal_VisualSettings	NecronImmortalRange_Weapon,NecronImmortalMelee_Weapon		2	
e7092fd546884a5cb140fcd1d8ac9d07	JungleBeastTheodorasPet				GardenWorldBeast_Portrait	NewCreaturesArmy	Mobs	JungleBeastCommonPetBrain		JungleBeast_VisualSettings	ClawsJBeastComWeapon,BiteJBeastComWeapon		2	JungleBeastPrototype
e748239cd5614131abb3e38ebcb56e36	Footfall_FreakshowFakeEldar02				RoleSpecialist1_Portrait	NewHumanBanditsArmy	CutsceneNeutrals,Mobs			Lair3RebelLeader_VisualSettings	Hellgun_Item	RadiantChestplate_Item	2	Lair3RebelLeader
e74ce0f2a5d246079358debabae334d6	ShipServicemanMutantFast_Melee_Common					NewHumanImperiumArmy	Mobs	ShipServicemanMutantFastBrain	Mutant_Voidcrew_CP	ShipServicemanMutantFast_VisualSettings	Sword_Item	ArmoredBodyglove_Item	1	
e74f8ebb12e848b9a29e71acca4c2022	VC_CardinalWitness_male						CutsceneNeutrals			Footfall_Worker_VisualSettings			1	
e7516cec195449a8af19629dd5a0209f	LT_Chaos_Healer_Unique						CutsceneNeutrals			Footfall_Worker_VisualSettings			1	
e78275cf63c243f3b137861bdfe82965	CrownWorldHarlequin_StormPlayer					NewAeldariArmy	CutsceneNeutrals	StormPlayer_Ranged_Brain		HarlequinMale_VisualSettings	HarlequinsKiss_Item,ShurikenPistolT2CH04_Item	EldarHarlequinArmour_Item	1	
e7889bbe9688414d91a77aaa866fb8d2	MerValanciusSolderNoArmor				JungleWorldRebel_Portrait	NewHumanImperiumArmy,HumanFortressBornArmy	TrueNeutrals,CutsceneNeutrals	RangedPositionalBaseBrain	MerovianSoldierWithoutArmour_CP,ValantiusSoldier_CP	RogueTraderGuardPeaceful_VisualSettings	Lasgun_Item	GuardFlakArmour_Item	2	RogueTraderGuardPeaceful
e7a2f2795a324b1eaefb96c9ca0adf55	Kalckasar				Xavier_Portrait		CutsceneNeutrals			Character_smallWHTest_VisualSettings			2	Inquisitor
e7aea85c665d4a6d9afc3f7bd0e9346a	AbelardCompanion_1lvl			HumanRace	Abeliard_Portrait,PlayerAasimarPaladin01_Portrait		Player			CompanionAbelardPrototype_VisualSettings,Character_VisualSettings	ChainSword_Item,PowerMaul_Item,Melta_Item	HeavyEnforcerCarapace_Item,EnforcerLightCarapace_Item	3	CompanionAbelardPrototype>Character
e80ebacc1a204f3f818e2bafe933439e	2AbelardCompanion_Level27_CyrusParty_ExportedPregen			HumanRace	Abeliard_Portrait,PlayerAasimarPaladin01_Portrait		Player			CompanionAbelardPrototype_VisualSettings,Character_VisualSettings	PowerMaul_Item,Melta_Item	RadiantChestplate_Item,EnforcerLightCarapace_Item	3	CompanionAbelardPrototype>Character
e8237ec331214eac8251661293e7796b	HeretekMagi				BCT_Human_Male_HeretekMagi_Portrait	NewHumanAdMechArmy	Mobs	MagosCommon_ScrapCodeMeleeProtocols_Brain	CorruptedTechpriest_Normal_CP	HeretekMagi_VisualSettings	ArcRifleT1CH2_Item	ForgeArmour_Item	1	
e82a5796096c43a7873700e57e5493b6	SisterOfBattleCutscene				JungleWorldRebel_Portrait	NewHumanImperiumArmy,HumanFortressBornArmy	Friends,CutsceneNeutrals	RangedPositionalBaseBrain	ValantiusSoldier_CP	RogueTraderGuardPeaceful_VisualSettings	FlamerCutscene_Item,Lasgun_Item	GuardFlakArmour_Unlootable_Item,GuardFlakArmour_Item	2	RogueTraderGuardPeaceful
e87643d7bf26431eb964f6ff7eb3e2e5	HeraldOfTzeentch_RandomEncounter					NewDaemonArmy	Mobs	HeraldOfTzeentch_Brain		DemonHeraldOfTzeentch_VisualSettings1	TalonedHands_Item		1	
e8842c4183214a89b4a1fea60be0b486	SideQuestSwindlerClerk1				BCT_Human_Male_Cultist4_Portrait	NewHumanBanditsArmy	CutsceneNeutrals	SideQuestSwindlerClerk_Brain		SideQuestSwindlerClerk1_VisualSettings	Autopistol_Item	ArmoredBodyglove_Item	1	
e89fa151e494400593770bcd29beb980	Plaguebearer					NewDaemonArmy	Mobs	PlaguebearerBrawler_BaseBrain		Plaguebearer_VisualSettings	Plaguesword_Item		1	
e8bad66a38da4039b2f08958c1b7463b	DrukhariProselyte_Ranged_Portals_Elite				BCT_DrukhariWych_Female_Hekatrix_Portrait	NewDrukhariArmy	Mobs	DrukhariWych_BaseBrain	ArenaWyches_CP	DrukhariWych_VisualSettings	HekatariiBloodthirstBlade_Item,SplinterPistolKabalite_Item	WychArmour_Item	1	
e8dd6a6459cd40868e045af5526c0cb9	ScrappedTechpriest				Mutant1_Portrait		CutsceneNeutrals			Character_smallWHTest_VisualSettings			1	
e8df61101c444b42a0eef4cb3fe7f5c8	Q2_ElderBrother						CutsceneNeutrals			BridgeCrewMemberNavy_VisualSettings	NeedlePistol_Item		1	
e8f97aa2d76a42659dc2149cd44001ed	FootfallSuspiciousType					NewHumanBanditsArmy	CutsceneNeutrals,Mobs	RangedRushBaseBrain	Bandit_Common_CP,Anver_Common_CP	FootfallBandit_VisualSettings	ScrappyAutopistol_Item,Axe_Item,Autopistol_Item,ChainSword_Item		2	FootfallAnver_MeleeRanged_Swarm
e907d221f28f49f897d6a9fceb8dbbd7	JailPlanetoidArturGuardM					NewHumanImperiumArmy	NeutralGuards	EnforcerShooter_Brain		FootfallBandit_VisualSettings	Lasgun_Item	FlakVest1_Item	1	
e928a986e391435896e355bed4414686	LT_EnforcerGuard						CutsceneNeutrals		ValantiusSoldier_CP	BridgeCrewMemberGuard_VisualSettings	ShockBaton_Item,LasPistol_Item	GuardFlakChestplate_Item	1	
e94f017c9887457d88966f259459eea4	NecronLokhustHeavyDestroyer_Prototype				DarkMechanicus_Portrait	NewNecronArmy	Mobs	NecronLokhustHeavyDestroyer_Default_Brain		NecronLokhustHeavyDestroyer_VisualSettings	GaussGun_Weapon		1	
e95674bf2ca246659c14569d7f3b2438	VC2_Mercenary5Epsilon					NewHumanImperiumArmy	CutsceneNeutrals	VC2_Mercenary5Epsylon_Brain		VC2_MercenaryMale_VisualSetting	HellgunT2CH04_LowerDamage_Unlootable,PowerMaulT2CH4_Item_Unlootable	-ArmoredBodyglove2_BoardedShip_Unlootable_Item	1	
e9578fc500a54882b2aece0ee8a16c66	GenestealerGenestealer_Melee_VoidshipBridge					NewGenestealersCultArmy	Mobs	1GenestealerGenestealer_Melee_VoidshipBridge_brain		Genestealer_VisualSettings	GenestealerScythingClawsCh04_VoidshipBridge		1	
e971377e5ec546d7bc3620e62ba728f6	LT_Beggar_Follower					NewHumanBanditsArmy	CutsceneNeutrals		LT_Beggar_CP	Footfall_Worker_VisualSettings			1	
e9775d1c05634544b38031d481b0effa	SolomorneSquad_Bryce_Back			HumanRace	ArbitratorBryce,PlayerAasimarPaladin01_Portrait		CutsceneNeutrals,Player			Character_VisualSettings	5Arbites_ShotPistol_BoardedShip_Unlootable_Item_CutScn,StubRevolverSingleShot_Item	2Arbites_StandartArmour_BoardedShip_Unlootable_Item	3	StartGame_Player_Unit>Character
e97a00eca63242418d5016683717467e	MutatedNobleMelee_Neutral				BCT_Human_Male_IntoxicatedNoble_Portrait	NewHumanImperiumArmy	Mobs	MutatedNobleMeleeBrain	JanusNoble_Corrupted_CP	MutatedNobleMelee_VisualSettings	Knife_Item	ArmoredBodyglove_Item	2	MutatedNobleMelee
e9939cbec2bb431fa36207ff0c35af6b	Psyker_Bakula_38LvL_ExportedPregen			HumanRace	PlayerAasimarPaladin01_Portrait		Player			Character_VisualSettings	StaffOfBlood_Item,ForceSword_Item,StubRevolverSingleShot_Item	RadiantChestplate_Item	3	StartGame_Player_Unit>Character
e9af5b5f3c794033898c9010c07daa7c	GenestealerAcolyteHybridPowerPick_MeleeRanged_VoidshipBridge					NewGenestealersCultArmy	Mobs	BGenestealerAcolyteHybridPowerPick_MeleeRanged_VoidshipBridge_brain	GenestealerAcolyte3PowerPick_MeleeRanged_CP	Acolyte_v1_VisualSettings	PowerPickT1CH4_Item,AutopistolAcolyteCH04_Item,PowerPickAcolyteCH04_Item	ArmoredBodyglove4_Item	1	
e9af89fa459942d6804b9556a3754bee	Ch04Vladaym_PirateXenoRangeGuard_unit				JungleWorldRebelOfficerMelee_Portrait	NewHumanImperiumArmy	Mobs	Ch04_RangeGuard_Brain	VladaymEnforcer_CP	JungleWorldRebelMeleeTough_VisualSettings	ShurikenCatapult_Item	Chainmail_Item	1	
e9b8dce1f94e4c338b99446380d311a7	ArgentaEvent_Orphan_Official						CutsceneNeutrals		Orphans_Official_CP	Footfall_Worker_VisualSettings		GuardFlakChestplate_Item	1	
e9cd6d2e5a3e480997052afa454124d7	IdiraCompanion_lvl38_treasureworld_PetRaven_ExportedPregen			HumanRace	Idira_Portrait,PlayerAasimarPaladin01_Portrait		Player			CompanionIdiraPrototype_VisualSettings,Character_VisualSettings	ChargedStaffItem,WraithBoneStaff_Item,Autopistol_Item,Longlas_Item	HeadhunterLightCarapace_Item,GuardFlakArmour_Item	3	CompanionIdiraPrototype>Character
e9dda2e85dcd4c5981213fe878efe4a0	FootfallAnver_MeleeRanged_Common					NewHumanBanditsArmy	Mobs	RangedCloseBaseBrain	Anver_Plated_CP	FootfallBandit_VisualSettings	Shotgun_Item,AxeT2_Item	Chainmail_Item	1	
e9f479432c904637981172c997b82a46	Footfall_Servant				JungleWorldRebel_Portrait		CutsceneNeutrals		Pleb_CP	Footfall_Servant_VisualSettings			1	
ea2bae2a316f4426b9a9442695b9d44f	CultistPirate_Ranged_OfficersDeck				JungleWorldRebel_Portrait		CutsceneNeutrals	CultistRanged_Argenta_Brain	Cultist_Unarmored_CP	JungleWorldRebel_VisualSettings	ScrappyAutogun_Item		1	
ea2bec0ceafa4d0c8c504831dc2cb0eb	VC_CourtPriest						CutsceneNeutrals			Footfall_PiligrimPriest_VisualSettings			1	
ea2f2bffe0bc4659bed5727937dc3675	InquisitionMob				Mutant1_Portrait	HumanForgeWorldArmy	CutsceneNeutrals			CorruptedMagus_VisualSettings	Flamer_Item	CasingChestplate_Item	1	
ea3a40dbd7d14de7a50c4466195daeff	HarlequinZanni_Companion				Solitair	NewAeldariArmy	TrueNeutrals	Zanni_Brain		HarlequinMale_VisualSettings	DrukhariPowerSword_Item,NocturneShurikenPistol_Item,HarlequinsKiss_Item	WychArmour_Item	2	Zanni
ea3f3a4f80d14acda3cc1e4558319ca8	ElectropriestPeaceful				Mutant1_Portrait		CutsceneNeutrals,Mobs			ElectropriestNinja_VisualSettings,Character_smallWHTest_VisualSettings			2	Character_smallWHTest
ea43f08addde4d909a84aa414c137dd6	JaeRomanceServitor						CutsceneNeutrals			ServitorBaseFemale01_VisualSettings			1	
ea74a746008a4bb29f54cf8fcebcd408	VC_ZealotWitness_female						CutsceneNeutrals			Footfall_Worker_VisualSettings			1	
eaa25fb65f4448718c5a98e2dc2236a5	PlayerRT_Level7_EtelParty_ExportedPregen			HumanRace	PlayerAasimarPaladin01_Portrait		Player			Character_VisualSettings	Longlas_Item,LasPistol_Item,Axe_Item	GuardFlakArmour_Item	2	Character
eac9f9b9a24e47278b406c44db914646	Tech_BoardedShip_Bridge1					NewMachineArmy	TrueNeutrals			Tech_BoardedShip_VisualSettings			9	
eacfbdc3460141ea990dc44d9c29c07f	OP_Commoner						CutsceneNeutrals		LT_Beggar_CP	Footfall_Worker_VisualSettings	HeavyBolterChaos_Item		1	
eae51f85845c442fa86d7beb85147f7e	TreasureWorld_Ambull					NewCreaturesArmy	CutsceneNeutrals	TreasureWorld_Ambull_Brain		AmbullMini_VisualSettings	TreasureWorld_Ambull_Claw		5	
eae6f73f18f34465a2321635238298af	Servitor_FWSH					NewHumanAdMechArmy	Mobs	RushBaseBrain		ServitorBaseMale01_VisualSettings	PincersServitorWeapon		1	
eae99939fa904c4eb9749cfd10d7d773	DrukhariKabaliteBlademaster				BCT_DrukhariKabalite_Male_Fighter01_Portrait	NewDrukhariArmy	Mobs	RushBaseBrain	Blademaster_CP	DrukhariKabaliteBlademaster_VisualSettings	VenomBladeT2CH04_Item	KabaliteArmourT2_Item	1	
eb14a9dfa72d45fc8fc7e9cce5af85a6	RE_DemonTransform_Zealot				BCT_FreakshowMutant01_Portrait	NewHumanImperiumArmy	Mobs			RE_DemonTransform_Zealot_VisualSettings		CasingChestplate_Item	1	
eb3658cb38f6438c855b69ef9362e0c6	presset_RT_Eagle_ExportedPregen			HumanRace	PlayerAasimarPaladin01_Portrait		Player			Character_VisualSettings	StaffofEndlessFlame_Item,PyromancersStaff_Item	XenoCeramiteChestplate_Item	2	Character
eb374e413c2e4f34a964d306e33d9448	KhorneBloodletterSoulbindRandomEncounter					NewDaemonArmy	Mobs	KhorneBloodletter_Basic_Brain		KhorneBloodletter_VisualSettings	KhorneBloodletterSword_Weapon		2	KhorneBloodletter
eb4019fc66fd443aae10abcd7b46bae4	FakeIdira				Idira_Portrait	NewHumanImperiumArmy	HelpingPlayer	TheodoraTutorial_Brain		CompanionIdiraPrototype_VisualSettings	PlasmaPistol_Item,PowerSword_Item		1	
eb49c4ee45424e8f817b109bea6d181a	Amalgam_Fresh						CutsceneNeutrals,Mobs			Character_MeleeWHTest_VisualSettings			3	Character_MeleeWHTest
eb5a3f4364a2445a8dd10d640f3cb494	Bishop				Hieronymus_Portrait,RoleSpecialist1_Portrait	NewHumanBanditsArmy	CutsceneNeutrals,Mobs			Lair3RebelLeader_VisualSettings	Hellgun_Item	ArmoredBodyglove_Item,RadiantChestplate_Item	3	FootfallZandorDrusian>Lair3RebelLeader
eb62398cad1c42d7a363905d4b798b11	Latyshev_Jae_GS_Level34_ExportedPregen			HumanRace	Jae_Portrait,PlayerAasimarPaladin01_Portrait		Player			CompanionJaePrototype_VisualSettings,Character_VisualSettings	ShurikenPistol_Item,BlastPistol_Item,PreciseLasgun_Item,SniperRifle_Item	EnforcerFlakArmourOrigin1_Item,EnforcerLightCarapace_Item	3	CompanionJaePrototype>Character
eb6b73ae8a5248aaaa57e7721ad68c12	zin_22_AbelardCompanion_ExportedPregen			HumanRace	Abeliard_Portrait,PlayerAasimarPaladin01_Portrait		Player			CompanionAbelardPrototype_VisualSettings,Character_VisualSettings	AnverChainSword_Item,FlamerPistolT1CH2_Item,Melta_Item,PowerMaul_Item	EnforcerFlakArmourOrigin1_Item,EnforcerLightCarapace_Item	3	CompanionAbelardPrototype>Character
eb753272532f45a3ab681130efa3cc38	RT_Copy					NewGenestealersCultArmy	Mobs	BGenestealerAcolyteHybridPowerPick_MeleeRanged_VoidshipBridge_brain		FootfallBandit_VisualSettings	BoltPistolT2CH04_Item,PowerPickT1CH4_Item		1	
eb782cef61ca413c8047a58ffe8e794d	OurCrewTechPriest				Mechanicus1_Portrait		CutsceneNeutrals			OurCrewTechPriest_VisualSettings	OmnissiahAxe_Item,Mechadendrite_BoltPistol_Item	GuardFlakArmour_Item	1	
eb7c6b588a13479c8359bd0b6bf9ddaa	5ArgentaCompanion_Level25_MikandraParty_ExportedPregen			HumanRace	Argenta_Portrait,PlayerAasimarPaladin01_Portrait		Player			CompanionArgentaPrototype_VisualSettings,Character_VisualSettings	ImperialPride_Bolter_Item,Webber_CH02_VoidshipCrypt_UnlootableItem,Bolter_Item,Flamer_Item	Synskin_Item,EnforcerLightCarapace_Item	3	CompanionArgentaPrototype>Character
eb8ae7dc04024044a0edec2b6c2dc512	SolomorneSquad_Clayton_Back			HumanRace	ArbitratorClayton,PlayerAasimarPaladin01_Portrait		CutsceneNeutrals,Player			Character_VisualSettings	7Arbites_HeavyStubber_BoardedShip_Unlootable_Item_CutScn,StubRevolverSingleShot_Item	2Arbites_StandartArmour_BoardedShip_Unlootable_Item	3	StartGame_Player_Unit>Character
eba48b02e6b342d9abd3d9e16f36ae7f	FriendlySpacewolfMarine_Melta			SpaceMarineStandardRace	Spacemarine1_Portrait		CutsceneNeutrals			LoyalSpaceMarine_VisualSettings	MultiMelta_LongRangeCutsene		1	
ebaad0a2ca8612647bb53fd28d18fa51	CompanionHeinrixPrototype			HumanRace	Heinrix_Portrait,PlayerAasimarPaladin01_Portrait		Player			CompanionHeinrixPrototype_VisualSettings,Character_VisualSettings	ForceSword_Item,Shotgun_Item	GuardFlakArmour_Item	2	Character
ebabe1a17f5749239c71f30854cc3000	HeindrixDie				Mutant1_Portrait		CutsceneNeutrals,Mobs			Character_smallWHTest_VisualSettings			2	Character_smallWHTest
ebb2bfce0ef24a5881c703565876412b	PlayerRTLeader_4lvl			HumanRace	RogueTraderMaleCommissaryPortrait,PlayerAasimarPaladin01_Portrait		Player			Character_VisualSettings	StubRevolver_Item,Sword_Item	GuardFlakChestplate_Item	5	Character
ebc12a460b2c4f8eb4b51aed3de71063	RT_lvl38_treasureworld_ExportedPregen			HumanRace	PlayerAasimarPaladin01_Portrait		Player			Character_VisualSettings	StaffofEndlessFlame_Item,ChargedStaffItem	GladiatorsMeshArmour_Item	2	Character
ebc1b1789bf24c08986dac1859cb4a71	ServoSkull_Patroling					HumanForgeWorldArmy	CutsceneNeutrals			ServoSkull_VisualSettings			1	
ebc28988fe944240a7f83330e9876075	Lair3RebelRanged					NewHumanBanditsArmy	Mobs		PirateArmor1_CP	Lair3RebelRanged_VisualSettings	Autogun_Item	ArmoredBodyglove_Item	1	
ebc8eced694f47a68f15ca0c40594b4f	CrownWorldHarlequinLeader				BCT_Eldar_Male_Guardian2_Portrait	NewAeldariArmy	CutsceneNeutrals	JungleWorldEldarRange_Brain		HarlequinMale_VisualSettings	ShurikenCatapult_Item	EldarRangerArmour_Item	1	
ebce2e0a5f0b40d4b1a232e07c5e368b	TaintedStreets_Arbites_CutSc_Shield_NPC					NewHumanImperiumArmy	CutsceneNeutrals	TreasureWorld_Arbites_PetMaster_Brain	ArbitesTrooper_CP	Arbites_Male_VisualSettings	.Arbites_ShotPistol_BoardedShip_Unlootable_Item	ArmoredBodyglove4_Item	1	
ebee806ba71e41079814c35366adbbd5	NecronDeathmark_Ranged_Lair3					NewNecronArmy	Mobs	NecronDeathmark_Brain		NecronDeathmark_VisualSettings	NecronDeathmarkRanged_Epitaph_Item,NecronDeathmarkRange_Weapon		2	NecronDeathmark_Prototype
ec07cd0ffa534f7581dbd8681e62c42d	AdministratumOldNobleLady				JungleWorldRebel_Portrait		CutsceneNeutrals			Servant_VisualSettings			1	
ec157de11efa40edb39bae0e6f05e30d	FW_GossipingCommoner2						CutsceneNeutrals			Footfall_Commoner_VisualSettings			1	
ec2f50cc1d01479aac3b87ab0d3a14e3	AbelardCompanion_Ch02_Lategame			HumanRace	Abeliard_Portrait,PlayerAasimarPaladin01_Portrait		Player			CompanionAbelardPrototype_VisualSettings,Character_VisualSettings	RoaringThunder_ThunderHammer_Item,MeltaUltima_Item,PowerMaul_Item,Melta_Item	TempestusCarapace_Item,HeavyEnforcerCarapace_Item,EnforcerLightCarapace_Item	4	AbelardCompanion>CompanionAbelardPrototype>Character
ec46180426ce4e59953ce734d22e4e15	PasqalCompanionOverseer_Level38			HumanRace	Pascal_Portrait,PlayerAasimarPaladin01_Portrait		Player			CompanionPascalPrototype_VisualSettings,Character_VisualSettings	AOO_OmnissiahAxe_Item,PlasmaRifleT2CH4_Item,OmnissiahAxe_Item,PlasmaRifle_Item	CommissarFlakBreastplate_Item,EnforcerCarapace_Item,GuardFlakArmour_Item	5	2PasqalCompanion_lvl38_treasureworld_ExportedPregen>PascalCompanion>CompanionPascalPrototype>Character
ec48574a719a4a8d82bb6863927e11c6	BoardedShip_OfficerRange_Elite					NewHumanImperiumArmy	Mobs	BoardedShip_OfficerRange_Brain		FootfallBanditHeavy_VisualSettings	BoardedShip_OfficerRange_AutoCannon_Item	GuardFlakArmour_Item	1	
ec4cd33c79db4d1bbba15c26afa818ff	HorrorOfTzeentchBlue_RandomEncounter_Uralon				HorrorOfTzeentch_Blue_v01_Portrait	NewDaemonArmy	HelpingPlayer	RE_HorrorOfTzeentchBlueMelee_Brain		DemonHorror_Blue_VisualSettings	TalonedHands_Item		1	
ec5fe9da33f141faa6b0ba77a89c336d	Plaguebearer_MeleeRanged_UlfarQuest					NewDaemonArmy	Mobs	Plaguebearer_UlfarQuest_Brain		Plaguebearer_VisualSettings	PlaguebearerPlaguesword_UlfarQuest_Item		1	
ec6396d67b0f44a6b3b8dedb54b1d5ce	HL_KriegHorse			HumanRace			Neutrals						1	
ec6e4ba3508e490894a747b6fb156a13	Arbitres					NewHumanBanditsArmy	CutsceneNeutrals	RangedCloseBaseBrain	ArbitesTrooper12_CP		Arbites_Shotgun_BoardedShip_Unlootable_Item		1	
ec6fbca7463b4be7b969eaa96bc2996d	ChapelSerf						CutsceneNeutrals		ChapelSerf_CP				1	
ec79a2ed326243039d3ad8d9fab54b1e	SC_DW_Beast_Tail_2					NewBeastLimpArmy	Mobs	SC_DW_Beast_Tail_Brain,SC_DW_Beast_Tail_Brain_React		DW_Beast_Tail_VisualSettings			2	SC_DW_Beast_Tail_1
ec7f34b2ef6d4624af3e5024f4fc8e6e	ArgentaCompanion			HumanRace	Argenta_Portrait,PlayerAasimarPaladin01_Portrait		Player			CompanionArgentaPrototype_VisualSettings,Character_VisualSettings	Bolter_Item,Flamer_Item	EnforcerLightCarapace_Item	3	CompanionArgentaPrototype>Character
ec806e8d02034da9827421f6cd04380c	CassiaCompanion_Ch02_TrueStart			HumanRace	Cassia_Portrait,PlayerAasimarPaladin01_Portrait		Player			CompanionCassiaPrototype_VisualSettings,Character_VisualSettings	StaffOfOrsellioGuardian,Autopistol_Item,LasPistol_Item,Longlas_Item	Synskin_Item,GuardFlakArmour_Item	3	CompanionCassiaPrototype>Character
ec83bd5aba0549558218d4e4cdd90991	Footfall_FreakshowFakeEldar				RoleSpecialist1_Portrait	NewHumanBanditsArmy	CutsceneNeutrals,Mobs			Lair3RebelLeader_VisualSettings	Hellgun_Item	RadiantChestplate_Item	2	Lair3RebelLeader
ecb5ba0909744661b3cfa0fbbfd47701	DrukhariWych_Dargonus_Range_Cutscene				BCT_DrukhariWych_Male_Hekatrix01_Portrait	NewDrukhariArmy	Mobs	DrukhariWychRange_Brain	RTWyches_CP	DrukhariWychGunslinger_VisualSettings	SplinterPistol_Item,PoisonedHekatariiBlade_Item	WychArmour_Item	2	DrukhariWych_Dargonus_Range
ecd190403efe42d484ba6dde0bb21d79	LT_Beggar_Neutral_Encounter						CutsceneNeutrals		LT_Beggar_CP	Footfall_Worker_VisualSettings			1	
ecd81f6a02ee4c69834543f6fe21b4bf	TaintedStreetsRebelMelee				JungleWorldRebelOfficerMelee_Portrait	NewHumanImperiumArmy	Mobs	TaintedStreetsRebelMelee_Brain	RaycadRebel_Normal_CP	JungleWorldRebelMeleeTough_VisualSettings	ShockBaton_Item	ArmoredBodyglove_Item	1	
ecf0194372a94ea98fc07934f8dfd49b	LargeIceDestroyable_Unit_9						Mobs,CutsceneNeutrals			1TreasureWorld_ContainerAnchorPoint_VisualSettings			12	
ecf38399a49343d19f5814885e019f8d	Footfall_Refugee				BCT_Footfall_Male_Commoner02_Portrait		CutsceneNeutrals		Refugee_CP,PlebMale_CP	Footfall_AngryCommonerMelee_VisualSettings	Knife_Item		2	Footfall_AngryCommonerMelee
ecf735f591d04747b0e26abacb73c616	HarlequinZanni				Solitair	NewAeldariArmy	TrueNeutrals	Zanni_Brain		HarlequinMale_VisualSettings	DrukhariPowerSword_Item,NocturneShurikenPistol_Item,HarlequinsKiss_Item	WychArmour_Item	2	Zanni
ed1c11c384b94d90a10d5b0fe834231f	SeberianVonValanciusForLastScene				SeberianBionics	NewHumanImperiumArmy	HelpingPlayer	Ancestor_MeleeRanged_Brain		OurCrewGuard_VisualSettings	HellPistolT2CH04_Unlootable_Item,InfernoPistolT2CH04_Item,AeldariForceSword_Item		2	Ancestor_MeleeRanged
ed2b8aad4a3e49099f7d90e5ccd15b5a	Footfall_HoboFemale						CutsceneNeutrals		HoboFemale_CP	Footfall_Hobo_VisualSettings	Knife_Item		1	
ed30cb4cc6f142c2a9e4292a2bb5535a	Sayonara_39lvl_Idira_ExportedPregen			HumanRace	Idira_Portrait,PlayerAasimarPaladin01_Portrait		Player			CompanionIdiraPrototype_VisualSettings,Character_VisualSettings	ChargedStaffItem,StaffofEndlessFlame_Item,Autopistol_Item,Longlas_Item	PirateChainmail_Item,GuardFlakArmour_Item	3	CompanionIdiraPrototype>Character
ed31a48e202844ebb9de5d017354f066	TaintedStreets_VIP_Combat_NPC_Cybermastiff					NewCreaturesArmy	HelpingPlayer	TreasureWorld_ArbitesCybermastiff_Brain			TreasureWorld_ArbitesCybermastiff_Bite_Item		1	
ed37ceec7dcf4c1abd28b086eca282c2	DrivestemSolder				JungleWorldRebel_Portrait	NewHumanImperiumArmy,HumanFortressBornArmy	Friends,CutsceneNeutrals	RangedPositionalBaseBrain	DrivestemSoldier_CP,ValantiusSoldier_CP	RogueTraderGuardPeaceful_VisualSettings	LasgunUnlootable_Item,Lasgun_Item	GuardFlakArmour_Unlootable_Item,GuardFlakArmour_Item	1	RogueTraderGuardPeaceful
ed417e217fa44d56ac6a17466d1ced8b	VC_LordMollesJr_male						CutsceneNeutrals			Footfall_Worker_VisualSettings			1	
ed436bcb4d53491986e7d0cc890b0d68	OccludingSphere_Ranged_BlackShip						Mobs	OccludingSphere_BlackShip_Brain		OccludingSphereDraft_VisualSettings			1	
ed54c648d02f4300b6eacf2ab2c39fbf	CorruptedSkitariiSwarm_Ranged_ForgeHeart					NewHumanAdMechArmy	Mobs	RangedPositionalBaseBrain		CorruptedSkitari_VisualSettings	SniperRifleT2_Item		1	
ed569bc194594e0fa544febd926b1b58	8CassiaCompanion_Level25_MikandraPartyTrue_ExportedPregen			HumanRace	Cassia_Portrait,PlayerAasimarPaladin01_Portrait		Player			CompanionCassiaPrototype_VisualSettings,Character_VisualSettings	StaffOfOrsellioRegent,Longlas_Item,Autopistol_Item	ArmoredBodyglove2_Item,GuardFlakArmour_Item	3	CompanionCassiaPrototype>Character
ed573bfdb043477d89fc819f49c10222	NavyBreacher					NewHumanBanditsArmy	CutsceneNeutrals	RangedCloseBaseBrain	NavyBreacherTrooper_CP		BoltPistol_Cutscene		1	
ed81576d3f874fe283d7b74c2b2a5a79	FootfallBanditRingleader					NewHumanBanditsArmy	Mobs	RangedPositionalBaseBrain		FootfallBanditRingleader_VisualSettings	LasgunT1CH02_Item	GuardFlakArmour_Item	1	
ed866976484c49f1a8c826bb7200e261	DrukhariGrotesque_Berserk					NewCreaturesArmy	Mobs	DrukhariGrotesqueBerserk_brain		DrukhariGrotesque_Melee_VisualSettings	DrukhariGrotesqueSword_Item,DrukhariGrotesqueClaw_Item		1	
edb5f57636ab4776b4e2215c34772c10	0Latyshev_Level45_Abelard_Vanguard_ExportedPregen			HumanRace	Abeliard_Portrait,PlayerAasimarPaladin01_Portrait		Player			CompanionAbelardPrototype_VisualSettings,Character_VisualSettings	ProtectorsSword_Item,Eviscerator_Item,PowerMaul_Item,Melta_Item	TempestusCarapaceOrigin2_Item,EnforcerLightCarapace_Item	3	CompanionAbelardPrototype>Character
edbe3d7469e14c2fbe961aa864e448ce	DemonSlaaneshDaemonette4_MarazhaiQ1				Daemonette_Portrait	NewDaemonArmy	Mobs	DemonSlaaneshDaemonette4_MarazhaiQ1_brain		DemonSlaaneshDaemonette_VisualSettings			3	
ee121eba0dd6438eac4980b316b2895f	FW_Horse_Guard				GardenWorldBeast_Portrait	NewCreaturesArmy	Neutrals,Mobs	RushBaseBrain		FW_Horse_VisualSettings,JungleBeast_VisualSettings	ClawsJBeastAlphaWeapon,BiteJBeastComWeapon		2	JungleBeastPrototype
ee1f9ce3686740c0975034a53fe1a406	ArbitresOfficer					NewHumanBanditsArmy	CutsceneNeutrals	RangedCloseBaseBrain	ArbitesOfficer_CP		.Arbites_ShotPistol_BoardedShip_Unlootable_Item		1	
ee80c8427c724baf9a8059ec4b794c6e	FW_Noble						CutsceneNeutrals		FW_Noble_CP	Footfall_Commoner_VisualSettings			1	
ee99af4c3b9d4d1b8e618538e69a562a	Inquisitor_Aishara						CutsceneNeutrals			Footfall_Hobo_VisualSettings			1	
eea3e219079b40c1b34c292217088a86	PenalWorld_WardenLeader_NPC					NewHumanImperiumArmy	CutsceneNeutrals	TreasureWorld_Arbites_PetMaster_Brain			BolterT1_Item	ArmoredBodyglove4_Item	1	
eeaee064bfda4f1a822ce57bc8265412	TechPriest_RTPalace				Mutant1_Portrait		CutsceneNeutrals		Techpriest_CP	Character_smallWHTest_VisualSettings		GuardFlakChestplate_Item	1	
eec4a3ee2992495e9080b6997a0d072d	zin_22_IdiraCompanion_ExportedPregen			HumanRace	Idira_Portrait,PlayerAasimarPaladin01_Portrait		Player			CompanionIdiraPrototype_VisualSettings,Character_VisualSettings	ChargedStaffItem,TelepathsStaff_Item,Autopistol_Item,Longlas_Item	ArmoredBodyglove3_Item,GuardFlakArmour_Item	3	CompanionIdiraPrototype>Character
eef6c21894d74ffd8823ed26af1a0854	KiavaRepresentative_Leader				Mutant1_Portrait		CutsceneNeutrals,Mobs		NobleMale_CP_Correct	Character_smallWHTest_VisualSettings			3	NobleInPalace>Character_smallWHTest
ef18525e03ed4843bcaa74fc61714e40	OfficersDeckGuard2_KibellahQ2KTC					NewHumanImperiumArmy	HelpingPlayer	Officer_Brain	ValantiusSoldier_CP	BridgeCrewMemberGuard_VisualSettings	LasgunUnlootable_Item		1	
ef30cd2a010e4aeb9496af6029976b58	GenestealerMagus_MeleeRanged_VoidshipCrypt					NewGenestealersCultArmy	CutsceneNeutrals	0GenestealerMagus_MeleeRanged_VoidshipCrypt_brain		GeneCultistMale_VisualSettings	3GenestealerMagus_VoidshipCrypt_StaffItem_Unlootable		4	
ef3a6e0349f140828e15c524b85706b8	ElectroPriest_ArcheotechReactor_Melee					NewHumanAdMechArmy	Mobs	ElectroPriest_ArcheotechReactor_Melee_Brain		ElectropriestNinja_VisualSettings	ElectrostaticGauntlets_Item		1	
ef5add406b8a4a88884690e900233495	KamilleDrivestem					HumanFortressBornArmy	CutsceneNeutrals				LasPistolUnlootable_Item		1	
ef62d423f75b47eebf43cc50bac89ab1	Mandrake					NewDrukhariArmy	CutsceneNeutrals				GlimmersteelBlade_Item		2	0cd55320
ef62f623208845e7960f02911a28f6c1	CassiaCompanion_Ch04_TrueStart			HumanRace	Cassia_Portrait,PlayerAasimarPaladin01_Portrait		Player			CompanionCassiaPrototype_VisualSettings,Character_VisualSettings	WarpGuideStaff,HuntingSharpshooterRifle_Item,Longlas_Item,Autopistol_Item	CommissarFlakBreastplate_Item,GuardFlakArmour_Item	3	CompanionCassiaPrototype>Character
efaa71f1acd5476cbbdb03c143368ec3	ArbitratorClayton_Stubber			HumanRace	PlayerAasimarPaladin01_Portrait	NewHumanImperiumArmy	CutsceneNeutrals,Player	Arbitrator_Stubber_Brain		Character_VisualSettings	HeavyStubber_Item,StubRevolverSingleShot_Item	ReinforcedEnforcerCarapace_Item	3	StartGame_Player_Unit>Character
efd627f6e83d411b8d10793f0eadf873	ImperialSoldier_ArcRanged_Prison				BCT_Footfall_Male_Guard_Portrait	NewHumanImperiumArmy	CutsceneNeutrals	ImperialSoldier_Prison_Brain	Resistant_CP	Footfall_NobleGuard_VisualSettings	ArcRifleT2_Item	XenoMesh_Item	1	
efde5ff641114e0cb421efeb9dab68de	AdministratumQueueMemberM3				JungleWorldRebel_Portrait		CutsceneNeutrals		NobleMale_CP_Correct	Servant_VisualSettings	Knife_Item		1	
f000cd032233467b8c014ceab4682fd4	.GenestealerBrute_Melee_VoidshipTempleAmbush_01					NewHumanImperiumArmy	CutsceneNeutrals		Genestealer_Temple_CP	GeneCultistMale_VisualSettings	ChainSaw_Item,ThunderHammer_Item,GreatSword_Item	CasingChestplate_Item	1	
f008a45c68b54dd98bf7c9c45322fe06	PlayerRTSoldierHunter_Ch04_TrueStart			HumanRace	RogueTraderMaleCommissaryPortrait,PlayerAasimarPaladin01_Portrait		Player			Character_VisualSettings	HeavyBolter_Item,UnstableFlamer_Item	XenoMesh_Item	5	Character
f01bcc5aaba64059afcfe3f3e4f3b0a5	CorruptedServitor3					NewHumanAdMechArmy	CutsceneNeutrals,Mobs	RushBaseBrain		ServitorBaseMale03_VisualSettings,ServitorBaseMale01_VisualSettings	PincersServitorWeapon		2	Servitor_FWSH
f01f6264c616470e9f0d00a207208efb	CorruptedTechnomat_Ranged					NewHumanAdMechArmy	Mobs	RangedPositionalBaseBrain	ChaosBattleTechnomat_CP	CorruptedTechPriest_VisualSettings	LasgunT2CH2_Item	CarapaceChestplate_Item	1	
f035efd38d1949b98f9fcf41764106dd	InquisitorGuardGhostCutscene						CutsceneNeutrals		Inquisition_Soldier_CP	Footfall_Hobo_VisualSettings	LasgunGhost_Item		1	
f05087f95ea9408a87e5137631b57584	TaintedStreets_Arbites_NPC					NewHumanImperiumArmy	CutsceneNeutrals	TreasureWorld_Arbites_PetMaster_Brain	ArbitesTrooper_CP	Arbites_Male_VisualSettings	Arbites_Shotgun_BoardedShip_Unlootable_Item	ArmoredBodyglove4_Item	1	
f069ae81d98f4ecba8a5bbc0b6121301	ServitorRandomEncounter					NewHumanAdMechArmy	Mobs	RushBaseBrain		ServitorBaseMale03_VisualSettings	PincersServitorWeapon		1	
f08beefd33a541fcb6265c8a3aa55d36	IdiraCompanion_Chapter1_Special			HumanRace	Idira_Portrait,PlayerAasimarPaladin01_Portrait		Player			CompanionIdiraPrototype_VisualSettings,Character_VisualSettings	SniperRifle_Item,Shotgun_Item,Autopistol_Item,Longlas_Item	PsychicBodyglove_Item,ArmoredBodyglove_Item,GuardFlakArmour_Item	4	IdiraCompanion>CompanionIdiraPrototype>Character
f0a1f1003e924431a29eebab5674cf23	Lair3RebelSniper				BCT_Human_Male_Rebel3_Portrait	NewHumanBanditsArmy	Mobs		PirateNoArmor_CP	Lair3RebelSniper_VisualSettings	HuntingRifle_Item	ArmoredBodyglove_Item	1	
f0b9e37511cf47209618a6e97ab7edb7	OfficersDeckCultistPirateMeeleCutscene				JungleWorldRebelOfficerMelee_Portrait	HumanAgriWorldArmy	CutsceneNeutrals	ProloguePirateRangeSniper_Brain	Cultist_UnarmoredBruiser_CP	JungleWorldRebelMeleeTough_VisualSettings	SwordUnlootable_Item		1	
f0cab435df5f4fcf9020bf13c80e27fd	RE_DemonTransform_NurgleZombie				BCT_LowerdecksNurgleZombieNoArmor_Portrait	NewDaemonArmy	Mobs			-RE_DemonTransform_NurgleZombie_VisualSettings	Axe_Item	CasingChestplate_Item	1	
f0e2d136fc3f464a81301d6be24cc7b9	RT_Bakula_38LvL_ExportedPregen			HumanRace	PlayerAasimarPaladin01_Portrait		Player			Character_VisualSettings	HuntingRifle_Item,GovernorsSniperRifle_Item	BreachersArmour_Item	2	Character
f17bb330da2242f1ace6e4e378f834cf	ReginaZaurback						CutsceneNeutrals			ReginaZaurback_VisualSettings			1	
f1bcdabd283049ac965be7e6c1021146	PlayerRTLeader_Ch04_Lvl40			HumanRace	ComissarMale,PlayerAasimarPaladin01_Portrait		Player			Character_VisualSettings	Epiphany_PowerSword_Item,DeadlyPrecision_BoltPistol_Item,TwoHandedAxe_Item,ChainSword_Item	HeavyXenoMeshOrigin1_Item,EnforcerLightCarapace_Item	3	PlayerRTFighter>Character
f1c5dc5c95c242d29e48dfc0cb857418	Dancer				Mutant1_Portrait		CutsceneNeutrals,Mobs		NobleMale_CP_Correct	Character_smallWHTest_VisualSettings			3	NobleInPalace>Character_smallWHTest
f1c6f52c0ff540b1aefef2511bb8ca0e	HeinrixCompanion_Ch04_TrueStart			HumanRace	Heinrix_Portrait,PlayerAasimarPaladin01_Portrait		Player			CompanionHeinrixPrototype_VisualSettings,Character_VisualSettings	Epiphany_PowerSword_Item,FlamerPistolExploder_Item,ShardShotgunItem,ForceSword_Item	VenomChainmail_Item,GuardFlakArmour_Item	3	CompanionHeinrixPrototype>Character
f1cf5148aec54988a4268f4a432a9dcc	DemagoguePleb						CutsceneNeutrals			GeneCultistMale_VisualSettings,BridgeCrewMemberNavy_VisualSettings	PlasmaPistol_Item		2	Confessor_Void
f22dab51353e4c1580d6476359e1fa0a	DLC3_BA_HumanResearcher_Ranged_Unit					NewHumanImperiumArmy	HelpingPlayer	DLC3_BA_HumanResearcher_Ranged_Brain,HumanDefender_SurvivorCamp_Brain	ZarkovianSoldierRejoined_CP	0Zarkov_Military_SurvivorCamp_VisualSettings_Male	LasgunT2CH2_Item,ChainSwordT2CH4_Item,AutogunRapid_Item,LasgunT2CH4_Item	GuardFlakChestplate4_Item	2	-HumanDefender_MeleeRanged_SurvivorCamp_State2
f265c5088b7d48deb916f504b430ecd0	2HeinrixCompanion_level27_VasyaParty_ExportedPregen			HumanRace	Heinrix_Portrait,PlayerAasimarPaladin01_Portrait		Player			CompanionHeinrixPrototype_VisualSettings,Character_VisualSettings	AncientForceSword_Item,ChainAxe_Item,PowerClaymoreT1_Item,ForceSword_Item	Synskin_Item,GuardFlakArmour_Item	3	CompanionHeinrixPrototype>Character
f276ecc6b11d40a2af6132db7f2891db	BoardedShip_Bridge_Melee_Ally_Swarm					NewHumanImperiumArmy	NeutralGuards,Mobs	BoardedShip_Bridge_Melee_Ally_Brain,BoardedShip_Bridge_Melee_Brain	WeakPirate1_CP	FootfallBanditBodyguard_VisualSettings	ShockBaton_Item	GuardFlakArmour_Item	2	BoardedShip_Bridge_Melee_Swarm
f2a12714afb3409aa9b0188fe174656e	TreasureWorld_ArbitesCybermastiff					NewCreaturesArmy	CutsceneNeutrals	TreasureWorld_ArbitesCybermastiff_Brain		Master_ArbitesCyberMastiff_VisualSetting	TreasureWorld_ArbitesCybermastiff_Bite_Item		1	
f2c49713324f454b99a85b7e0d4174f7	RT_Bakula_36_ExportedPregen			HumanRace	PlayerAasimarPaladin01_Portrait		Player			Character_VisualSettings	HuntingRifle_Item,GovernorsSniperRifle_Item	BreachersArmour_Item	2	Character
f2cf607c7c6a4859a0800eb352db00b3	NecronSkorpekhLord_MeleeRanged_Epitaph					NewNecronArmy	Mobs	NecronSkorpekhLord_Epitaph_Brain		NecronSkorpekhLord_VisualSettings	NecronSkorpekhLordGun_Epitaph_Item,NecronSkorpekhLordSword_Epitaph_Item		1	
f305dc42871e4b14abb86e0bc05a36f5	SmallIceDestroyable_Unit_5						Neutrals			1TreasureWorld_ContainerAnchorPoint_VisualSettings			8	
f30eaf5d4e6b4162818bbb774b6eb3c9	NavisNobilite_Ranged_ShotgunZombieFemale					NewHumanImperiumArmy	CutsceneNeutrals	NavisNobilite_ZombieBrain	OrsellioLoyal_MutantSoldier_CP	NavisNobiliteMutant_VisualSettings	Shotgun_Item	GuardFlakChestplate_Item	1	
f330d8c9eab844b39538ef60fb520cd3	3ArgentaCompanion_Level19_HarmonParty_ExportedPregen			HumanRace	Argenta_Portrait,PlayerAasimarPaladin01_Portrait		Player			CompanionArgentaPrototype_VisualSettings,Character_VisualSettings	Bolter_Item,Flamer_Item	FireproofCarapace_Item,EnforcerLightCarapace_Item	3	CompanionArgentaPrototype>Character
f338c9ede93547309f13d79ce6cd83b0	SurvivorCamp_NPC_Injured					NewHumanImperiumArmy	CutsceneNeutrals	TreasureWorld_Arbites_ShieldNShotgun_Brain	ArbitesTrooper14_CP	0Zarkov_Civilian_SurvivorCamp_VisualSettings_Male		ArbitesHeavyArmourCommon_Item	1	
f35f42a0651748c09255be16568591f4	Serf_Sevitsia						CutsceneNeutrals			GeneCultistFemale_VisualSettings			1	
f38567ee1f894e3ca376a3882ad16795	Pascal35Yremeris_ExportedPregen			HumanRace	Pascal_Portrait,PlayerAasimarPaladin01_Portrait		Player			CompanionPascalPrototype_VisualSettings,Character_VisualSettings	AOO_OmnissiahAxe_Item,FocusMelta_Item,OmnissiahAxe_Item,PlasmaRifle_Item	HeavyXenoMeshOrigin1_Item,EnforcerCarapace_Item,GuardFlakArmour_Item	4	PascalCompanion>CompanionPascalPrototype>Character
f397bb34a196455bb01d5ea5917dcbfe	Quetza-al_Navigator					NewHumanImperiumArmy	HelpingPlayer	Navigator_Brain			YuVathGlassStaff_Item	Synskin_Item	1	
f39f4f67ade2460392c7df49c108da86	GuttedMagos				Mutant1_Portrait		CutsceneNeutrals			Character_smallWHTest_VisualSettings			1	
f3b16b149f3a4a998ed298debf218ea1	LargeIceDestroyable_Unit_8						CutsceneNeutrals			1TreasureWorld_ContainerAnchorPoint_VisualSettings			16	
f3d7dc026ac342f39f54623ef0512d8f	SolomorneCompanion_15lvl_Test				SolomorneAnthar		Player	SolomorneCompanion_Enemy_Brain		Solomorne_VisualSettings	Solomorne_Foehammer_Item,Solomorne_Shotgun_Item	ArbitesArmour_ItemTest,ReactivatorArmour_Item	2	SolomorneCompanion
f3f1ea7b5d2f47a3a24a5c678692be2e	presset_RT_Raven_ExportedPregen			HumanRace	PlayerAasimarPaladin01_Portrait		Player			Character_VisualSettings	StaffofEndlessFlame_Item,PyromancersStaff_Item	XenoCeramiteChestplate_Item	2	Character
f3feab6358c748b19cf70dec5d8cb852	Uralon41RT_ExportedPregen			HumanRace	PlayerAasimarPaladin01_Portrait		Player			Character_VisualSettings	MassiveShotgun_Item,SniperRifleMammonthkiller_Item	VoidsmenArmour_Item	2	Character
f41e859dad294f8da477c350dbf28af1	-CassiaCompanionOverseer_Level38_TreasureWorld			HumanRace	Cassia_Portrait,PlayerAasimarPaladin01_Portrait		Player			CompanionCassiaPrototype_VisualSettings,Character_VisualSettings	WarpGuideStaff,BloodhoundNavigatorStaff,Longlas_Item,Autopistol_Item	EnforcerLightCarapaceOrigin1_Item,GuardFlakArmour_Item	4	2CassiaCompanion_lvl38_treasureworld_ExportedPregen>CompanionCassiaPrototype>Character
f420268b54dd40b99f336b7f1f0d8b46	SolomorneCompanion_38lvl_Overseer				SolomorneAnthar		Player	SolomorneCompanion_Enemy_Brain		Solomorne_VisualSettings	ShotgunDLC2CH4T2_Item,BonebreakingMaul_PowerMaul_Item,Solomorne_Foehammer_Item,Solomorne_Shotgun_Item	ArbitesArmour_Item,ReactivatorArmour_Item	2	SolomorneCompanion
f441c5c9eb774ce68e0ae708e051fe97	ServantSeekingRing						CutsceneNeutrals			BridgeCrewMemberTechnician_VisualSettings			1	
f44d054bbecd4df5bd080da86e43dc43	CassiaCompanion_Chapter1_Start			HumanRace	Cassia_Portrait,PlayerAasimarPaladin01_Portrait		Player			CompanionCassiaPrototype_VisualSettings,Character_VisualSettings	StaffOfHouseOrsellio,Autopistol_Item,Longlas_Item	ArmoredBodyglove_Item,GuardFlakArmour_Item	3	CompanionCassiaPrototype>Character
f46138fea2cb430e82ae738946726549	Exhibition_ChaosCultist_Ritual3				JungleWorldRebelSpecialist_Portrait	NewHumanAdMechArmy,NewHumanCultistsArmy	Mobs			CultistRangeLair1_VisualSettings,Lair3RebelRanged_VisualSettings	HellPistol_Item	GuardFlakArmour_Item	3	Exhibition_ChaosCultist_Ritual>ChaosCultist_Psyker
f46171d4dfbd48088e9b9aabeb206101	DrukhariWych_BeastmasterBase				BCT_DrukhariBeastmaster_Male_Base01_Portrait	NewDrukhariArmy	Mobs	Drukhari_Beastmaster_Brain		DrukhariWych_BeastmasterBase_VisualSettings	SplinterPistolT2CH04_Item	KabaliteArmourT2_Item	1	
f46477ee4d4f49c5a663a458157a1d2e	2ArgentaCompanion_level27_VasyaParty_ExportedPregen			HumanRace	Argenta_Portrait,PlayerAasimarPaladin01_Portrait		Player			CompanionArgentaPrototype_VisualSettings,Character_VisualSettings	MultiMelta_Item,HeavyFlamer_Item,Bolter_Item,Flamer_Item	FireproofCarapace_Item,EnforcerLightCarapace_Item	3	CompanionArgentaPrototype>Character
f46b4cbce4ce4fd095daba803995289e	SeberianVonValanciusWithSword				SeberianBionics	NewHumanImperiumArmy	HelpingPlayer	Ancestor_MeleeRanged_Brain		OurCrewGuard_VisualSettings	AeldariForceSword_Item,InfernoPistolT2CH04_Item		2	Ancestor_MeleeRanged
f4810fc1f26141699c7090e19e1b34ab	IronCultist_ArcheotechReactor_Melee				Soldier1_Portrait	NewHumanCultistsArmy	Mobs		Cultist_Regular_CP	CultistRange_VisualSettings	Sword_Item	CarapaceChestplate_Item	1	
f4813cd943794e16b75818e9b0dc70a1	PascalCompanionCh02Start			HumanRace	Pascal_Portrait,PlayerAasimarPaladin01_Portrait		Player			CompanionPascalPrototype_VisualSettings,Character_VisualSettings	OmnissiahAxe_Item,PlasmaRifle_Item,Autogun_Item	HolyVestment_Item,GuardFlakArmour_Item	3	CompanionPascalPrototype>Character
f4911d9d69804aefb844468f74880623	Cassia19Chapel_ExportedPregen			HumanRace	Cassia_Portrait,PlayerAasimarPaladin01_Portrait		Player			CompanionCassiaPrototype_VisualSettings,Character_VisualSettings	BloodhoundNavigatorStaff,StaffOfOrsellioGuardian,Longlas_Item,Autopistol_Item	ArmoredBodyglove2_Item,GuardFlakArmour_Item	3	CompanionCassiaPrototype>Character
f495b4163f3c485da0eb238d8cd9f5ca	DyingKabalite					NewDrukhariArmy	CutsceneNeutrals,Mobs	KabalitePositionalBaseBrain	RTSoldier_CP	DrukhariKabalite_VisualSettings	SplinterRifle_Item		2	DrukhariKabalite
f4a2fa29fae94aef92e56ccafffe5afd	TurretRandomEncounter					NewMachineArmy	Mobs	TurretRandomEncounter_Brain		TarantulWarWorldBunker_VisualSettings	TurretMelta_Item		1	
f4a80033a5e947e3ae25cb8bc352d104	Solomorne_50_HardlightLab_ExportedPregen				SolomorneAnthar		Player	SolomorneCompanion_Enemy_Brain		Solomorne_VisualSettings	ScopedShotgun_Item,Solomorne_Shotgun_Item	ArbitesArmour_Item	1	
f4a999c5e0bc4a4c9fbd5689b50118e9	3DrukhariHaemonculus_MeleeRanged_ReavingTempestSpire				Haemonculus	NewDrukhariArmy	CutsceneNeutrals	DrukhariHaemonculus_MeleeRanged_Brain		Haemonculus_VisualSettings	DrukhariHaemonculus_PistolSpecial_Item,DrukhariHaemonculus_HandsSpecial_Item	KabaliteArmourT2_Item	4	
f4aa4f8e11c84a91b3ed20e341f65f92	FW_Commoner						CutsceneNeutrals		FW_Commoner_CP	Footfall_Commoner_VisualSettings			1	
f4d8ea97a45d4b8f86579873669e5d24	GenestealerDanrok_Melee_PatriarchVisions				YanrisDanrock_Portrait	NewGenestealersCultArmy	Mobs			Noble_VisualSettings	ChainSwordT2CH4_Item,ChainSword_Item	EnforcerCarapace_Item	1	
f4de5268724f4ade8e86152f9ed62a70	CultistMarksman				Soldier1_Portrait	NewHumanCultistsArmy	Mobs			CultistRange_VisualSettings	Longlas_Item,Lasgun_Item	GuardFlakArmour_Item	2	CultistRange
f5028fc7eec248fc816fedec474f12ff	NecronImmortalGlacial_ManipulusLaboratory					NewNecronArmy	Mobs	NecronImmortal_ManipulusLaboratory_Brain,NecronImmortal_CrashedShip_Brain		NecronImmortal_VisualSettings	NecronImmortalRanged_Epitaph_Item,NecronImmortalMelee_Epitaph_Item,NecronImmortalRange_Weapon,NecronImmortalMelee_Weapon		2	NecronImmortal_Prototype
f50e1f2865f24c37859df42f155d6745	TaintedStreetsHostagesF				JungleWorldRebelSniper_Portrait		CutsceneNeutrals		PlebFemale_CP	TaintedStreetsHostagesF_VisualSettings			1	
f52d1cfba3e642b5937f32521d665ada	DistortionCattle						CutsceneNeutrals		HoboNaked_CP	Footfall_Worker_VisualSettings			2	OfficersDeckWorker
f553d8545285435f8a5daa86281908fa	BoardedShip_Bridge_Range_Ally_Swarm					NewHumanImperiumArmy	NeutralGuards,Mobs	BoardedShip_Bridge_Range_Ally_Brain,BoardedShip_Bridge_Range_Brain	WeakPirate1_CP	FootfallBanditHitman_VisualSettings	Lasgun_Item	EnforcerLightCarapace_Item	2	BoardedShip_Bridge_Range_Swarm
f574566adf004321b482b7b9fdc73c04	RND			HumanRace	RogueTraderMaleCommissaryPortrait,PlayerAasimarPaladin01_Portrait		Player			Character_VisualSettings	StubRevolverSingleShot_Item	GuardFlakChestplate_Item	5	Character
f5781f4d0ad34e8eb03c4bb3268e8f71	zin_22_KibellahCompanion_ExportedPregen			HumanRace	Kibellah_NoMask_Portrait,Argenta_Portrait,PlayerAasimarPaladin01_Portrait		Player			Kibellah_VisualSettings,CompanionArgentaPrototype_VisualSettings,Character_VisualSettings	PowerMaulT2_Item,EliteChainSword_Item,SerratedGreatSword_Item,Bolter_Item	DeathCultArmour_Item,EnforcerLightCarapace_Item	3	CompanionArgentaPrototype>Character
f57ce758e8234619a6152f1e71c23992	PlayerRTSoldierHunter_Ch02_TrueMid			HumanRace	RogueTraderMaleCommissaryPortrait,PlayerAasimarPaladin01_Portrait		Player			Character_VisualSettings	PreciseBolter_Item,FocusMelta_Item	HuntingCarapace_Item	5	Character
f57d9286d1594b644b940d5a67500125	TrapActor_Lvl05						Traps			TrapActor_Lvl03_VisualSettings	TrapDagger_Lvl05,TrapDagger_Lvl03		2	TrapActor_Lvl03
f588b2f9dd4b7274b95b78f8dd3c3d53	TrapActor_Lvl01						Traps			TrapActor_Lvl01_VisualSettings	TrapDagger_Lvl01		1	
f58e46f3e8b04a9dbbadbd5c7bf72570	TaintedStreetsRebel02				JungleWorldRebelSniper_Portrait	NewHumanImperiumArmy	Mobs	RebelLeader_Brain		TaintedStreetsRebel02_VisualSettings	Shotgun_Item	GuardFlakArmour_Item	1	
f5a65e14fac24e15a3bd812b1952d849	Yanus19Abel_ExportedPregen			HumanRace	Abeliard_Portrait,PlayerAasimarPaladin01_Portrait		Player			CompanionAbelardPrototype_VisualSettings,Character_VisualSettings	GreatSword_Item,CombatShotgun_Item,PowerMaul_Item,Melta_Item	CeramiteStormTrooperCarapace_Item,EnforcerLightCarapace_Item	3	CompanionAbelardPrototype>Character
f5ac5a0aceb2462e8d585fa9c80c17ff	3UlfarCompanion_Level38_ValladinParty_ExportedPregen			SpaceMarineStandardRace,HumanRace	Ulfar_Portrait,Heinrix_Portrait,PlayerAasimarPaladin01_Portrait		Player			UlfarCompanion_VisualSettings,CompanionHeinrixPrototype_VisualSettings,Character_VisualSettings	AstartesBoltPistol_Item,AstartesChainswordT2_Item,SarragusHeavyBolter_Item,ForceSword_Item	UlfarArmor_Item,GuardFlakArmour_Item	3	CompanionHeinrixPrototype>Character
f5dcf8499bb74b2ba1f7b7901d9c28d2	TaintedStreetsRebel				JungleWorldRebelSniper_Portrait	NewHumanImperiumArmy	Mobs			TaintedStreetsRebel_VisualSettings	LasPistol_Item	GuardFlakChestplate_Item	1	
f5de71120c8a46b48b38e47dec7073de	CorruptedTechnomat_ArcRanged					NewHumanAdMechArmy	Mobs	RangedPositionalBaseBrain	ChaosBattleTechnomat_CP	CorruptedTechPriest_VisualSettings	ArcRifleT2_Item	CarapaceChestplate_Item	1	
f5df54a1fea04da6b39f9b2fc50308d8	InfectedMutantInfector_Ranged				BCT_Human_Female_Cannibal3_Portrait	NewHumanImperiumArmy	Mobs	RangedMutantInfectortBrain	Mutant_Bandit_CP	SlumsMutantFighter_VisualSettings	SerratedKnife_Item		1	
f5f1f7f71c1440abbbb55be5d1f29390	PlayerRTLeader_1lvl			HumanRace	RogueTraderMaleCommissaryPortrait,PlayerAasimarPaladin01_Portrait		Player			Character_VisualSettings	StubRevolverSingleShot_Item	GuardFlakChestplate_Item	5	Character
f6027e7c17b2468da8d708bbef43ad76	MasterofDiscipline_Prologue				Jocasta_Sauerback		CutsceneNeutrals			BridgeCrewMemberNavyFemale_VisualSettings	ShockBatonT2_Item,AutopistolT2CH02_Item		1	
f62858504be54a7fa2112c33b9bb0abd	Footfall_InquisitorEnforcer						CutsceneNeutrals		Inquisition_Soldier_CP	Footfall_Hobo_VisualSettings	Hellgun_Item		1	
f6310cf417564de0a97e193775e5e77b	StarportBlindMadmanM				JungleWorldRebelSniper_Portrait	NewHumanImperiumArmy	CutsceneNeutrals,TrueNeutrals		PlebMale_CP	TaintedStreetsBlindMadmanM_VisualSettings			2	TaintedStreetsBlindMadmanM
f635b1d15476481b98d2396b2d10b524	AbelardCompanionCh03Middle			HumanRace	Abeliard_Portrait,PlayerAasimarPaladin01_Portrait		Player			CompanionAbelardPrototype_VisualSettings,Character_VisualSettings	Knife_Item,SniperRifle_Item,PowerMaul_Item,Melta_Item	HuntingCarapace_Item,EnforcerCarapace_Item,HeavyEnforcerCarapace_Item,EnforcerLightCarapace_Item	5	AbelardCompanion_Gamescom>AbelardCompanion>CompanionAbelardPrototype>Character
f63a7719ae624d43b3b68b9028f32353	PeacefulServitor4					NewHumanAdMechArmy	CutsceneNeutrals,Mobs	RushBaseBrain		ServitorBaseMale02_VisualSettings,ServitorBaseMale01_VisualSettings	PincersServitorWeapon		3	MadServitor>Servitor_FWSH
f6534e3f35264631a61f7a241c50ca72	JungleWorldRebelArmoured					NewHumanImperiumArmy	Mobs	RangedPositionalBaseBrain	JanusRebel_Melee_CP	JungleWorldRebelArmoured_VisualSettings	AutogunM40_Item	GuardFlakArmour_Item	1	
f654b378f90548f2b0f0fb49b97f6c41	OurCrewGuard					NewHumanImperiumArmy	HelpingPlayer,CutsceneNeutrals		ValantiusSoldier_CP	BridgeCrewMemberGuard_VisualSettings	Shotgun_Item,LasPistol_Item,ChainSword_Item	GuardFlakChestplate_Item	2	BridgeCrewMemberGuard
f65552dc413641c3936bcde5193fff55	LargeIceDestroyable_Unit_5						CutsceneNeutrals			1TreasureWorld_ContainerAnchorPoint_VisualSettings			23	
f657b83caeef49b18d85a88632958421	JaeGuy						CutsceneNeutrals		JaeBandit_CP	Footfall_CommonerFemale_VisualSettings			1	
f6738cac756048d3aaf550128b2140c2	Abelar_Bakula_46_ExportedPregen			HumanRace	Abeliard_Portrait,PlayerAasimarPaladin01_Portrait		Player			CompanionAbelardPrototype_VisualSettings,Character_VisualSettings	CoffinmakersSledgeMaul_Item,PatternShotgunCh3_Item,PowerMaul_Item,Melta_Item	PurityOfHumanity_PowerArmor_Item,EnforcerLightCarapace_Item	3	CompanionAbelardPrototype>Character
f679eb160a7144029a051d4277f5b3d2	Torbald_WarCouncil			SpaceMarineStandardRace	Spacemarine1_Portrait		CutsceneNeutrals			ChaosSpacemarine_VisualSettings	SpacemarineChainSword_Item,SMLongRange_StormBolter_Item		2	RegindSpacewolfMarine_Ranged
f682b349a7904603b92817bb16031801	Servant_Ghost						CutsceneNeutrals		JanusServant_CP	Servant_Ghost_VisualSettings,Servant_VisualSettings			2	Servant
f68bebdd49474206a6db0040504a0a59	0IdiraCompanion_Level39_SolarParty_ExportedPregen			HumanRace	Idira_Portrait,PlayerAasimarPaladin01_Portrait		Player			CompanionIdiraPrototype_VisualSettings,Character_VisualSettings	Autopistol_Item,Longlas_Item	AdaptiveFlakArmour_Item,GuardFlakArmour_Item	3	CompanionIdiraPrototype>Character
f6b00ae7feb745a58cb38c63e8ce5a43	ThrallMeleeSwarm				BCT_Human_Male_Cannibal3_Portrait	NewHumanImperiumArmy	Mobs			ThrallMeleeSwarm_VisualSettings	Knife_Item	HeavyLeathersArmour_Item	1	
f6d60982c6c040be95e90d31acf43321	Melee_Hard					NewHumanImperiumArmy	CutsceneNeutrals	Melee_Hard_Brain		Footfall_Worker_VisualSettings	GreatSword_Item	Chainmail_Item	1	
f6e3efe4b8a64ef3984e88d613e0fb5a	AgriWorldGovernor_Carapace				VistencaVjatt_Portrait	NewHumanImperiumArmy,HumanAgriWorldArmy	CutsceneNeutrals	GovernorHealerBrain		AgriWorldGovernorCorrupted_VisualSettings,AgriWorldGovernor_VisualSettings	NeedlePistol_Item	EnforcerLightCarapace_Item	2	AgriWorldGovernor
f6e70455ae9f43a5ba26c4e59a485de2	Lair3RebelLeader1					NewHumanBanditsArmy	Mobs	LeaderFirestarterBrain		Lair3RebelLeader_VisualSettings	UnstableFlamer_Item	LeathersArmor_Item	1	
f6f7f2730077416da418ad0fe3a91ed4	Trazyn_Eternal_Boss				Trazyn	NewNecronArmy	Mobs	Trazyn_Eternal_Brain,Trazyn_Collector_Brain		Trazyn_VisualSettings	Trazyn_EmpathicObliterator_Ranged_Item,Trazyn_EmpathicObliterator_Melee_Item		2	Trazyn_Collector_Boss
f7046834a0d14bcc8f3c8559aea36eae	2ArgentaCompanion_Level27_CyrusParty_ExportedPregen			HumanRace	Argenta_Portrait,PlayerAasimarPaladin01_Portrait		Player			CompanionArgentaPrototype_VisualSettings,Character_VisualSettings	Bolter_Item,Flamer_Item	ArmourOfTheUndaunted_HeavyLeathers_Item,EnforcerLightCarapace_Item	3	CompanionArgentaPrototype>Character
f715eaa43c534a3c98b57c72cecf20cd	ChaosSpawn_BoardedShip_Bridge					NewCreaturesArmy	Mobs	ChaosSpawn_BoardedShip_Bridge_Brain,ChaosSpawn_BoardedShip_ForJump_Brain		ChaosSpawn_VisualSettings	PyromancersStaff_Item,ChaosSpawn_BoardedShip_LeftArm_Weapon,ChaosSpawn_BoardedShip_RightArm_Weapon		1	
f72460d4a8c9489b8ee05fb3ecca6104	TurretHeavyBolter					NewMachineArmy	Mobs			TarantulWarWorldBunker_VisualSettings	TurretBolter_Item		1	
f73015543f4a4f92937a6d8415a5f4e3	SC_DW_Beast_Tail_3					NewBeastLimpArmy	Mobs	SC_DW_Beast_Tail_Brain,SC_DW_Beast_Tail_Brain_React		DW_Beast_Tail_VisualSettings			2	SC_DW_Beast_Tail_1
f7350e2e36314d5892b66413a43ea548	Common_Rat						CutsceneNeutrals	JungleBeastCommonBrain		JungleBeast_VisualSettings			1	
f740a810a57e467390d4e3d688f72627	RadicalFakeGuardFighter				BCT_NaviBodyguard_Portrait	NewHumanImperiumArmy	CutsceneNeutrals	RadicalNaviBodyguardMelee_brain	OrsellioLoyal_Soldier_CP	RadicalBodyguardFighter_VisualSettings	ChainSword_Item	GuardFlakArmour_Item	2	RadicalBodyguardFighter
f75145bac7094a0eb797ba481dcca078	FootfallViceroy					NewHumanAdMechArmy	CutsceneNeutrals,Mobs	RushBaseBrain		ServitorBaseMale02_VisualSettings,ServitorBaseMale01_VisualSettings	PincersServitorWeapon		3	MadServitor>Servitor_FWSH
f7694dd432ad40e78f288bd24cd6bc8d	Yanus19Cassia_ExportedPregen			HumanRace	Cassia_Portrait,PlayerAasimarPaladin01_Portrait		Player			CompanionCassiaPrototype_VisualSettings,Character_VisualSettings	BloodhoundNavigatorStaff,StaffOfOrsellioGuardian,Longlas_Item,Autopistol_Item	HeadhunterLightCarapace_Item,GuardFlakArmour_Item	3	CompanionCassiaPrototype>Character
f76d4fff51324fdb93046f85d0d2f890	Guard				Mutant1_Portrait	HumanForgeWorldArmy	CutsceneNeutrals	Magos_ScrapCode_Brain	TechSavageWarrior_CP	CorruptedMagus_VisualSettings		CasingChestplate_Item	1	
f76f1443283440789bd29ebf71ab9528	SolomorneCompanion_NPC_Ch04_PenalWorld				SolomorneAnthar		CutsceneNeutrals,Player	SolomorneCompanion_Enemy_Brain		Solomorne_VisualSettings	Solomorne_Foehammer_Item,Solomorne_Shotgun_Item	ReactivatorArmour_Item	2	SolomorneCompanion
f7789dc23dfc4c92840596816282a2e2	9Latyshev_Abelard_Vanguard_Augments_Level25_ExportedPregen			HumanRace	Abeliard_Portrait,PlayerAasimarPaladin01_Portrait		Player			CompanionAbelardPrototype_VisualSettings,Character_VisualSettings	EliteChainSword_Item,PowerClaymore_Item,PowerMaul_Item,Melta_Item	HeavyXenoMeshOrigin1_Item,EnforcerLightCarapace_Item	3	CompanionAbelardPrototype>Character
f7790ef70206482a8bbca10f5db3e469	-PlayerRT_Level25_MikandraParty_ExportedPregen			HumanRace	PlayerAasimarPaladin01_Portrait		Player			Character_VisualSettings	NobleSword_Item,DeathCultSword_Item,NeedlePistolCH2Unique_Item	DeathCultArmour_Item	2	Character
f799c4e4c47840fea38a3e23d3bb311e	LT_Leper						CutsceneNeutrals		LT_Leper_CP	Footfall_Worker_VisualSettings			1	
f7b277fed80a4727ae47e477181c4692	PasqalCompanion_Level29_ExportedPregen			HumanRace	Pascal_Portrait,PlayerAasimarPaladin01_Portrait		Player			CompanionPascalPrototype_VisualSettings,Character_VisualSettings	AOO_OmnissiahAxe_Item,PlasmaRifleT1CH2_Item,OmnissiahAxe_Item,PlasmaRifle_Item	AdaptiveFlakArmour_Item,EnforcerCarapace_Item,GuardFlakArmour_Item	4	PascalCompanion>CompanionPascalPrototype>Character
f7bf039a3c4c46d5ba15dce98ca2e6e3	.NecronWarriorGlacial_Melee_ManipulusLaboratory					NewNecronArmy	Mobs	.NecronWarriorGlacial_ManipulusLaboratory_Brain		NecronWarrior_VisualSettings	NecronWarriorRanged_StryxShed_Item,NecronWarriorMelee_StryxShed_Item		1	
f7d406cd96214545a6437dc46f0140ec	CassiaCompanion_Ch02_TrueMid			HumanRace	Cassia_Portrait,PlayerAasimarPaladin01_Portrait		Player			CompanionCassiaPrototype_VisualSettings,Character_VisualSettings	WarpGuideStaff,LongBarreledSniperRifle_Item,Longlas_Item,Autopistol_Item	SlickBodyglove_Item,GuardFlakArmour_Item	3	CompanionCassiaPrototype>Character
f81d4454bbaa4c2aa1ab847721e90db1	CombatServitor_CH4_HaloDevice				JungleWorldRebelServitor_Portrait	NewHumanAdMechArmy	Mobs	CombatServitor_HaloDevice_brain		CombatServitor_VisualSettings	RE_ServitorBolter_Item		1	
f828b10c84664adc8f97f7fcc821ff5c	CorruptedTechPriestBlindGrenade				Mechanicus1_Portrait	NewHumanAdMechArmy	Mobs			.CorruptedTechPriestBlindGrenade_VisualSettings	Autogun_Item	ForgeArmour_Item	1	
f841444c2da543829f6bcbbf31279c86	FW_OrchestraServitor_5					NewHumanAdMechArmy	CutsceneNeutrals,Mobs	RushBaseBrain		ServitorBaseMale01_VisualSettings	PincersServitorWeapon		3	MadServitor>Servitor_FWSH
f86e18cf1de14169b6ffeda146b4d73e	Guard				BCT_Male_Lowerdecks_Guard_Portrait	NewHumanImperiumArmy	HelpingPlayer		ValantiusSoldier_CP	Guard_VisualSettings	Shotgun_Item	GuardFlakChestplate_Item	1	
f86fa7347c72434481ed2ead476911fe	CrownWorldHarlequin_TroupeMaster					NewAeldariArmy	CutsceneNeutrals	TroupeMaster_Melee_Brain		HarlequinMale_VisualSettings	HarlequinsKiss_Item,NeuroDisruptor_Item	EldarHarlequinArmour_Item	1	
f87132eb59854cf8b8d1236820b3c0ff	NecronWarriorCommon_MeleeRanged_StryxShed					NewNecronArmy	Mobs	NecronWarrior_Epitaph_Brain		NecronWarrior_VisualSettings	NecronWarriorRanged_StryxShed_Item,NecronWarriorMelee_StryxShed_Item		1	
f8ad859e843c2024daf03278797e0778	JungleWorldEldarMeleeUnit					NewAeldariArmy	Mobs		EldarGuardT1_CP	JungleWorldEldarMeleeUnit_VisualSettings	EldarChainSword_Item	EldarRangerArmour_Item	1	
f8e31a38e9fb41178c108c0746b5fcc2	FW_OrchestraServitor_2					NewHumanAdMechArmy	CutsceneNeutrals,Mobs	RushBaseBrain		ServitorBaseMale01_VisualSettings	PincersServitorWeapon		3	MadServitor>Servitor_FWSH
f8fd234418264667a44552574b1fa726	OfficersDeckCultistPirate_MeleeSwarm						Mobs	OfficersDeckCultistPirate_MeleeSwarm_Brain	Cultist_Unarmored_CP	JungleWorldRebelMeleeTough_VisualSettings	Sword_Item		1	
f90918c54050436cb91beb2c14d381d3	3						CutsceneNeutrals			Character_smallWHTest_VisualSettings			2	Zaurback
f913b34b4d074dfda34e2bd05a973e8b	DrukhariGrotesque_Melee_ReavingTempestSpire					NewCreaturesArmy	HelpingPlayer	1DrukhariGrotesque_Melee_ReavingTempestSpire_Brain		DrukhariGrotesque_Melee_VisualSettings	DrukhariGrotesqueArena_Sword_Item,DrukhariGrotesqueArena_Claw_Item		1	
f94507c1c77a457fa8a1090bd19adbd4	Abelard_Bakula_38LvL_ExportedPregen			HumanRace	Abeliard_Portrait,PlayerAasimarPaladin01_Portrait		Player			CompanionAbelardPrototype_VisualSettings,Character_VisualSettings	AnverChainSword_Item,CombatShotgun_Item,PowerMaul_Item,Melta_Item	PurityOfHumanity_PowerArmor_Item,EnforcerLightCarapace_Item	3	CompanionAbelardPrototype>Character
f9493796aae44a75a1d9ce43cd5d1409	ArbitratorStein_Subductor			HumanRace	PlayerAasimarPaladin01_Portrait	NewHumanImperiumArmy	CutsceneNeutrals,Player	Arbitrator_Subductor_Brain		Character_VisualSettings	PatternShockBatonCh2_Item,StubRevolverSingleShot_Item	ReinforcedEnforcerCarapace_Item	3	StartGame_Player_Unit>Character
f95279ec8c964f41a58ab5ef427de958	Astropath_TelepathicSearch6						Neutrals		Astropath_CP				1	
f971a8c091bd40128fca91d4e0f9296f	RadicalBodyguardFemale					NewHumanImperiumArmy	Mobs	RadicalBodyguard_brain	OrsellioLoyal_Soldier_CP	RadicalBodyguardFemale_VisualSettings	Bolter_Item	GuardFlakArmour_Item	1	
f97e408bc40944fe8ef82d4a6d292066	AchilleasAbdBridgeCrewMemberGuard						CutsceneNeutrals		ValantiusSoldier_CP	BridgeCrewMemberGuard_VisualSettings	ChainSword_Item	GuardFlakChestplate_Item	1	
f98afc3e53bf4cc6917f99fd41d1aa03	ArenaMadman_Melee_Prison					NewHumanImperiumArmy	CutsceneNeutrals		ChasmGladiators_Heavy_CP	Gladiator_VisualSettings	GreatSwordT2_Item	HeavyLeathersArmour_Item	1	
f99c1f4fd27a450e99ad769b23ea67d0	Quetza_EldarFarseer_Leader				BCT_Eldar_Male_Guardian2_Portrait	NewAeldariArmy	CutsceneNeutrals	JungleWorldEldarRange_Brain		JungleWorldEldarUnit_VisualSettings	WitchStaff_Item	EldarRangerArmour_Item	1	
f9caea5dae324b66b39768dc85ae02e7	ArgentaCompanion_Lvl40_Bakula_ExportedPregen			HumanRace	Argenta_Portrait,PlayerAasimarPaladin01_Portrait		Player			CompanionArgentaPrototype_VisualSettings,Character_VisualSettings	FocusMelta_Item,PreciseBolter_Item,Bolter_Item,Flamer_Item	FireproofCarapace_Item,EnforcerLightCarapace_Item	3	CompanionArgentaPrototype>Character
f9d594a1094247b69f711774dd4d954e	StartGame_Pregen_Leader			HumanRace	ComissarMale,PlayerAasimarPaladin01_Portrait		Player			StartGame_Pregen_Leader_VisualSettings,Character_VisualSettings	StubRevolverSingleShot_Item		11	Character
f9de0ceff42349a2867936158a859390	Opticon22_TechPriest				Mutant1_Portrait		CutsceneNeutrals,Mobs		TechpriestExplorator_CP,NobleMale_CP_Correct	Opticon22_VisualSettings,Character_smallWHTest_VisualSettings			3	NobleInPalace>Character_smallWHTest
f9e6011e5ec24e5cab73d00b0a03d508	AgriWorldTechnomant				Mutant1_Portrait		CutsceneNeutrals		Technomat_CP	AgriWorldMagus_VisualSettings			1	
f9e7e03b25a74c63aa02408c978670ff	AgriWorldGovernor_AstropathicChapelCH2				VistencaVjatt_Portrait	HumanAgriWorldArmy	CutsceneNeutrals	GovernorHealerBrain		AstopathicGhostMale_VisualSetting			1	
f9ebd61ac97e412ea3e57fd56014747e	Enforcers_Ranged_VoidshipCrypt					NewGenestealersCultArmy	CutsceneNeutrals	GenestealerSniper_VoidshipCrypt_Brain	ValantiusEnforcerCarapace_CP	GeneCultistMale_VisualSettings	SniperRifleT2_Item	ArmoredBodyglove2_Item	1	
fa2119837c404fd888425e31b38c0310	Ch04Vladaym_MeleeThug_unit				JungleWorldRebelOfficerMelee_Portrait	NewHumanImperiumArmy	CutsceneNeutrals	Ch04_Thug_brain	Bandit_Hitman_CP	JungleWorldRebelMeleeTough_VisualSettings	ChainSwordT2CH4_Item	VoidsmenArmour_Item	1	
fa3af623d6f24237895aabde808640eb	RE_DemonTransform_BlessedBloodletter					NewDaemonArmy	Mobs	KhorneBloodletter_Basic_Brain		KhorneBloodletter_VisualSettings	KhorneBloodletterSword_Weapon		2	KhorneBloodletter
fa69ec8f5dcf4241bc7c250cde9945fc	RaycadMinoris_Technician						CutsceneNeutrals		Techpriest_CP	RaycadMinoris_Technician_VisualSettings			1	
fa7c3d2ba6924827890071b30cd66792	MutatedNobleRanged				JungleWorldRebelMelee_Portrait	NewHumanImperiumArmy	Mobs		JanusNoble_Corrupted_CP	MutatedNobleRanged_VisualSettings	NeedlePistol_Item		1	
fa9127201a1e4518bd57e102b488ee63	Solomorne_LvL40_Varl1n_v2_ExportedPregen				SolomorneAnthar		Player	SolomorneCompanion_Enemy_Brain		Winterscale_Companion_VisualSettings	ScopedShotgun_Item,TorturerMaul_Item	WarriorArmour_Item	1	
fa9b7e03228240558b2b362120b75503	FootfallSewers_Bandit_Ranged				BCT_BanditMaleAnverNoArmor01_Portrait	NewHumanBanditsArmy	Mobs	FootfallSewers_Bandit_Ranged_brain	Bandit_Hitman_CP	FootfallBandit_VisualSettings	SplinterRifleKabalite_Item	ScrapChainmail_Item	1	
faa094cb587c4e10a54a6774f2842dae	DeathCultist_PeacefullWeaver4						CutsceneNeutrals			GeneCultistMale_VisualSettings	DeathCultSwordCH2Unique_Item,DeathCultSwordT1CH4_Item		1	
fab878295bd74399b3ae82975e2e85ec	EufratesCSM_HeavyBolter_unit			SpaceMarineStandardRace		NewChaosSpaceMarineArmy	Mobs	EufratesCSM_HeavyBolter_brain		ChaosSpacemarineLair1_VisualSettings	AstartesBolter_Item		1	
fac518e39d794f5797f1c21077453c5c	LT_Sharper						CutsceneNeutrals			Footfall_GenericVendor_VisualSettings			1	
fad2b15d939041ed950f57b832eabad7	OfficersDeckCrewChaosPrayer					NewHumanImperiumArmy	HelpingPlayer	Officer_Brain	OfficersDeckCrewChaosPrayer_CP	FootfallBanditFemale_VisualSettings	Autopistol_Item		1	
fada7536cfcc4b7abd33e620871b31cb	Eufrates_LordOfChange_unit				LordOfChanges	NewDaemonArmy	Mobs	Eufrates_LordOfChange_brain		Settings	Eufrates_LoC_Claw_Item		1	
fadc6732465242c5a673e09d13190830	RoaringMale_Gladiator2					HumanDeathWorldArmy	CutsceneNeutrals			Gladiator_VisualSettings	StubRevolver_Item	GuardFlakArmour_Item	1	
faf9328578a141c09def3691ed592404	CassiaCompanion_Ch04_Start			HumanRace	Cassia_Portrait,PlayerAasimarPaladin01_Portrait		Player			CompanionCassiaPrototype_VisualSettings,Character_VisualSettings	WarpGuideStaff,Repeater_Longlas_Item,Longlas_Item,Autopistol_Item	Synskin_Item,GuardFlakArmour_Item	3	CompanionCassiaPrototype>Character
fb0a9b4990604d44a64b8a4440f4b3ae	EvilCodeGramofonVar1				EvilCodeGramofon_Portrait	NewMachineArmy	Mobs	EvilCodeGramofonBrain		EvilCodeGramofon_VisualSettings			2	EvilCodeGramofon
fb0e281967f04df4fab1154e2b3ccc1a	TrapActor_Lvl08						Traps			TrapActor_Lvl03_VisualSettings	TrapDagger_Lvl08,TrapDagger_Lvl03		2	TrapActor_Lvl03
fb103d0ea6b04d6b89ecccd0fb7dd956	CultistRangeLair1_Bark					NewHumanCultistsArmy	Mobs	CultistRangeLair1_drover_brain	Cultist_Regular_CP	CultistRangeLair1_VisualSettings	Autogun_Cultist_Lair1,Autogun_Item	ArmoredBodyglove2_Item	1	
fb2d9bd5d36b4537b30e8800690a671c	JungleWorldEldarSeer_Muaran					NewAeldariArmy	Mobs	SeerBrain	EldarGuardT1_CP	JungleWorldEldarMeleeUnit_VisualSettings	WraithBoneStaff_Item,EldarChainSword_Item	AeldariRuneArmour_Item,EldarRangerArmour_Item	2	JungleWorldEldarMeleeUnit
fb437c3f1027400bac45d57911672ea7	Footfall_TestVendor_ReputationTest						Friends			Footfall_TestVendor_VisualSettings	ShockBaton_Item	GuardFlakArmour_Item	3	
fb52b970e98e4159950eb60d84ac3f43	CorruptedSkitariiAlphaPower_Melee					NewHumanAdMechArmy	Mobs	RushSquadBrain		CorruptedSkitari_VisualSettings	PowerSword_Item		1	
fb5a02f5fd624801991f40513e126984	Astropath_Stavros						CutsceneNeutrals			AstopathicGhostMale_VisualSetting			1	
fb6fc76aaf3c423a93c52585473bfdf4	PossessedRabbleRangedSERandomEncounter				BCT_Male_Lowerdecks_Worker_Portrait	NewHumanImperiumArmy,HumanVoidBornArmy	Mobs,CutsceneNeutrals		VoidCrew_CP,Lowlifers_Clan1_CP	RabbleRange_VisualSettings	StubRevolver_Item	ScrapChainmail_Item,GuardFlakArmour_Item	2	RabbleRange
fb8d0801dd2f4d588978d0d8499a181d	DemagogueFlock						CutsceneNeutrals			GeneCultistMale_VisualSettings,BridgeCrewMemberNavy_VisualSettings			2	Confessor_Void
fb8ee3db9c644e23b1b990cdb9fdfc2b	DoorLockerTechpriest1					NewHumanAdMechArmy	CutsceneNeutrals,Mobs			AssassinTechpriest_VisualSettings	MarksmanRifle_Item		2	AssassinTechpriest
fba3de3263ac4b78a101bf592dd5c3f8	CassiaCompanionCh02Middle			HumanRace	Cassia_Portrait,PlayerAasimarPaladin01_Portrait		Player			CompanionCassiaPrototype_VisualSettings,Character_VisualSettings	Longlas_Item,Autopistol_Item	ArmoredBodyglove_Item,GuardFlakArmour_Item	3	CompanionCassiaPrototype>Character
fbae235786054a30bf12c12090ee8c6f	BridgeCrewMemberBloodGuard						CutsceneNeutrals		BloodGuardEnforcer_CP,ValantiusSoldier_CP	GeneCultistMale_VisualSettings,BridgeCrewMemberGuard_VisualSettings	ChainSword_Item,LasPistol_Item	GuardFlakChestplate_Item	2	BridgeCrewMemberGuard
fbbd2bab9d1c409ab09a451a2a5fe9ce	RE_BridgeUnique_Crew					NewHumanImperiumArmy	CutsceneNeutrals	RE_BridgeGuard_Brain	NavyOfficer_CP	BridgeCrewMemberNavy_VisualSettings	LasPistol_Item,RE_BridgeUnique_Zombie_Hands		1	
fc03625487794c0d8ac22854804f201e	Lair3RebelMeleeTough					NewHumanBanditsArmy	Mobs		PirateChest_CP	Lair3RebelMeleeTough_VisualSettings	PowerSword_Item	FlakVest_Item	1	
fc1001dd7d6b4c7c9057a73067d640d2	DrukhariWychRangeM_GrandSpectacle_unit					NewDrukhariArmy	Mobs	DrukhariWychRange_GrandSpectacle_brain	WoundSky_Wyches_CP	DrukhariWychPrototype_VisualSettings	ShurikenCatapult_Item	WychArmour_Item	1	
fc33672a4a0e4d7f8531c85101fa535f	OccludingSphereDraft					NewDaemonArmy	Mobs			OccludingSphereDraft_VisualSettings			1	
fc3554c1ebd94c37bc2f3fd799364762	FootfallAnverCutterFrenzy_Melee_Common					NewHumanBanditsArmy	Mobs	MeleeCutterBodyguard_Brain	Anver_Shooter_CP	FootfallBanditThug_VisualSettings	AxeT2_Item	GuardFlakArmour_Item	1	
fc3e4f4ca6ba49a796498c4f217284c8	Gaprak						CutsceneNeutrals			TorianaGaprak_VisualSettings			1	
fc3f394af00a47f7add5725cdd2b5c50	LT_Beggar_Female_Uniq						CutsceneNeutrals		LT_Beggar_CP	Footfall_Worker_VisualSettings			1	
fc499acc4f904f2e95efa9e00e7eac4f	ServoSkullRogueTraderPalace				JungleWorldRebel_Portrait		CutsceneNeutrals			ServoSkullRogueTrader_VisualSettings			1	
fc6d7875613c418490f88954ee2b9e55	RTChaos					NewHumanImperiumArmy	CutsceneNeutrals	AbelardAlternative_Brain		Character_VisualSettings	EruptionMultiMelta_Item,LifeDrainingSword_Item	ChaosEnforcerCarapace_Item	1	
fc780492797f46c38c6ba9a86dd72f15	Gusev_RT_26lvl_ExportedPregen			HumanRace	PlayerAasimarPaladin01_Portrait		Player			Character_VisualSettings	PowerSwordT1CH02_Item,EldarChainSword_Item,HuntingRifle_Item	EnforcerLightCarapaceOrigin1_Item	2	Character
fc789e5b5d48415986a1289c9f283b8f	Clotus						CutsceneNeutrals			BridgeCrewMemberNavy_VisualSettings			1	
fc81f71b2fb74dfab8871a854c1c4486	PascalCompanionCh03Middle			HumanRace	Pascal_Portrait,PlayerAasimarPaladin01_Portrait		Player			CompanionPascalPrototype_VisualSettings,Character_VisualSettings	OmnissiahAxe_Item,PlasmaRifle_Item,Autogun_Item	TempestusCarapace_Item,FireproofCarapace_Item,EnforcerCarapace_Item,GuardFlakArmour_Item	5	PascalCompanion_Gamescom>PascalCompanion>CompanionPascalPrototype>Character
fc8d77919d7b4773893dc543487b9b88	DrukhariKabaliteTempest					NewDrukhariArmy	CutsceneNeutrals,Mobs	KabalitePositionalBaseBrain	HeavyRT_CP,RTSoldier_CP	DrukhariKabalite_VisualSettings	SplinterRifle_Item		2	DrukhariKabalite
fc93b0d1cd1340b6a5070d1ffac460f8	SolomorneCompanion_NPC_Ch01_TaintedStreets				SolomorneAnthar		CutsceneNeutrals,Player	SolomorneCompanion_Enemy_Brain		Solomorne_VisualSettings	Solomorne_Foehammer_Item,Solomorne_Shotgun_Item	ReactivatorArmour_Item	2	SolomorneCompanion
fc9f3392f34d408aacc8e77babfa8d15	TaintedStreetsCultistLeader					NewHumanCultistsArmy	Mobs	CultistLeader_Brain		TaintedStreetsCultistLeader_VisualSettings	Shotgun_Item,PsyFocusStaff_Item	MeshVest_Item	1	
fcd572e376f44f919f466544650a7f38	DrukhariGrotesque_MeleeRanged_ArenaFiend					NewCreaturesArmy	Mobs	DrukhariGrotesque_ArenaFiend_Brain		DrukhariGrotesque_Ranged_VisualSettings	DrukhariGrotesqueArena_Liquifier_Item,DrukhariGrotesqueArena_Claw_Item		1	
fcd59a7f251941f98f7bb485f5f9dead	4y6_Cassia_35lvl_ExportedPregen			HumanRace	Cassia_Portrait,PlayerAasimarPaladin01_Portrait		Player			CompanionCassiaPrototype_VisualSettings,Character_VisualSettings	RedCrystalStaff,WarpGuideStaff,Longlas_Item,Autopistol_Item	HeadhunterLightCarapace_Item,GuardFlakArmour_Item	3	CompanionCassiaPrototype>Character
fcda3c0e4a54446b95464eaaf839b358	JailPlanetoidPrisoner					NewHumanBanditsArmy	Mobs	RangedCloseBaseBrain	JailPlanetoidPrisoner_CP	FootfallBandit_VisualSettings	Autopistol_Item		1	
fcf68189a21e487697568e758c614889	4y6_Kibbelah_35lvl_ExportedPregen			HumanRace	Kibellah_NoMask_Portrait,Argenta_Portrait,PlayerAasimarPaladin01_Portrait		Player			Kibellah_VisualSettings,CompanionArgentaPrototype_VisualSettings,Character_VisualSettings	SwordOfOnslaught_PowerSword_Item,DeathCultKnifeUnique_Item,DeathCultBladeT1CH2_Item,Bolter_Item	EnforcerLightCarapaceOrigin1_Item,EnforcerLightCarapace_Item	3	CompanionArgentaPrototype>Character
fd13c7ff9a304cd6bf3f8aa9e5e40d96	OfficerDeck_WoundedCrewMember						CutsceneNeutrals		NavyOfficer_CP	BridgeCrewMemberNavy_VisualSettings	LasPistol_Item		1	
fd1687337fb74ff6b16832c3c8b402a7	Cassia_Bakula_46_ExportedPregen			HumanRace	Cassia_Portrait,PlayerAasimarPaladin01_Portrait		Player			CompanionCassiaPrototype_VisualSettings,Character_VisualSettings	BloodhoundNavigatorStaff,StaffOfHouseCassini,Longlas_Item,Autopistol_Item	AssaultArmour_Item,GuardFlakArmour_Item	3	CompanionCassiaPrototype>Character
fd1f21fe7efc426b8fc4f5f729f7a1fe	WeissPsyker_miniboss_AstropathicChapelCH2				Zacchary_Weisz	NewDaemonArmy	CutsceneNeutrals	CultistPsyker_Ranged_Brain		AstopathicGhostMale_VisualSetting	AstropathsStaffUnlootable_Item		1	
fd2dabc11b2044ab9c31180a9f0372c6	Kibellah45lvl_ExportedPregen			HumanRace	Kibellah_NoMask_Portrait,Argenta_Portrait,PlayerAasimarPaladin01_Portrait		Player			Kibellah_VisualSettings,CompanionArgentaPrototype_VisualSettings,Character_VisualSettings	BloodseekerKlaive_Item,VenomBladeT2CH04_Item,AutoStriking_PowerSword_Item,Bolter_Item	Assault_EnforcerLightCarapace_Item,EnforcerLightCarapace_Item	3	CompanionArgentaPrototype>Character
fd346c7274224591b5af39e6b28fa214	HumanZeke_MeleeRanged_VoidshipTempleAmbush					NewHumanBanditsArmy	CutsceneNeutrals				FlamerPistol_Item,ChainSword_Item	CasingChestplate_Item	1	
fd5eeb01c6bf488f9b1a5860da74cf72	VC2_Servant					NewHumanImperiumArmy	CutsceneNeutrals	VC2_Servant	PriestServant_CP		ChainAxeT2CH4_Item_Unlootable		1	
fd69d9b3ecfc47fb962f49a9485a580d	KorneliusDrivesteam						CutsceneNeutrals			Character_smallWHTest_VisualSettings			1	
fd719a0fa3cf424a82e67450a7890b35	TalkerPDChambers					NewHumanImperiumArmy	HelpingPlayer	Officer_Brain	ValantiusSoldier_CP	BridgeCrewMemberNavyFemale_VisualSettings,BridgeCrewMemberGuard_VisualSettings	ShockBaton_Item,LasgunUnlootable_Item		3	EnforcerPDChambers>OfficersDeckGuard
fd748432d60e46759c5ce81bf5b1929f	VoidshipReactor_InfernusFireTeam						CutsceneNeutrals		InfernusHeavy_CP	Footfall_Worker_VisualSettings			2	OfficersDeckWorker
fd780476c2db4382a28a62ab5bb2fb95	Footfall_Generic_BanditLeaderSniper					NewHumanBanditsArmy	Mobs	RangedPositionalSniperBrain			SniperRifle_Item	GuardFlakArmour_Item	1	
fd7991f12a284428b1f9a1e3dcb8fcbf	FW_HideAndSeek3_TruePriest_Male						CutsceneNeutrals			Footfall_Worker_VisualSettings			1	
fd861238359d4f8a821e8fb41132318b	FootfallBandit_Quicksilver					NewHumanBanditsArmy	Mobs	RangedRushBaseBrain	Anver_Common_CP	FootfallBandit_VisualSettings	Autopistol_Item,Axe_Item,ChainSword_Item		2	FootfallAnver_MeleeRanged_Swarm
fd8bf2aeec9543758b3423cccabfbc67	-Latyshev_Kibellah_Exec_Level25_ExportedPregen			HumanRace	Kibellah_NoMask_Portrait,Argenta_Portrait,PlayerAasimarPaladin01_Portrait		Player			Kibellah_VisualSettings,CompanionArgentaPrototype_VisualSettings,Character_VisualSettings	NobleSword_Item,SwordT2CH01_Item,SerratedGreatSword_Item,Bolter_Item	DeathCultArmour_Item,EnforcerLightCarapace_Item	3	CompanionArgentaPrototype>Character
fdc9d81e720e472db615031400618d99	CrewOfficer					NewHumanBanditsArmy	CutsceneNeutrals	RangedCloseBaseBrain	OfficerPirate1_CP	OfficerRangedRandomEncounter_VisualSettings			1	
fe0905c0e1a54bd39e3ddfb3671fe745	LT_DeathCultist_Accident						CutsceneNeutrals		PlebMale_CP	GeneCultistMale_VisualSettings	NeedlePistol_Item		1	
fe12ce2755904efbb036f18a7032335a	-HorrorOfTzeentchPinkLongRange_RandomEncounter				HorrorOfTzeentch_Pink_v04_Portrait	NewDaemonArmy	Mobs	HorrorOfTzeentch_LongRangeBrain		DemonHorror_VisualSettings	TalonedHands_Item		1	
fe3eab7c969147348f6c729fc3ccc77d	DeathCultReaper_Melee_CultFinalDuel_02					NewHumanImperiumArmy	Mobs	TheReaper_CultFinalDuel_Brain	DeathCultReaper_Melee_CP	CultistRange_VisualSettings	DeathCultPowerBladeT1CH4_Item	DeathCultBreastplate_Item	2	DeathCultReaper_Melee_CultFinalDuel
fe42afe57c78436d941ae685e1b7f23e	Astropath_F						CutsceneNeutrals		AstropathF_CP	AstopathicGhostFemale_VisualSetting			1	
fe47c2958ac54c98ab29b37261e2c03d	CultistLeaderSororitasQuest					NewHumanCultistsArmy	Mobs	CultistLeaderSororitasBrain		CultistLeaderSororitasQuest_VisualSettings	PlasmaPistol_Item	ArmoredBodyglove2_Item	6	
fe4e40b313cb44209be01d330fe1e7f6	HeinrixCompanion_Level29_ExportedPregen			HumanRace	Heinrix_Portrait,PlayerAasimarPaladin01_Portrait		Player			CompanionHeinrixPrototype_VisualSettings,Character_VisualSettings	AncientForceSword_Item,InfernoPistol_Item,StaffOfBlood_Item,ForceSword_Item	FencingBodyglove_Item,GuardFlakArmour_Item	3	CompanionHeinrixPrototype>Character
fe543f19e168427991f5638ff7581c93	RaycadMinoris_TechnicianTrader						CutsceneNeutrals			RaycadMinoris_Technician_VisualSettings			1	
fe60ba6c612847f6b628cf5e1a72cd13	NecronFlayedOne_Melee_SurvivorCamp_Elite					NewNecronArmy	Mobs	NecronFlayedOne_Elite_Brain		NecronFlayedOne_Melee_VisualSettings	NecronFlayedOne_Claws_Item		2	
fe6fd533e8294f84862f9ebb1ffe0d68	LT_SF_Enforcer_RangedBoltPistol_CutSc					NewHumanImperiumArmy	HelpingPlayer	RangedRushBaseBrain	GuardRichMale_CP	Footfall_EnforcerFemale_VisualSettings	BoltPistol_Cutscene,BoltPistol_Item	ArmoredBodyglove2_Item	2	Enforcer_Ranged_Common
fe72f7e3b67347a7bab5af0d1d0389f0	VC_Choirmaster						CutsceneNeutrals		AstropathM_CP	Footfall_Worker_VisualSettings			1	
fe7a8ad3f5e048b1a9b42b6500153932	GreaterDemonPlaceholder					NewDaemonArmy	Mobs	HeraldOfTzeentch_Brain		Helbrute_VisualSettings	TalonedHands_Item		1	
fe8b406e696e4e21adf0d8a42909f28e	MasterCogitatorYota						CutsceneNeutrals			BridgeCrewMemberNavy_VisualSettings			1	
fef468782acc47cc8ae1c0dae3b8c1b1	NecronLokhustHeavyDestroyer_Lair4				DarkMechanicus_Portrait	NewNecronArmy	Mobs	NecronLokhustHeavyDestroyer_Lair3_Brain		NecronLokhustHeavyDestroyer_VisualSettings	GaussGun_Weapon		2	NecronLokhustHeavyDestroyer_Lair3
fef7d79bae924dfdb527e396153fbc79	NecronLair3CanoptekScarabs				Soldier1_Portrait	NewNecronArmy	Mobs			CanoptekScarabs_VisualSettings			1	
fefa20ceac7d42b18a2c830044daa163	RE_DemonTransform_BlessedHorror				HorrorOfTzeentch_Pink_v02_Portrait	NewDaemonArmy	Mobs			DemonHorror_VisualSettings	TalonedHands_Item		1	
ff07eb08f2224113a64caaca7d0283b2	ChtonosPainEngine					NewDrukhariArmy	Mobs	ChtonosPainEngine_brain		DrukhariCronosPainEngine_VisualSettings	CronosTentacle_Item,ChtonosCannon_Item		1	
ff579f2605ab46c8951a2bc637de0715	RTFaithFemale					NewHumanImperiumArmy	CutsceneNeutrals	ArgentaAlternative_Brain		CharacterFemale_VisualSettings	SarragusHeavyBolter_Item	VoidsmenArmour_Item	1	
ff5b640a768e42c5b8ac4b62c63adaf0	Haemonculae				Haemonculus	NewDrukhariArmy	CutsceneNeutrals	DrukhariHaemonculus_MeleeRanged_Brain		Haemonculus_VisualSettings	WarpFocusingStaff,DrukhariHaemonculus_PistolSpecial_Item,DrukhariHaemonculus_HandsSpecial_Item	KabaliteArmourT2_Item	1	
ff5d25952743468bbc779e229ace6015	Dummy99						Mobs			Dummy99_VisualSettings			1	
ff6dbf7097b74c8e9c6ec780e3e3cf71	Plaguebearer_MeleeRanged_BlackShip_Sphere					NewDaemonArmy	Mobs	Plaguebearer_MeleeRanged_BlackShip_Brain		Plaguebearer_VisualSettings	Plaguebearer_Plaguesword_Weapon		1	
ff6e4e15ef284fc5a8eeaa02588312cd	CorruptedMagus				Mutant1_Portrait	HumanForgeWorldArmy	CutsceneNeutrals	Magos_ScrapCode_Brain		CorruptedMagus_VisualSettings	Flamer_Item	CasingChestplate_Item	1	
ff7aed282b234d3587fe63e91197e9d8	Footfall_Octaviana				OctavianaBarmen		CutsceneNeutrals		PlebMale_CP	Footfall_Commoner_VisualSettings			2	Footfall_Commoner
ff889cc9e7d04ffe9985837c51c9fb56	HaemunculusClone_MeleeRanged_TheDoor					NewDrukhariArmy	CutsceneNeutrals	RangedFinisherlBaseBrain		Farseer_VisualSettings	BleederSplinterPistol_Item,BleederClaws_Item		1	
ffb1c53038214d9a8f97ffaf02b79a6e	BoardedShip_Reactor_Gunner_Hard_Unit					NewHumanBanditsArmy	Mobs	BoardedShip_Range_Brain	StrongPirate1_CP	FootfallPirate_VisualSettings	HeavyStubber_Unlootable_Item	-ArmoredBodyglove2_BoardedShip_Unlootable_Item	1	
ffdd7a35081e4988abddd153cf9f0616	AbelardCompanion_Ch04_Presstour			HumanRace	Abeliard_Portrait,PlayerAasimarPaladin01_Portrait		Player			CompanionAbelardPrototype_VisualSettings,Character_VisualSettings	BonebreakingMaul_PowerMaul_Item,AntiVechicle_StubRevolver_Item,CalibratedHeavyStubber_Item,ChainSword_Item	CrusadePlateArmour_Item,HeavyEnforcerCarapace_Item,EnforcerLightCarapace_Item	4	AbelardCompanion_1lvl>CompanionAbelardPrototype>Character
ffee85dc1bee4fe28691ec81ecd763ee	NecronDeathmark_Ranged_Epitaph					NewNecronArmy	Mobs	NecronDeathmark_Brain		NecronDeathmark_VisualSettings	NecronDeathmarkRanged_Epitaph_Item,NecronDeathmarkRange_Weapon		2	NecronDeathmark_Prototype
fffb8ac222db424e8d6a377e1dad8a97	MutantSororitasQuest					NewHumanImperiumArmy	Mobs			MutantSororitasQuest_VisualSettings	Sword_Item	HeavyLeathersArmour_Item	1	
fffed8b281aa45fc9926d62d7aaf94c9	Master_ArbitesCyberMastiff_PetUnit				ArbitesCyberMastiff	NewPetArmy	Player	MastiffPet_Default_Brain		Master_ArbitesCyberMastiff_VisualSetting	Master_ArbitesCyberMastiff_Claws_Weapon		4	
