4y6_Abelar_22lvl_ExportedPregen	2bda6a2ea28e46b1a0dca3f86594bcfe
4y6_Argenta_27lvl_ExportedPregen_ExportedPregen	ca4a953a632c45489b7f299b76875bf3
4y6_Cassia_22lvl_ExportedPregen	185adb68735f42c8ac9c9cfd96265f2d
4y6_Cassia_27lvl_ExportedPregen_ExportedPregen	6a99cf53d3c24f5b9e1e2fc8f31fb8da
4y6_Cassia_35lvl_ExportedPregen	fcd59a7f251941f98f7bb485f5f9dead
4y6_Heinrix_22lvl_ExportedPregen	9e6a9a2aad394ff39e770ddd6dd99da1
4y6_Heinrix_27lvl_ExportedPregen_ExportedPregen	afd59a0446084706a74f08084a176e7f
4y6_Heinrix_35lvl_ExportedPregen	7e6309af554e4d5bab35be517a711ad8
4y6_Idira_22lvl_ExportedPregen	0d76848abe61420aa007de4c3696a1ef
4y6_Idira_22lvl_PetRaven_ExportedPregen	57c223a2fda84900bde650b466ced8d8
4y6_Idira_27lvl_ExportedPregen_ExportedPregen	aef4966b80e84b5e984a27ea2ad2e45a
4y6_Idira_35lvl_ExportedPregen	62993e94d1194cb7a07345e668480ea6
4y6_Kibbelah_35lvl_ExportedPregen	fcf68189a21e487697568e758c614889
4y6_Kibellah_22lvl_ExportedPregen	a3861a30b39a4d3c91f2b5ef473677ed
4y6_Kibellah_27lvl_ExportedPregen_ExportedPregen	8c55ad7e1a634b1eb5fa11c94af41491
4y6_Sniper_22lvl_ExportedPregen	9b10d8b903c34a92a8f1bdb3d67fb9ae
4y6_Sniper_27lvl_ExportedPregen_ExportedPregen	893ba99940954cd7b1300d3bf1fa42f2
4y6_Sniper_35lvl_ExportedPregen	0b26ec3ff9054ff0a5a564998f786b6c
4y6_Yerliet_35lvl_ExportedPregen	e1ed0bf4b6c74729876630ca7ebae706
4y6_Yrliet_22lvl_ExportedPregen	913062a7d4644c6e93990674a62c7b84
4y6_Yrliet_27lvl_ExportedPregen_ExportedPregen	63ec2358259f418a83bb3dea0f7283f9
4y6_Yrliet_41lvl_ExportedPregen_ExportedPregen	9c6e1a8c452f4f7a88c32adaa1723f68
APA_ServoSkullPaperWork	c0e06ffd0e1c490d9b1e481a5320b900
APA_ServoSkullScriptor	1729b38826d54dc7850d5dbeadf73866
Abelar_Bakula_46_ExportedPregen	f6738cac756048d3aaf550128b2140c2
Abelard	271586e10251407b8be6344274375aa0
Abelard35Yremeris_ExportedPregen	c912c68f1ba94ed1b82e90d93a88c4cb
AbelardAlternative	d620361bbbaf483d8396f998750a2faa
AbelardCompanion	51604d37ac0e499da70e2c4a4f086066
AbelardCompanionCh02End	7a92f84c52054b11a200ee54f36f97d4
AbelardCompanionCh02Middle	00c849aa82384a4981032f4331deb084
AbelardCompanionCh02Start	7d283cafa6d04574be55b2ae6440d3bf
AbelardCompanionCh03Middle	f635b1d15476481b98d2396b2d10b524
AbelardCompanionCh03Start_NoWeapon	51833fad03f64b39b14c24a90e090c72
AbelardCompanion_1lvl	e7aea85c665d4a6d9afc3f7bd0e9346a
AbelardCompanion_2lvl	96fc113b220a4c8c934df845ae8a9a5c
AbelardCompanion_4lvl	cf30b3c7e6c84d0b9502bd8b58f7e7a4
AbelardCompanion_Ch02_Lategame	ec2f50cc1d01479aac3b87ab0d3a14e3
AbelardCompanion_Ch02_TrueMid	30a480d9fe9b4729a7b4c3309838d003
AbelardCompanion_Ch02_TrueStart	5d858553a709444891fcee136c87479d
AbelardCompanion_Ch03_Fake	5474486f1a5049dfae205e1ac4baf48f
AbelardCompanion_Ch03_TrueStart	c96c3d28db104ff2a10de3f5d590cd2f
AbelardCompanion_Ch04_Lvl40	09de569052de4bc2951b402e04dd7cfe
AbelardCompanion_Ch04_Presstour	ffdd7a35081e4988abddd153cf9f0616
AbelardCompanion_Ch04_Start	bfe8806fed984421b963774dba6b2e70
AbelardCompanion_Ch04_TrueStart	c18130ec15f7441381b302ab01f6ce58
AbelardCompanion_Ch05_Finale	4183901d9ad04ab3b5d3447b92483cf3
AbelardCompanion_Ch05_TrueStart	df7367d2b37f474f8aed327b40dbe770
AbelardCompanion_Chapter1_Middle	5eb133b8a28b44969985db66d5ab2df4
AbelardCompanion_Chapter1_Special	ca1011074a6743b192fc51a0fc4d2e4b
AbelardCompanion_Chapter1_Start	55693d88500c44a4a17102b33da2edf8
AbelardCompanion_Gamescom	65b78875af9240d195c2f3aaaaa5ff41
AbelardCompanion_Level15_ExportedPregen	2a159a0d205446d281f33775948380f3
AbelardCompanion_Level19_HarmonParty_ExportedPregen	e65970e6a22548a98a2a6d4690cf5981
AbelardCompanion_Level22_NeiliusParty_ExportedPregen	df537cc0376042dc886c785fe3261b7c
AbelardCompanion_Level27_CyrusParty_ExportedPregen	e80ebacc1a204f3f818e2bafe933439e
AbelardCompanion_Level29_ExportedPregen	200ce0c1ddc640e3bf993710b7a1cfaf
AbelardCompanion_Level31_TesseraParty_ExportedPregen_ExportedPregen	cf50b6d3fab74e6b8b5d7b611355b671
AbelardCompanion_Level42_OlegParty_ExportedPregen	5f4987a24cdb4512b37cb5eb8cabf6be
AbelardCompanion_Level7_EtelParty_ExportedPregen	a909759a174a489498ee9418b8ecd18c
AbelardCompanion_Lvl40_Bakula_ExportedPregen	64f0231a60b54f59bcaa861c4b616bba
AbelardCompanion_Lvl40_Vlad_NavyOfficer_Pregen	82bf80eab44f4fe980236ce293b19740
AbelardCompanion_SoundTest	3a56c435bcf4406d8f659b0c9ed8519a
AbelardCompanion_level27_VasyaParty_ExportedPregen	442b4df4ea634f78b96e6366d27e9cfd
AbelardCompanion_lvl38_treasureworld_ExportedPregen	97234bef9a5f48bba3d6d2270415edd4
Abelard_50_HardlightLab_ExportedPregen	657932fa896b479fb0a62d5f09919e35
Abelard_Bakula_38LvL_ExportedPregen	f94507c1c77a457fa8a1090bd19adbd4
Abelard_Bakula_level36_ExportedPregen	967c1e13d4be4cb2b40723f2665212e9
Abelard_Level40_VasiliyPreset_ExportedPregen	a3cda57634a74a1cba18a16132ad6763
Abelard_level47_Gamescom2024_ExportedPregen	ce542fd05df7464c9e60f5401cbeb3dc
Aberrant_02_CH02Kelemorph	a9e7b07e14a64f7884cc5976544a2826
Aberrant_02_Hammer_Prototype	671cd4cd98c44d8a9c47aaa698cb4d26
Abess	bcfbc814d2c84257bde7b0e1591baf9b
AchilleasAbdBridgeCrewMemberGuard	f97e408bc40944fe8ef82d4a6d292066
AchilleasAbdBridgeCrewMemberTechnician	e52df95b740d4d8d92cd85516be896a3
AchilleasAbdServitor	a51a8e2556884ed988103ca015e3a4a8
AcolyteCH04LT_AutopistolRanged_Hard	0d93ca54560d4db1bea43b3609de8495
AcolyteCH04LT_ChainsawMelee_Hard	2f63073b36c94d159a0a56825d0f2645
AcolyteHybrid_Prototype	33a6f4cd88b6483598ce36a3c744f185
AdelinePsyker_Ranged_AstropathicChapelCH2	3c8e861d179949b993fbaff63951eb9a
AdeptPsykerQA_lvl4	0fc6013c7f6a4a0890f2a90056cf8c3b
AdministratumEnforcer	a618b33941ca40af89974e56b64610fc
AdministratumMenas	0963357349374da8abfd269497f4bc10
AdministratumOldMan	dbd0790a529047ad895edfdbbfda3b53
AdministratumOldNobleLady	ec07cd0ffa534f7581dbd8681e62c42d
AdministratumQueueMemberF1	339d9651fc1543d28995327ce4185dc8
AdministratumQueueMemberF2	1beb08b4f7f14c21b8fc7a29465c83e2
AdministratumQueueMemberF3	59dfd8713660480e8945e929002edde8
AdministratumQueueMemberM1	90e8c3f05293408baeb671d65be93abb
AdministratumQueueMemberM2	0118900fb174499b9932f2fa4b623896
AdministratumQueueMemberM3	efde5ff641114e0cb421efeb9dab68de
AdministratumStrangeNobleLady	0d3b2eff52a04accbb70e3ad50ea49af
AdministratumWorker1	bfe70bddb4244da1a325c24b96f57c6e
AdministratumWorker2	aec766fd82014283aa7cef5c420d7dcd
AdministratumWorkerF	9fdcd8d02ba74537b698b22ea715236d
AdministratumYoungWorker	d3ec4c8807754cac8665a0dad4b7cc78
AeldariMadman_Melee_Portals	e222c23f8fcb45ccb290b07ada17b6ba
AgentaCompanion_Level47_ExportedPregen	b92ccf5d6d8f4050a4bedf8ebcae964f
AgriWorldGovernor	727fae0e545c0394988f21d490e99ad2
AgriWorldGovernorCompanion	7187c2d9bec0474aa8484fe3ab8304f9
AgriWorldGovernorCompanion_Carapace	935ac31e575a4526a3d7ec62d37b7bd5
AgriWorldGovernor_AstropathicChapelCH2	f9e7e03b25a74c63aa02408c978670ff
AgriWorldGovernor_Carapace	f6e3efe4b8a64ef3984e88d613e0fb5a
AgriWorldMagus	82c9efb12739f3342815786f19c81b5f
AgriWorldTechnomant	f9e6011e5ec24e5cab73d00b0a03d508
AhileasSkalandr	6ca7208d1e20492f9cd6fa1ca097731d
AhileasSkalandr1	d691a8519bc84221bcec4e8f37aee58c
AhileasSkalandrRespirator	c305df660e1a4c8f9b76461340fb94d9
AhilleasAbductionMarazhai	a1247d66599f49a7a147ad0778ee98ec
Aishara_WarCouncil	0d4ce03272a74b93baa910e471aa4dd9
AlliedStarportTurret	21c16d44765f4b5a9ff2b05fef3f59a9
AltGoalsAlliedTurret	39fc3b6f06db4f71ae2c486b7a89e21b
AltGoals_CrazyTechPriest	1b2ad836f8cd437790f32a6c269110ed
AltGoals_CultistTzeentchPortalHolder	91f7b380d8874cbea638819145105fb3
Amalgam_Enforcer	0403d7993eb34663a2279062a1645ec4
Amalgam_Fresh	eb49c4ee45424e8f817b109bea6d181a
Amalgam_Priest	6732f32be47c49e69d40f4f0de55816c
Amalgam_Worker	5749139796bf4f71a72249e1229ffdf5
Ancestor_MeleeRanged	e2b81987117c4e60b623366609038c66
AncientServitor_HaloDevice	7942e05633b44ec7a6a181c783cc6608
Anger	2026563ab8214cbc95fc46fc8b4190b4
AngerVoice	775dacee032e4833bfa36bd8b55d9c25
AngryCitizen	bd94412247484b219b59d53f3e22d827
AnnisServitor_AstropathicChapelCH2	ad2f8e13296d4e7f8ea7393de918172c
AntoniusDD_Melee_AstropathicChapelCH2	e10ade5c8af148c3a9cc296a7b1aa391
Arbites_ch1	3d041e7541124191a06167aff9c70d72
ArbitratorBryce_Subductor	9882862f121c418aa337823d7b8cae4f
ArbitratorClayton_Stubber	efaa71f1acd5476cbbdb03c143368ec3
ArbitratorStein_Subductor	f9493796aae44a75a1d9ce43cd5d1409
Arbitres	ec6e4ba3508e490894a747b6fb156a13
ArbitresOfficer	ee1f9ce3686740c0975034a53fe1a406
ArchMilitant	5a0b89a372404a32af6bf24e75a998c6
ArcheotechReactor_Column_BossFight	124e4c40f7f4485497d8cd9d2584bad2
ArenaElite	a0f919721f254121a070f948a382942f
ArenaGladiator1	09dacd35116745cf8574b030a3d4ebce
ArenaGladiator2	88ed88897fda4b6cb54387990fa3c970
ArenaGladiator3	e2eaf985a4e8443e8781deba5e0f4a3f
ArenaGladiator4	148f8a80d0cd4f8aa8cf9a6bb442a9cc
ArenaGladiator5	393020db26e24dd88f30eea5236d842f
ArenaGladiatorArc3	753243289a7e4887b7db5e04806ffdaa
ArenaMadman_Melee_Prison	f98afc3e53bf4cc6917f99fd41d1aa03
ArenaRanger_Ranged_Prison	675e5268ac504331ada2b9ff191eca3a
Argenta19Chapel_ExportedPregen	7587878490e14a3fad92823a4b7b1a08
Argenta35Yremeris_ExportedPregen	c65897b7b8f34d87acc499b08df92ae5
ArgentaAlternative	3beea8a5a1c1409b9b77db91badc96a3
ArgentaCompanion	ec7f34b2ef6d4624af3e5024f4fc8e6e
ArgentaCompanionCh02End	2efed574695e49b5a5d56f6de2836e4b
ArgentaCompanionCh02Middle	7305a09098c14bd786bdb1908f8f66a3
ArgentaCompanionCh02Start	40ed6a6f3dcc4ce7b9b48f2c8046aa82
ArgentaCompanionCh03Middle	2978489b63d54a198970a082ef4fe121
ArgentaCompanionCh03Start_NoWeapon	cdea8cbaed9545438ac34b13fb722e8f
ArgentaCompanion_2lvl	b03849ceec0f43868027d4ff5eeefd86
ArgentaCompanion_4lvl	3c889dde249040e48ec59610ac34492b
ArgentaCompanion_Ch02_TrueMid	6b7a852d309644d0a8cd3174a47c5477
ArgentaCompanion_Ch02_TrueStart	d5254e5e865948258b9a30ef929b9258
ArgentaCompanion_Ch03_Demo	e3f6d3308288445cbc8fd399e9c7304b
ArgentaCompanion_Ch03_Fake	335bc69a4e3846908414daeeea1bad5a
ArgentaCompanion_Ch03_TrueStart	97f06f96234d4fdcae53df06040d0eb6
ArgentaCompanion_Ch04_Lvl40	8e36d46a343d47cbbe1e5542cb132e92
ArgentaCompanion_Ch04_Start	4fbf2f9ecfa94d5cbe2680972e16d3f4
ArgentaCompanion_Ch04_TrueStart	9225770be50547bebc50ccfb496bcd1f
ArgentaCompanion_Ch05_Finale	76d3888cc25245aaa616fb9672d013d6
ArgentaCompanion_Ch05_TrueStart	8e449c458b65485381a59ca6761aa9f5
ArgentaCompanion_Chapter1_Middle	e45c69ee6e6444669b63ec420dec12d9
ArgentaCompanion_Chapter1_Special	0c1ddea4b6184e9994abc660a27623cc
ArgentaCompanion_Chapter1_Start	3fd3b21211ac4342ac2d207a6287ae84
ArgentaCompanion_Level15_ExportedPregen	33a6bad4e33e4afa8a987d569d197eee
ArgentaCompanion_Level19_HarmonParty_ExportedPregen	f330d8c9eab844b39538ef60fb520cd3
ArgentaCompanion_Level22_NeiliusParty_ExportedPregen	388451911ede47299492a3bb7eebd35b
ArgentaCompanion_Level25_MikandraParty_ExportedPregen	eb7c6b588a13479c8359bd0b6bf9ddaa
ArgentaCompanion_Level25_TesseraParty_ExportedPregen	04eba6c22455422cb863abe7ac899df1
ArgentaCompanion_Level27_CyrusParty_ExportedPregen	f7046834a0d14bcc8f3c8559aea36eae
ArgentaCompanion_Level29_ExportedPregen	a07356113a754bf7b42cc28edbf7c1c9
ArgentaCompanion_Level31_TesseraParty_ExportedPregen_ExportedPregen	ae82ba93bf8e4dbc87a6ae9fb423b74a
ArgentaCompanion_Level7_EtelParty_ExportedPregen	47d98f05bae04c89aa959033c004f41a
ArgentaCompanion_Lvl40_Bakula_ExportedPregen	f9caea5dae324b66b39768dc85ae02e7
ArgentaCompanion_level27_VasyaParty_ExportedPregen	f46477ee4d4f49c5a663a458157a1d2e
ArgentaEvent_OrphanBad	0eeb1a00bc534beb9c6a53ea468d4fcb
ArgentaEvent_Orphan_NonOfficial	a25fde53d23246698c8ea9aed7d52237
ArgentaEvent_Orphan_Official	e9b8dce1f94e4c338b99446380d311a7
Argenta_50_HardlightLab_ExportedPregen	a270c92d30e14bdeafef181dba1e948b
Argenta_Bakula_38LvL_ExportedPregen	518ed13aa7e448abbdaecf4efdcf9f3c
Argenta_Bakula_46_ExportedPregen	92d48cd2d8664b3ea910536859dd4a32
Argenta_Bakula_level36_ExportedPregen	1991edd741ea429fb5eab8e6461bf73a
Argenta_Level40_VasiliyPreset_ExportedPregen	71762d8593ab4bddbe3950743424c193
Argenta_level47_Gamescom2024_ExportedPregen	302d4bbe24e040db97445ec0ec4b434d
ArthurWinterscale	470e0de6425d4228bc082f2f7ebbe537
ArthurWinterscale_Final	1004c857b61d4b4c9ee3357f1822368e
AssassinTechpriest	2869eb5bcf614796b11d8cfc1089ec87
AstartiaVerserian	8e5073fefa36485ca6f145071a7c2b3d
AstraMilitarum_Test_ExportedPregen	15813d7b3ab44b68b1050121886aa83f
Astropath_Adeline	c37fd411f0a145469218c9a62d4d0c68
Astropath_Antonius	cbb25e09dea34317bc66dd16d182f397
Astropath_Dialogue	7fd2672861704bc8ab48157534b01ce3
Astropath_F	fe42afe57c78436d941ae685e1b7f23e
Astropath_M	6aba276b98114c5199658f948c8f7df5
Astropath_Stavros	fb5a02f5fd624801991f40513e126984
Astropath_TelepathicSearch1	c0dbdbac4926483ab3651085b2ea2619
Astropath_TelepathicSearch2	6e55784521f0494e90bbfb7e6f017ea2
Astropath_TelepathicSearch3	d68b125f4c3b4b838f52983200994b35
Astropath_TelepathicSearch4	29e2d79168064f598153e849e02a032e
Astropath_TelepathicSearch5	4411075962934c02b87f4cf867fac0c8
Astropath_TelepathicSearch6	f95279ec8c964f41a58ab5ef427de958
Augment_Holo_Eye_Projection_Unit	afc42a527a284853bbf10c1de392cd99
Augmentator	96515e7237984c90b5bb4462d51b1e96
Augmentator_Head_Implant	2d771dc5deb24ab8bf0b920e5096a5bb
Augmentator_No_Hands	880f22d8066d44d1b3561085bb3e91e6
Aurora	66d7719e0ae944ad9e3f80699c77624e
Avel	a531bde5031e45829c700dde6b5c3a5c
AvelSaved	31bd17ea11cd4712b46526613826af95
BS_ServoSkull	ac700a4ecb8d404fafc2e2ec05151049
BackSceneArbitres	55bd52b1b22f47349f42d4daea6c66f8
BackSceneEnemy	a85582a6b4b24eb1a9e9e418990b83ee
BackSceneEnemyAuto	6e0eef1fafa84facb8a4a3feecfa84de
BackSceneNavyBreacher	710ad225d5c444a78c83690d51747260
Baku_Abelar_34lvl_ExportedPregen	e6d3fdf31e7e4a3db72fe1b78aa093d5
Baku_Argenta_34lvl_ExportedPregen	c82b21536e0e441e98f42a0790fe2d3f
Baku_Cassia_34lvl_ExportedPregen	2d51e56f2498459e941aa6775aec80bc
Baku_Heinrix_34lvl_ExportedPregen	c414ae3f667249d88ab2a97f60b52329
Baku_RT_Over_34lvl_ExportedPregen	435ff7d73fb5403185654699e20bedd9
Baku_Solomon_34lvl_ExportedPregen	3856296c4d05468bade40102c22213f0
Bakula_45_Manipulus_ExportedPregen	5810828a65494b5d93246cfd8d625815
Bakula_45_Manipulus_v2_ExportedPregen	3f1117bd2ddf430194a8c9f74ce01fdf
Bakula_50LvL_Abelar_ExportedPregen	6e45da169e874111b295a36cb22de14a
Bakula_50LvL_Argenta_ExportedPregen	1640f73851e942ad9e87e318e752b5d8
Bakula_50LvL_Cassia_ExportedPregen	d9dc581699cd4bb5afd59ae147521668
Bakula_50LvL_Henrix_ExportedPregen	a524bea64cf94a29a6181d70988ef29e
Bakula_50LvL_RT_ExportedPregen	25d63e509d8d481397b91708d802cead
Bakula_50LvL_Solomon_ExportedPregen	1dd2b349b6e54684a1d66cb642517404
Bandit	905e090b460f468bbc4878540c76f6f5
BanditInvKittenBarCutscene	20d2707bcde54d478b87472d369a40d9
BetaStart_Player_Female_Unit	1f21b7c3c6124980903bd71530740aaf
BetaStart_Player_Male_Unit	9e99a43fba944a7aa6f51fca82619970
Bishop	eb5a3f4364a2445a8dd10d640f3cb494
BlackShipTarantul	4e953c99cdd84f8a8d1a21badb652954
BlackshipCrew	8d420c63fc4646a8b888ef39f611aee5
BlackshipCrewInquisitor	7dd7034305284d92a31d7059e1d6a376
BlackshipCrewMainAgent	d760710d399e44d9a95fe012e9748a77
BlackshipCrew_Flamer	d52dbcb45e404270a318ca66b0c24303
BlackshipCrew_Sergant	355570f6be5441da92bdab4974a8e1c7
BlackshipPsyker_Ghost	c696080db8ca4cb49d9c1fd577f6a1d2
BloodTrainingEnforcer	5c0608ca2cd741359a934acdbd297203
Blood_Raven	88651654158644c699669d2ecb1ebc94
BloodthirstyExperiment_Melee_ReavingTempestSpire	744649da123e4f1b880d8d74ee20e95b
BoardedShip_Arbites_Bryce_Pregen	91cfd33f7d6144028d7211ef746f54cd
BoardedShip_Arbites_Clayton_Pregen	8f7692f2e46d4959b8501115905c2a34
BoardedShip_Arbites_Stein_Pregen	9f1b785d6baa4189a54f3596024a91f2
BoardedShip_Bridge_Melee_Ally_Swarm	f276ecc6b11d40a2af6132db7f2891db
BoardedShip_Bridge_Melee_Swarm	e08099f80c184a20be4ffa575246b85e
BoardedShip_Bridge_Range_Ally_Swarm	f553d8545285435f8a5daa86281908fa
BoardedShip_Bridge_Range_Swarm	cd10c4b739604c5ea74664237601f35b
BoardedShip_Captain_Normal_Boss	0b68e27a29694d299a987932176e88bf
BoardedShip_InvisibleKitten_Unit	9bd51e007af14b6289b9da5f4004e026
BoardedShip_InvisibleKitten_Unit_New	e3ca8b5078a5491a98d1f40120ff6cc2
BoardedShip_OfficerAoERange_Elite	aaeac3033b454629bc06069c41dcc96a
BoardedShip_OfficerAoERange_Elite	b184ff15b87f4306a5676718773069c5
BoardedShip_OfficerLeader_Elite	5de030ee26e44b278e172fbcc5284a18
BoardedShip_OfficerMelee_Elite	374328ce905546dda10c5d615a372e78
BoardedShip_OfficerRange_Elite	ec48574a719a4a8d82bb6863927e11c6
BoardedShip_Pirate_Gunner_Common_Unit	5b02008c32d34ed7a888d030d8ac35ce
BoardedShip_Pirate_Gunner_Hard_Unit	63f79e80239a4cf7813bcf58e00d2ca2
BoardedShip_Pirate_Gunner_Swarm_Unit	e6891fb59d9b4016b6fb827983340d5e
BoardedShip_Pirate_Melee_Common_Unit	21271cebc0ef40aa89630202f0cb5ac8
BoardedShip_Pirate_Melee_Swarm_Unit	8d6c7ef0be674a75b42da2236dc7b8ee
BoardedShip_Pirate_Shield_Common_Unit	71414b3a5526417cafaa186bb1897ca7
BoardedShip_Pirate_Shield_Hard_Unit	be66e3824eb847e8983f1c8f6acc87e1
BoardedShip_Pirate_Sniper_Elite_Unit	9bff7d1650864d73b47d589a9706bb57
BoardedShip_Reactor_CombatServitor_Unit	21975521353a47c19f373f68949e0918
BoardedShip_Reactor_Gunner_Common_Unit	a2065f770ae3498cbd36a7865942f6bc
BoardedShip_Reactor_Gunner_Hard_Unit	ffb1c53038214d9a8f97ffaf02b79a6e
BoardedShip_Reactor_Gunner_Swarm_Unit	26914f1cddfc4f5b90946a1d1b8e125c
BoardedShip_Reactor_Melee_Common_Unit	07bbf1e88b524a9a8baf324f76c8feec
BoardedShip_Reactor_Melee_Hard_Unit	501f576a4c4443108181d9dcebf30fc7
BoardedShip_Reactor_Melee_Swarm_Unit	7236bcf909374c38bebcfacd34ff1fc6
BoardedShip_Reactor_Shield_Hard_Unit	862ac16b07f6497f9addb441f854df68
BottomlessPit	d4ae3355260d4de7ac22a85a18ddb0ee
BoySacrifice	de285a7f85c042ba833d7119c3f44f82
BranekZarkov	7c32fe6b9a6847c3b0326f167594dd44
BrassWhisper	ca936a024b954b188d2bd397e6ea49d3
BridgeCrewMemberBloodGuard	fbae235786054a30bf12c12090ee8c6f
BridgeCrewMemberGuard	8b47e3086e954f938d4b6d2ca6e34829
BridgeCrewMemberGuard_Chaos	2d6f7fe3dbcf4df8a36f11ec503c23ef
BridgeCrewMemberGuard_Lasgun	5499c2229e8c42b4ae3df2e693cff045
BridgeCrewMemberGuard_Medic	c116bdea88454858b227f0f9bff8e20f
BridgeCrewMemberGuard_Timeline_Bolter	e159330fc4a54465b5ef9d0a47737ebe
BridgeCrewMemberNavy	ca212df9c49449d9adf7d377e02e7c91
BridgeCrewMemberNavy2	4463a680a71945dfa1b7525f941a0064
BridgeCrewMemberNavyFemale	0df9a0a40e3348f58b5b421c6320e625
BridgeCrewMemberTechnomat1	22a4181e9ade4a1abac79ff2d44211ba
BridgeCrewMemberTechnomat2	e376950f2bbb4ba1a3047ba8a8300da9
BridgeCrewMemberTechnomat3	2fd43b3ae376405a817b1f67503a5f2e
BridgeCrewMemberTechpriest	a206a386b83248e093b6aec65ce5b514
CSM_Lair1LastStand_Melee	972789e4b72249998ae48c5cdfa9d3ac
CSM_MeleeRanged_UlfarQuest	6f38c89a029449998545157006d02b73
CSM_MeleeRanged_UlfarQuestStormBolter	d2b2e3df6cb44af480df8c6f8ac31070
CW_NaviRadicalLeader	42f82148f60547ba90593219583cce2c
CW_NaviTraditionalistLeader	02f2b3c0ef2846c2ae54287b10399c5c
CagedPsyker	c79b080d079741528ef77432675441ce
CagedPsyker1	93884503579e42bda54352f513c93c73
Candidate	7268ec72d15e450aa268514e6ffa840f
CannibalGirlScout	5fdd752eeaa6486bbd0fdf6b17d70b8a
CanoptekScarab_Melee_StryxShed	a6f8749675ee44e7b2731d1f624e6938
CanoptekScarabs	c150e56effae4580889db40769ff18d8
CanoptekScarabsDamaged_Melee_ManipulusLaboratory	79a73ef832d24192bdf8b62c7697b796
CanoptekScarabsExplosive_TechArcGrave	4752d6e4ca344ab6b5d2a79d6c66227b
CanoptekScarabs_CrashedShip	7858de30632b489e8ef5ed182ce28863
CanoptekScarabs_Melee_FlayerTemple	36242aadb36f46ec8cc1e18912dd873d
CanoptekScarabs_Melee_ManipulusLaboratory	bff1ac24e8c043cab9ab45177efb0121
CanoptekScarabs_NecronLair3	dfbfb227c72b492499dc09d2f75f9eb8
CanoptekScarabs_TechArcGrave	6b4cbf81aa4c43c2bc7ebbbe9dd8b3a2
CaptainVedkaDunavski	23e16233c5854c1ca0f201d525a349b7
CaptainVedkaDunavski_Camp	8184724b595d4b79ae08b6d60168aafd
CaptainVedkaDunavski_Voidship	7b8bb4548efa410d92074b60074839aa
Captive1	9b56a4c36fbf410faa192a00323f3223
Cassia19Chapel_ExportedPregen	f4911d9d69804aefb844468f74880623
Cassia35Yremeris_ExportedPregen	333562afb9e04dd486cd50508591bb3f
CassiaCompanion	df918c2d635446e8ba6cba0123d2cb6e
CassiaCompanionCh02End	23c42fc36fc74a0287e3133023f5f6b0
CassiaCompanionCh02Middle	fba3de3263ac4b78a101bf592dd5c3f8
CassiaCompanionCh02Start	92686793201147dabf67364e175cc427
CassiaCompanionOverseer_Level38_TreasureWorld	f41e859dad294f8da477c350dbf28af1
CassiaCompanion_Ch02_TrueMid	f7d406cd96214545a6437dc46f0140ec
CassiaCompanion_Ch02_TrueStart	ec806e8d02034da9827421f6cd04380c
CassiaCompanion_Ch03_Demo	95f5e3ac03cb4f66a7198ff7d5ff733c
CassiaCompanion_Ch03_TrueStart	75f12c9a372e4734b432c39431ec70a4
CassiaCompanion_Ch04_Lvl40	776da5f59949465ebc1979b0809d50b6
CassiaCompanion_Ch04_Start	faf9328578a141c09def3691ed592404
CassiaCompanion_Ch04_TrueStart	ef62f623208845e7960f02911a28f6c1
CassiaCompanion_Ch05_Finale	c3e03ef3717242848f753cfc4b77a3d6
CassiaCompanion_Ch05_TrueStart	4861e74e703644e294f6fc1b1d3fce3a
CassiaCompanion_Chapter1_Start	f44d054bbecd4df5bd080da86e43dc43
CassiaCompanion_ForUnitSpawner	4d77805c5d114288b60f398dada469d8
CassiaCompanion_Level15_ExportedPregen	b58cdd5059f64e6d95d6b32174858cc1
CassiaCompanion_Level22_NeiliusParty_ExportedPregen	d82da9c96a504ff385628a1a100e4dd4
CassiaCompanion_Level25_MikandraPartyTrue_ExportedPregen	ed569bc194594e0fa544febd926b1b58
CassiaCompanion_Level25_MikandraParty_ExportedPregen	2b5abf60aaa8447bb12b1e1a4d8b64e6
CassiaCompanion_Level25_TesseraParty_ExportedPregen	08aae1b32d5a41628dff03cb9e33d696
CassiaCompanion_Level28_TesseraParty_ExportedPregen	8771879b615e4cb3b565a7ee9d94fe82
CassiaCompanion_Level29_ExportedPregen	d3fd86a71f314a0cbbe3fc873dda0d1b
CassiaCompanion_Level31_TesseraParty_ExportedPregen_ExportedPregen	4632e9a861bd45f8bfdab84105b20e64
CassiaCompanion_Level37_TesseraParty_ExportedPregen	26e441bf180a467281ec61ef864a09c1
CassiaCompanion_Level37_ValladinParty_ExportedPregen	b79c041c668d441a9fb6b4b1cb3a24cf
CassiaCompanion_Level39_SolarParty_ExportedPregen	2d6ec4dda5b34d4582dc4ab505fc53a7
CassiaCompanion_Level42_OlegParty_ExportedPregen	91c7adf960bf44ff84644a51809a5f57
CassiaCompanion_Level47_ExportedPregen	9baf617dd29244b9acdf0b6620767378
CassiaCompanion_Level7_EtelParty_ExportedPregen	07d9fa1314a144f7be713ee76bde80d2
CassiaCompanion_Lvl40_Bakula_ExportedPregen	9edd924432ca4e91b4ac4ab4527ef991
CassiaCompanion_level27_VasyaParty_ExportedPregen	baa31dc5b72044a592a4fbdcd63d49de
CassiaCompanion_lvl38_treasureworld_ExportedPregen	3f23bd3ca6ea45c7b02d0329c9c88231
Cassia_50_HardlightLab_ExportedPregen	74ea8e8de832459bb78e3c70a5391fea
Cassia_Bakula_46_ExportedPregen	fd1687337fb74ff6b16832c3c8b402a7
Cassia_Level40_VasiliyPreset_ExportedPregen	65d4ecad008945408ba6fd60ef0ffe83
Cassia_Lv38_Chordafight_ExportedPregen	489608b757cd4ea29c31359fedc45ca2
Cassia_level47_Gamescom2024_ExportedPregen	5c90768d95aa4adfbf1b6712a9fd90d7
Ch01_SpacePirateVendor	1f27d48bdd2d46b98ecea05db4aa7f6c
Ch01_SpacePirateVendorMasked	66109c8627a84568ab9190a8c7745d7a
Ch04Chorda_Bodyguard_unit	54b6b0719c984ea5a2c100c6d0ee1565
Ch04Chorda_Psyker_unit	dd73efcf2d6c480bbc019bc08cc3ca7f
Ch04Chorda_Pyromancer_unit	638ab19bfae74bb99dacc93e7d6fe7f3
Ch04Chorda_RangeSpecialist_unit	209c9c4164e144ab93960011715aa462
Ch04Chorda_WithArcRangeSpecialist_unit	e2627b74c614480fbcef1a76b29fb685
Ch04Hieronimus_Enforcer_unit	16bbb593634142d0992434b98bfa2963
Ch04Vladaym_CombatServitor_unit	8ab7a7d8ca124ac8b0b602c18d31477a
Ch04Vladaym_DrukhariKabalite_unit	e27cd06d848043808694ef890acbfec4
Ch04Vladaym_DrukhariSslythGuard_unit	746db3dd33464644a1e4c864bc563bfc
Ch04Vladaym_MeleeSwarm_unit	7dbd4bd591c5465da5f26912fc4ce0ab
Ch04Vladaym_MeleeThug_unit	fa2119837c404fd888425e31b38c0310
Ch04Vladaym_PirateXenoRangeGuard_unit	e9af89fa459942d6804b9556a3754bee
Ch04Vladaym_Pirate_unit	751fcc1dcb7e441aab722858420edb04
Ch04Vladaym_RangeGuardArc_unit	b0c2a40f72e743449f9b5cbf497b442c
Ch04Vladaym_RangeGuard_unit	64ab23fea93f4debaa9b199cee1fc0fc
Ch04_Malatek	20598ec2089e4db3b276202ef219862f
Ch04_PascalQ2_ArcShip	d3089a2b7acc43bfa62238d6d2457076
Ch05Inquisitor_Argenta_unit	a80aa160dda443fcac38919e130a024d
Ch05Inquisitor_Heinrix_unit	53f2b080d1cd43aca85f00aaea886a8f
Ch05Inquisitor_Leader_unit	177f940f0b8b41ddbd1aa8201b4cfeba
Ch05Inquisitor_MeleeSwarm_unit	5a4033955d0343979fb2a422aa3c065c
Ch05Inquisitor_Melee_unit	9e7018bc8e0e4150b5011afb9722d68b
Ch05Inquisitor_Psyker_unit	d1287134a3e64a4dbdae16b58d21bd8b
Ch05Inquisitor_Ulfar_unit	60d35aaa53f6411bb05e8abdd4ec87e3
ChaosCultist_HeavyMelee	36f0cbfa183c41de9f2145e706d0b971
ChaosCultist_Melee	27c7413b74ff4fdcabe4f04f5f412827
ChaosCultist_Psyker	73a3f037e9eb49d1a7829558f4d02c3d
ChaosCultist_Range	0105b454341e4905bb855b7b213a734c
ChaosCultist_Ritualist	143f478a764e4e9296930af486c3070c
ChaosCultist_Sniper	83f54732ff69424291d852d658250476
ChaosPriest	d4b48516bd4448c8a69893afbe9c2bf4
ChaosSpaceMarine	d1be30d951db41be86a088736a8d31b6
ChaosSpaceMarine_UlfarQuest	b33147f9c39d465988ac1991776d096a
ChaosSpacemarine	6aa2445d37794eb8867b068e63df2f57
ChaosSpacemarineKhornRandomEncounter	cd91fb1e8ca641b694828f013ab7884b
ChaosSpacemarineLair1	77dbc6d259f94674b3d14a0b30dc26cc
ChaosSpacemarineMelee	8764c490f6bc4bc6917e473ac82c729f
ChaosSpacemarineStarportBoss_unit	491a465545bd41dca99c6319507827f8
ChaosSpacemarineTest	dde386111c9141bf9ed8130dadb09298
ChaosSpacemarine_Preacher_Ranged	a4e6a76d9fcd4b9c9f04f47b90e8b74b
ChaosSpawnNoHead_Prototype	20ef7241b48742c6964db02a6ee57b20
ChaosSpawnNoble_ Melee_Hard	c9ea84959eb54c3f91372a97d25a0258
ChaosSpawn_AstropathicChapelCH2	151c366a177841a48e98234cab429023
ChaosSpawn_BoardedShip_Bridge	f715eaa43c534a3c98b57c72cecf20cd
ChaosSpawn_Prototype	841ac8fcf04848139722034856149b7c
ChaosSpawn_SalisPrime	9851da418b29400f884f2ca8513350ac
ChapelAcolyteMelee_AstropathicChapelCH2	257e4314572041148536ea8d410ccf68
ChapelAcolyteRange_AstropathicChapelCH2	c7d4ab122623412dbb0b0c87db7b4712
ChapelSerf	ec6fbca7463b4be7b969eaa96bc2996d
Chapter2Lair2MiniBoss	79fc7388601342e7bdc942a6f49b007a
Chapter2Lair2MiniBoss	84a7406a854448a381b8080d95102520
Cherub	a59505c7893f4ce49dd6412453050860
Chief	cf2503e3117a4c188252d68e8012baba
ChirurgeonMajoris	b077e11cf2c040e9a9a3346d8f4a396e
ChoirMaster	db00f626fa1f4e8b8a35a721c5ddceb0
ChoirMaster_Replacement	b7b604e5c9e84d148efb08720946fea8
ChoirMaster_TelepathicSearch	347c0dacf38c415ab4ff0d070e488375
Chorda	589f5e1b8b98496483a93f2006dc65ac
Chorda_Companion	884b70bd817640dda143966166587b98
Chorda_JudgementOfFootfall	11c14d66ebcc4cb7aa0e3cf538e93a40
ChronosPainEngine_GrandSpecticle_unit	126d9cabb54846318cd4d458e85eb427
ChtonosPainEngine	ff07eb08f2224113a64caaca7d0283b2
Citizen	69a4cbaaa12940e1b55fc32b37cf060b
Clemence	a73ce657b08b40e3b9678a381fded058
Clotus	fc789e5b5d48415986a1289c9f283b8f
CombatServitorBolter_Ranged_PasqualQuest	d789f69771864a15a033a4e922db9c8c
CombatServitorHeavyWarehouseJaeQ1	4dbb65442685427eaab2453280009873
CombatServitorMelta_Ranged_PasqualQuest	000e162f531c487b950e0aa66d4e31f6
CombatServitorMultiMelta	5ba73a4183c24e909d691acabadc1db8
CombatServitorMultiMeltaCR40	c77c3141f0c94691a9894e469022a6c2
CombatServitorMultiMelta_ForgeHeart	1aaf79c51e4a4be388080ddb396f25f2
CombatServitorMultiMelta_Friendly	3c16f2aeebc54cf1927062857252e95f
CombatServitorRandomEncounter	889485dc6e874ccfa535c1f2f59dffa5
CombatServitor_BoardedShip_Unit	9acbca8fa11a47e2870aedbb7c5abf33
CombatServitor_CH4_HaloDevice	f81d4454bbaa4c2aa1ab847721e90db1
Comissar	0757c35732754a689d6ae5f28e0b84ff
CommandCenter_Arbiter_SnieldNPistol	18f7aed407cf4b3b9f533607f66d0cc0
Common_Rat	f7350e2e36314d5892b66413a43ea548
CommoraghArenaMarazhai	ca245dd7255a4ca9a7874dc064c0a379
CommoraghArenaMarazhai1stFight	5c06ae4211a447f49e6defeafaaa9584
CommorraghArenaAchilleasWrack	baeccb1885894829a983bc09038d02ff
CommorraghArenaMainWych	29c5cfaf12ff41cba0613591e490289c
CommorraghArenaUlfar	70c63ed7836c46cca1b7b37b9230d92c
CommorraghArenaUlfar1stFight	781c637396c0401b9c95e82cedad27e5
CommorraghArenaWrack	363cb19e0d8b41ff8d4b67547e646e36
CommorraghArenaWyches	a23e779e7b6a4b0289e6cc8743b30205
CommorraghBeast	07e47703b55e48c09b6abf9266689e68
CommorraghCommissar	ceed67904391499f84f0a24df229bed2
CommorraghCommissarWithPistol	bcc8fefae9ac49c08fe5b3ff21d28ea7
CommorraghDemon	a20f20a4e0cd47d78aed03676aa4b183
CommorraghStreets_Victim	448cea5184c3453091c3217aebbcbef4
CompanionAbelardPrototype	72fe2bfe437fdb24ea460b1a7c8b0041
CompanionArgentaPrototype	854c3386b3df29a4f8961cccb611bf39
CompanionCassiaPrototype	8617540a3b554273a3557c4c898c3799
CompanionHeinrixPrototype	ebaad0a2ca8612647bb53fd28d18fa51
CompanionIdiraPrototype	db191f82043ccd64292bfa4473baaf59
CompanionJaePrototype	e35b4ead67baabb40ad952f6df66f48b
CompanionPascalPrototype	96bd02b93f184c9385301fab23c84e0b
CompanionYrlietPrototype	4405e94be07a3d7468558922eae9fada
Confessor	caf0d17afbb44bedb9e78f3a20eb209e
Confessor_Chaos	b326435196e04104b6af1f6b08867b14
Confessor_Death	2d0fb58d6f7942efa733d6cef21b59ee
Confessor_Eccl	d44ce77064f64b29863768d6d821ee18
Confessor_Void	54116b529092439c86449c5aadfd8c74
CorruptedElectropriest	03108ebe40514ffa88f3781067cc5533
CorruptedEnginseer	9666d93333a045f1a11d0b6edbd0fcbe
CorruptedLexmechanic	b4a27a52dd44416f8a39d3cd50671dcc
CorruptedMagosOrdinator	607722ee57c249018ddf603d78836bd3
CorruptedMagosProvender	db149d203496478c818be56bf9cf3f75
CorruptedMagus	ff6e4e15ef284fc5a8eeaa02588312cd
CorruptedServitor	dd0135d432d24f68aaeae77e45a5deb4
CorruptedServitor1	67675e83b86844e598c85d3615d48e86
CorruptedServitor2	c1a4dbee3e594a228d5a40cf2bb85645
CorruptedServitor3	f01bcc5aaba64059afcfe3f3e4f3b0a5
CorruptedServitorMelee	44ce0c7175804c7e94303262b775c51d
CorruptedServitorMeleeTough	469d6f945c3743f48c4d7b0241e930fc
CorruptedSkitariiAlphaAuto_Ranged	627d802679f5435aa863c37e59857098
CorruptedSkitariiAlphaPower_Melee	fb52b970e98e4159950eb60d84ac3f43
CorruptedSkitariiAuto_Ranged	3b0aa7aeab894120bb3a1bd1eaf884cf
CorruptedSkitariiPower_Melee	ac64204409e7448e9204f74b4913f318
CorruptedSkitariiSwarm_Melee_ForgeHeart	bceeab7da7914a8ba042856f7c9a32b6
CorruptedSkitariiSwarm_Ranged_ForgeHeart	ed54c648d02f4300b6eacf2ab2c39fbf
CorruptedSkitarii_Ranged	96870badaa864101a86ecf517952763c
CorruptedTechPriest	2fae3ffc75ea40bf9af0d832b1b1fb13
CorruptedTechPriestAutogun	7b08105cff4046899efb76f898d0ece7
CorruptedTechPriestAxe	511b1aa9ab1a4d44816b8b27c1fef81f
CorruptedTechPriestBlindGrenade	f828b10c84664adc8f97f7fcc821ff5c
CorruptedTechPriestFlamer	d7058d050ddc4c6f8d9c83ceeca14c75
CorruptedTechPriestFragGrenade	e25a397c7ed84316ac9ca92d3013e633
CorruptedTechPriestHellgun	1fa8f9e5a65840debf0da63d53b739f8
CorruptedTechPriestMelee	cd486238284748e4be76fa44ea82b0ef
CorruptedTechPriestMeleeTough	9e76d7a5d2cd4ed1aa65f3772fc93897
CorruptedTechPriestTough	03c8e2a1196242d38abc3e0982c103c9
CorruptedTechnomat_ArcRanged	f5de71120c8a46b48b38e47dec7073de
CorruptedTechnomat_Ranged	f01f6264c616470e9f0d00a207208efb
CorruptedTransmechanicMelee	87542b1357a3499183f16f76a6883138
CorruptedTurret_Ranged_BlackShip	af527868633c410589295da3618d3cf0
Corrupted_GovernorGuard	6dbb598bcc5a4de8aa38258aca8cf6e2
Corrupted_SecurityOfficer	ba05c2f62283470ebc1b785c45340d5a
CrazyTechPriestRandomEncounter	2c9330d179344e2c96bb71f04c2ad61d
CrewHumanTraitor	dec2af15189642b2bdadd75025edaca5
CrewMember	422dac74bf7f4111b9930a40519413be
CrewMemberFireTeam	d031224bf2424d3d804541925d218540
CrewOfficer	fdc9d81e720e472db615031400618d99
CrewOfficer	9c7ce0e35b6c44d9b967b1aabe4b6aa5
CrewTechnician	332c5337ea6d4fd7acb8fd60365643d4
CronosCTanPainEngine	e34a076886644613920d8228d1cb92c0
CronosPainEngine	c92f2a3078894ded9838f8045ad3fd94
CrownWorldHarlequin	a94b74c8507046e3b92a3c88943b1d26
CrownWorldHarlequinLeader	ebc8eced694f47a68f15ca0c40594b4f
CrownWorldHarlequinRanged	9a3ef083ff444e80b685640d5607fc43
CrownWorldHarlequinRanged_FakeYrliet	8e60971bf34f4eb8b6fc98e1934cb358
CrownWorldHarlequin_FlickeringDancer	ac95c2feefd14a84986435c58bad1a56
CrownWorldHarlequin_MourningChoir	ca457f420a6f4600ae6e87d773f71f01
CrownWorldHarlequin_SilentSinger	b5886f3570434d82a912288dcea0ec9a
CrownWorldHarlequin_StormPlayer	e78275cf63c243f3b137861bdfe82965
CrownWorldHarlequin_TroupeMaster	f86fa7347c72434481ed2ead476911fe
Ctan_Epitaph	a4d545ad20884cd7a15c41f1df19b9b9
Ctan_Epitaph_Stage02_temp	7e78e068c7324488a3144cb3b4dc9ee6
Ctan_SpearOfDestruction	d3004f9dfb2f460db42af76ed429f834
CultistFighter_SororitasQuest_Melee	9b4fed1afdb6401b8643e3c0eb15bb1f
CultistLeaderSororitasQuest	fe47c2958ac54c98ab29b37261e2c03d
CultistMarksman	f4de5268724f4ade8e86152f9ed62a70
CultistMeleeKhorneRandomEncounter	40565580cf604d33a4c3c663203e33fa
CultistMeleeKhorneRandomEncounter_NoGrenades	89efca3245ae4528917fbf2f7eb5fffe
CultistPirate_Melee_ArgentaFight	1d312e298c8c4b20b252f67221d2cc59
CultistPirate_Melee_OfficersDeck	a8f2853785554dbdb6ab2f3b502de77c
CultistPirate_Ranged_ArgentaFight	80b3a756c6174a9d8b70cad9fef26b27
CultistPirate_Ranged_OfficersDeck	ea2bae2a316f4426b9a9442695b9d44f
CultistPsyker_Ranged_OfficersDeck	5f5b2de325eb4aabb155b8446cd4a1e3
CultistPsyker_SororitasQuest_Ranged	1d78f7b5f3554751be456106abe0675e
CultistRange	2e8053a904c24db483f0ab5f31e2327b
CultistRangeKhorneRandomEncounter	7a7327c4312049768e43f45a0546fbef
CultistRangeKhorneRandomEncounter_Flamer	20e465a0f0894afaaefb0e93a5055d23
CultistRangeKhorneRandomEncounter_NoGrenades	01515ee463384fb58f37179e99d16bb9
CultistRangeLair1	2a7546e8826a4d34becd24728b4d415d
CultistRangeLair1_Bark	fb103d0ea6b04d6b89ecccd0fb7dd956
CultistRangeLair2	c9934702d66f42e7b9af252d2d6acbfb
CultistTzeentchPortal02Holder	61e825938f2c4716abdd34442659c413
CultistTzeentchPortalHolder	22085382632b4b7c8c133a276262fc7d
CultistTzeentchRangeRandomEncounter	252c765a76e147d29845de2abff17968
Cultist_ArcheotechReactor_Melee	7042114bf3ce4d179c2f56a68e9d1636
Cultist_ArcheotechReactor_Melee1	b5d4be9f75274c8e8471652809c77300
Cultist_ArcheotechReactor_Range	b209317f3b744946b8a210ca4b848990
CultisthNurgleRangeRandomEncounter	88fc2798b160440ca3b3c04dee6658f2
CustomCompanion	baaff53a675a84f4983f1e2113b24552
CustomCompanion1	24d3097f00f74b2588dd1db82209cc28
CutsceneSniper	8490602314654f5ca33f659f83614b80
DLC1_HighFactotum_LowerTunnels_SF	35dc99eae7e541bbb759ae8f94444239
DLC1_NPC_VIP_AvrillaEnforcer	dec6e2c83b464064a344a1f03a32a69e
DLC1_NPC_VIP_EnforcerKlein_SF	5130794bdb894d6983ca613d662e83ef
DLC1_NPC_VIP_OldLady	099647f5498c4777a73ffd5e56ddf42a
DLC2_BoardedShip_DrukhariTurret	8ae6e2cfef0f492882b6ddcad709374d
DLC2_BoardedShip_DrukhariTurret_New	21b913752d32449391db127466a0e3ad
DLC2_BoardedShip_Tarantul	24cf7eda98c94e6ead7d7e27d710b3b9
DLC2_NPCPet_CyberEagle	8dac5770e7dd41f48bb92dedd882a8c5
DLC2_NPC_PetVendor	93b02fe2c2d04397aeece8661c6ca77d
DLC2_SrValancius	2f5cde81d9f94c80a7872466089f46c5
DLC3_AeldariBossShip	21d6b3d4b3a946ed919f5ebfd2bb1eac
DLC3_BA_HumanResearcher_Flamer_Unit	6b768e86abc7460e884a23f74aa18661
DLC3_BA_HumanResearcher_Ranged_Unit	f22dab51353e4c1580d6476359e1fa0a
DLC3_DL_Arbites_Shield_Unit	9df28442ff2e440cb051ed2403dc347e
DLC3_DL_Arbites_Sniper_Unit	8104e86cc05c42bfbb2c11c70332ef06
DLC3_DL_Guard_Melee_Ally_Unit	270b3e09cf424209b126b236f1655108
DLC3_DL_Guard_Melee_Unit	96d02f9489e04ca3b6e5333ae2d7ccd8
DLC3_DL_Guard_Ranged_Ally_Unit	02094127ee4c402fbedbce1aff086e62
DLC3_DL_Guard_Ranged_Unit	9f3aa4b001fe44abba41117d588410ac
DLC3_DL_Guard_Sniper_Unit	36e39788d1c648c8a75fbf36371f35f9
DLC3_DL_Inquisitor_NecronsBreak_Unit	bd3f39c5ab5649c8a27e49517ed6d5c0
DLC3_DL_Inquisitor_Unit	5bc8b3a8fb834977a3692a2325aff0f6
DLC3_DL_SeberianVonValancius	6049f6f057264e668f804a520838e816
DLC3_DL_Sororitas_HBolter_Unit	5fc80452fb6a4e2db02cd0a305715446
DLC3_DL_Sororitas_HFlamer_Unit	3e32b7ca9b3644c284ba80ed026c3b86
DLC3_DL_Sororitas_Melta_Unit	2cf75c27e6d34681ab623101b0be1135
DLC3_DargonusLoop_LemanRussTank	df31b4e005524bb8998a0265343ee57a
DLC3_HardlightLab_Lacerax	9ba51d5a0a144a71a1e0e36356734182
DLC3_Med_Servitor_1	d820d838a7d44422b8434b46ff06ec36
DLC3_OP_Dogmatic_CombatServitor_Unit	d74728f897ef4b0a85978e25f43ea155
DLC3_OP_Dogmatic_Servitor_Unit	a92cdde1068c4609b437cd5a22f8b3b0
DLC3_OP_Dogmatic_SicarianRuststalker_Unit	aa02b505be774674ae924f19dc17e6f6
DLC3_OP_Dogmatic_Skitarii_Unit	737fc140e70f4ac08b642a67deef64a4
DLC3_OP_Dogmatic_TechPriest_Unit	bd8e6264794945cbab40c5201b5fb6f3
DLC3_OP_Dogmatic_Technomat_Unit	4c77d8f0acc2473cadd14ae869aac708
DLC3_OP_Tech_Unit	a59947900a9847d18d878d1fae78c7e8
DLC3_OP_Xenarite_ChiefWorker_Unit	2fae43ca36204db7aa9a961536fc21d3
DLC3_OP_Xenarite_CombatServitor_Unit	2af759a6dba447dca72494973763d3c0
DLC3_OP_Xenarite_ElectroPriest_Unit	ab131771270542b69fb7a687062b39c0
DLC3_OP_Xenarite_Skitarii_Unit	b8ec45b228034db48d1658e35d59193a
DLC3_OP_Xenarite_TechPriest_Unit	6ab30fcb20954e10be43344314511ca6
DLC3_OP_Xenarite_Technomat_Unit	23f85cedf62344ff9a077e6106c9e98a
DLC3_OP_Xenarite_Worker_Unit	5f393bd508864d0caa0d0bf1448425e2
DLC3_Trazyn_DargonusLoop	c83862c76b6f48cc83864117356f8572
DLC_Test	508ccf6837684fc2b641cffac80f9410
DTS_FormerCultist	9d8374a22cf040e0ad473330d7b120de
DW_Beast_Eye	b0a72eb38b0a4e85b7c50cd3fe35ab27
DW_Beast_Flower_Unit	708d5d58b8114ee58a1a1bf4567be5ad
DW_Beast_Swarm_Unit	5a7734037e1b4a75b4b1120835b7697d
DW_Beast_Tail_1	b8ed5fe3f0944549961722f99710fa15
DW_Beast_Tail_2	75cba69468f94396af52c1fdf0210257
DW_Beast_Tail_3	4145005db7a8484585ed8e7794aee9f9
DW_Beast_Tail_4	208c6b5171ef42039b8c17fe2f8b0c69
DW_Beast_Tail_5	dc0956bd8b674395ac928a71f44edf9e
DW_Beast_Tail_6	ce6ee5a2fb3546ba99dc42c7ec4d4bfb
DW_Beast_Unified_Unit	87ee0f259ab44dcab193ab8db7db3552
DW_Beast_Vine_Unit	4b6dfc3bb8434eab8700196cf268984f
DW_Beast_Wart_Unit	42837261065c4481af4118882355e1a7
DaemonEngine_TrailerCinematic	31996b17ba814d53abaf48eb67375189
Daemon_ForgeFiend_ForgeWorld	09ce003f693e4b2d8bc1a3815ad56c46
Daemon_ForgeFiend_ForgeWorld_Weak	382a3b52ed414bd1bba44300aea5a31b
Daemon_ForgeFiend_SpaceHulk_Boss	20b82224d1b24a888c35c0eb63d9a92a
Daemon_ForgeFiend_VoidShipBridge	1ed87d1f50fe42649004af8bb43d400f
Daemonette_Companion	6722031ce12749c2b48d0fa3819a7ed8
Dancer	f1c5dc5c95c242d29e48dfc0cb857418
DancerFemale	2ee1060abc684e3e9d54a2d50a62c7b2
DaringHeir	a5e44efd7541448ba6140fec558ada14
DarkApostleMob	340458c98f304fc0943c8cace2ade9ed
DarkApostlePhaseOne	a25054263f4b4354b01a9f9a5726a996
DarkApostlePhaseTwo	db12afae4f5e41f38a28b765870745a0
DarkApostleVision	c4b9d5e3d6eb4222b86cab1a9cbfac5e
DarkMagos	2711d4883bb24692afaf1e8a3ab4335f
DeathCultAdept_Melee_CultFinalDuel	41cdfb14b2954cf69cf1f74669c7acb8
DeathCultExecutioner_Melee_CultFinalDuel	403bc31264b24868a85cead8c4ad1938
DeathCultExecutioner_Melee_CultFinalDuel_02	2ef8a61fba914cb086da2a3f06a0225c
DeathCultExecutioner_Melee_CultFinalDuel_03	6684c17002274d21a22beb503565dc9d
DeathCultExecutioner_Melee_CultFinalDuel_04	20d9852b82744b4faa51294b059ec37b
DeathCultProphet	54d46075d5f149f1ac0c1f80fe9696dc
DeathCultProphet_Peacefull	71567ea6792f45f7b40fe9395d9fdf2d
DeathCultReaper_Melee_CultFinalDuel	45f3ca210ab64caca63b253ca6e54cd7
DeathCultReaper_Melee_CultFinalDuel_02	fe3eab7c969147348f6c729fc3ccc77d
DeathCultistBrutal_Peacefull	747e05c57de64a78913a93684762ef24
DeathCultistOneWeapon_Peacefull	c9fbe1e121534201a351e941785506cd
DeathCultist_Guard	308a41cb4921462fa2dd159a101f9454
DeathCultist_GuardWBanner	40e6722d91f143fcbb8c23de9dfbb873
DeathCultist_Guard_Female	940b52606b6641d3ae1a4c73619439c6
DeathCultist_PariahFromLowerTonnels	d43afbb2fbf748c0b9c2ef242c6db06e
DeathCultist_Peacefull	e3d95c164f2c4d6a8294e0b985569e03
DeathCultist_PeacefullDistortion	b704410a521f4256b410188e982f6c1b
DeathCultist_PeacefullWeaver3	1c1f1e8e390a46568e0c6ecab73ad394
DeathCultist_PeacefullWeaver4	faa094cb587c4e10a54a6774f2842dae
DeathCultist_PeacefullWeaver5	99f4ccd116bf40f1af2d4315cfb1ed91
DeathCultist_PeacefullWeaver6	724f066b25754ce68ccdde262a6fe8fb
DeathCultist_Prisoner	db0be54edb694e1989c1b982870f8d33
DeathCultist_Prisoner_Female	381a1e04f6f345f6b1c484cddda0944d
DeathCultist_Prisoner_Male	45c8a097628747949363a0e8ddf2ac1a
DefaultUnit	8f19741844dfaef4f83a9dc2b265bd52
Defiler_MeleeRanged_MiniBoss_Electro	da50661ad29a47318662acc75c3bb7d0
Defiler_Prototype	95d579779b2e467eb411daf200d6355d
DemagogueFlock	fb8d0801dd2f4d588978d0d8499a181d
DemagoguePleb	f1cf5148aec54988a4268f4a432a9dcc
DemagogueWoeful	39ce96a66e564876a1325aad169717f1
DemonForgeFiend_NoMaster	030029956e2945489f68973f604584f6
DemonHorrorBlue_Melee_UlfarQuest	210efa9f128043fc8cd45683ef9b43d8
DemonHorrorBlue_Melee_UlfarQuest_Ch04	1a5177ad09f8445ba07c32aed52aaa17
DemonHorrorPink_MeleeRanged_UlfarQuest	41fa353dbdbd4d6fb247a3d8e6bc91b6
DemonHorrorPink_MeleeRanged_UlfarQuest_Ch04	e457c68be8b641fcba196833eb2cf8c2
DemonHorror_Pink_Uralon	aee03d26ba96467e97754ad2110d7444
DemonScreamer_Melee_Ch04	63977e8579f64e26b368e3d9bc3ffd2e
DemonScreamer_Melee_HeinrixQuest	600c363acc1042f2a1a77c2ecb58e820
DemonSlaaneshDaemonette	afbbd19eff3021248bf7dacdbcb71e81
DemonSlaaneshDaemonette2_MarazhaiQ1	7db9df5f901049b8b45dfda1f90b8fec
DemonSlaaneshDaemonette3_MarazhaiQ1	56879cd5c77c45edb19721502b818d22
DemonSlaaneshDaemonette4_MarazhaiQ1	edbe3d7469e14c2fbe961aa864e448ce
DemonSlaaneshDaemonette5_MarazhaiQ1	562cbd7db42d40eea2b852d4a5f64402
DemonSlaaneshDaemonette6_MarazhaiQ1	d199d428d93e46dca17d4e66a89ad13b
DemonSlaaneshDaemonetteRandomEncounter	1efde74799dd41028339a11470ab718e
DemonSlaaneshDaemonetteRandomEncounter02	d5938b6f04e6411398a3ed4d63ae3962
DemonSlaaneshDaemonette_AstropathicChapelCH2	48f31af23b1d47cbabaf256b0cb5a209
DemonSlaaneshDaemonette_HollowQ1	db3b40ecd3b948bdbb16599d0da58cc1
DemonSlaaneshDaemonette_MarazhaiQ1	086c604d50414a8aaaa04d46b07772f2
DemonSlaaneshDaemonette_Melee_Ch04	59ab436f8f3b427782483a93767e2679
DemonSlaaneshDaemonette_Melee_UlfarQuest	02777b877fc3419e8d908cc54871aa36
DemonSlaaneshDaemonette_Uralon	84ee4c89d1004e34913998aecdd01169
DemonSlaaneshMainDaemonette_MarazhaiQ1	6b07aee89d49477f9370cd7d8e7c1183
DiodasAfIrramon	a8b4ffe410c642bcace1980c90ad3c8a
DiodasFakeForVox	71b2c120fd534c5d9dee85ee977546ac
DisciplineMaster	8d8845b61a974212bfc1cb07277d8f52
DistortionCattle	f52d1cfba3e642b5937f32521d665ada
DoorLockerTechpriest1	fb8ee3db9c644e23b1b990cdb9fdfc2b
DoorLockerTechpriest2	480243ed0b5d4adcbbf4029bba89c599
DrivestemSolder	ed37ceec7dcf4c1abd28b086eca282c2
DrivestemSolderSwordGuard	54280187ac3a461bbd263667a761d179
DrukhariAcothyst	d41956b7ca3a4659b4692ba00dbf49bd
DrukhariBandit	4fa5affc53f6414aa0c2349f54e93870
DrukhariBeastMaster_Arena	daf0e251828b4c218190569a333fc262
DrukhariBeastmaster_MeleeRanged_ArenaFiend	380caeb867284e6b8573564da4bde954
DrukhariCronosEngine_Melee_Lab	c344374ca4a440cb8d692f70126e7aa9
DrukhariDeviceFighter_Melee_ReavingTempestSpire	9827d2620cd44102b7097db80885aed8
DrukhariDeviceGuardian_Ranged_ReavingTempestSpire	7d57dfccf7d0410abbbffecd1a16b591
DrukhariDeviceRanger_Ranged_ReavingTempestSpire	52d6610a145147dc89a5c8ace7f02022
DrukhariEliteAbess	b120b0c4d6fa46e9885a836e174f804d
DrukhariEliteGladiator	a6b0e81b11914234b1d109a8ad22fc7c
DrukhariEliteGladiatorFem	b5b88ca1f35d496c8111583f24fd396f
DrukhariFarseer	32fece9ca23d4c729633c3c4fe4f1c04
DrukhariGrotesqueArena_Melee_Arena	832b3f3b02ef451c8c93ad5e74f8e8ab
DrukhariGrotesqueArena_Ranged_Arena	c2da332de1884a01b011c5bb22f4cff1
DrukhariGrotesqueGladiatorArena	e0d10a8f76604c61ac0874b2e32a942f
DrukhariGrotesque_Berserk	ed866976484c49f1a8c826bb7200e261
DrukhariGrotesque_Melee	da76b40a28fe41c2b10f32645cfe110f
DrukhariGrotesque_MeleeRanged_ArenaFiend	fcd572e376f44f919f466544650a7f38
DrukhariGrotesque_MeleeRanged_Lab02	7cc04bdbd0654a8d9ae08b71c2cfd907
DrukhariGrotesque_Melee_Lab01	155da4a803b2431990b1589b2aacfce0
DrukhariGrotesque_Melee_LabPainSeeker	762e8b0561934271b3c2d184a8c91f33
DrukhariGrotesque_Melee_PatchMonster	867b844e91b743f6a33490fe4e505d8c
DrukhariGrotesque_Melee_ReavingTempestSpire	f913b34b4d074dfda34e2bd05a973e8b
DrukhariGrotesque_Ranged	9a12c353f80b49149f1a7a08b37c9366
DrukhariHaemonculus_MeleeRanged_Lab	00a797c3eb694a0bbc0c3e6bc7fdd682
DrukhariHaemonculus_MeleeRanged_ReavingTempestSpire	f4a999c5e0bc4a4c9fbd5689b50118e9
DrukhariHekatrix	96faed3d709b45968d4248cf32befd8a
DrukhariHekatrixPrototype	635979022b4c4e85a31a138f390a80d4
DrukhariHekatrix_ReavingTempestSpire_unit	25c4c6d7c4a54a9ea0f7eb53a5a6f3d6
DrukhariIncubsWatchman	2ee98bd7395245d78d3fca66123c94f8
DrukhariIncubus	2ac7522d2873462eb108d21b854890e6
DrukhariIncubusDeadlyGardens	19be7e1b2d874e849bd6b376bbd6ce0d
DrukhariIncubus_Melee_ArenaFiend	8e04fa928a95472ab4e40b43eb62878f
DrukhariKabalite	184235650440449fa9098b49803c1a71
DrukhariKabaliteBlackHeart	6706425475ec4e8897e1422d8ac7f88e
DrukhariKabaliteBlademaster	eae99939fa904c4eb9749cfd10d7d773
DrukhariKabaliteBlademasterDeadlyGardens	d46d3db2d7d146928108b63d287fdf37
DrukhariKabaliteBlademaster_Hallucinogen_Melee	dc4c65ab3f474c4480ecdea497239ced
DrukhariKabaliteBlademaster_Melee_Santiel	75a473f8b89d453bac4d8f6459429000
DrukhariKabaliteForCoronation	0749af52a3c244419f33ac7da14790ba
DrukhariKabaliteGrenade	a65e65207ef84755a526bf0b99e82cd0
DrukhariKabaliteHeavy	79c1c74d46fb4f0198990701c10910a8
DrukhariKabaliteHeavy_Arena	891f71558b91489fafa641c413110ce6
DrukhariKabalitePrototype	cec64b997da44ccfa91fc4c8858544f4
DrukhariKabaliteSapper	b44eefd107ca435187679bfe2477fb73
DrukhariKabaliteSniper	23e5a1db98c644e0be78bb7782c870fa
DrukhariKabaliteSniperAttackOnShip	b80836b2f42a46a9b7a0ab2ac4531bd3
DrukhariKabaliteSniperRandomEncounter	4b9bd7b51c5f4f25ac7a9b2ed3b41692
DrukhariKabaliteSpecialist	cab7056c0eb940d5bc8a816dbe552a66
DrukhariKabaliteTempest	fc8d77919d7b4773893dc543487b9b88
DrukhariKabaliteTempest_Neutral	7f85ee3b54e04cffade0fbed0c55ebd1
DrukhariKabaliteWatchman	bb81d78a90774f34a751f615eeb2bda7
DrukhariKabalite_Arena1	473e041789824e60a49a1199445c6dd5
DrukhariKabalite_KabalF	98c664946d6c4c78bce4134fbe4cad42
DrukhariKabalite_KabalM	36214a3f526b451a9662c907f80cea71
DrukhariKabalite_Melee_SwarmCh05	0dc0bfefb2bf49fb82b53860a2460ba0
DrukhariKabalite_Ranged_SwarmCh05	4d1f090878e643598d695cdc114c99bf
DrukhariKhymeraBase_Arena	1efd93f8eb934c9ab0f0097638f4bc4f
DrukhariKhymeraBase_Common	10cc118d24944f069da879b06d03d190
DrukhariKhymera_Melee_ArenaFiend	4ad934e685c649a5bae9d9e5f04b06e0
DrukhariKhymera_Melee_Wild	47be3ef4e4a44997b95a7ed056f941ef
DrukhariKhymera_PrisonLab	b08dcf658f894704a22ef7d1c4aa8089
DrukhariLeaderF	4f2914a16bbc46e4a007fed3549147bb
DrukhariLeaderM	127c7569b6cf4600a8eff478c56f2736
DrukhariMandrake_Charge_QuarryWorld	8eedf78c95d3472eb2325b40ef359048
DrukhariMandrake_MeleeRanged_QuarryWorld	c98b9465ed91497784ab19ec23497ff9
DrukhariMandrake_Smoke_QuarryWorld	1dc25ba476d94454b88d0bf1af2bd06d
DrukhariPilot	64f2ab5d993844d69bca91503ac654be
DrukhariPilot1	055a54fc25a1444b83bec92e9f343f11
DrukhariProselyte_Melee_Portals	1f68c9374253436da6f73b5b3b2cb83e
DrukhariProselyte_Melee_Portals_Abess	bbd913091417423a89d65fcc81ca69f9
DrukhariProselyte_Ranged_Portals	9446c38ba1354ac3b6dd99f384632f97
DrukhariProselyte_Ranged_Portals_Elite	e8bad66a38da4039b2f08958c1b7463b
DrukhariRanger_Ranged_Prison	3be7625db5904b3fb13547b8050376fa
DrukhariSniper_Ranged_Portals	bc9f6ba8ef734a1a98658a08b9b8b865
DrukhariSniper_Ranged_Portals_Loot	75a0ae150d7d4582a7c314742cc733a4
DrukhariSslythArena	17841a14d4604143a544d91709829fdd
DrukhariSslythBase_Hard	b207a89084c14576bdead25f33e815f3
DrukhariSslythFirstThrone_unit	4480a0276a384bee89ea2b10ad281c63
DrukhariSslythGladiatorArena	8e66a136f26d492c8dbc1ba1a5fcc1b9
DrukhariSslythSecondThrone_unit	e0a1ac03081242c58dfaca6de218d6fb
DrukhariSslyth_MeleeRanged_Anger	826c80e40eef460f9c602e0d576ead31
DrukhariSslyth_MeleeRanged_ArenaFiend	730ad4a150b44910be50820c921d3f4d
DrukhariSslyth_MeleeRanged_Portals	3c9c342359224bceaee4fa257d69db90
DrukhariSslyth_Ranged_MarazhaiQ2	b8f8fca4997b42b9b18ff2074ccfee74
DrukhariSuccubus_MeleeRanged_ArenaFiend	888c54f2f09a458f955327bdbb58c341
DrukhariSybarite	3f8ba19a4fca4b4fa935b1d33fbba1a4
DrukhariSybariteDeadlyGardens	29fe5d0d70f7447b99d73cc7fe9daf5b
DrukhariTalosPainEngine_MeleeRanged_ArenaFiend	c9157c8edc1541468023ea352a411630
DrukhariThrallmaster	7c4911e0082644368c5531cf38cc2d99
DrukhariTurret	9634bd8e520e46e38c1c91c03fcffbff
DrukhariTurret_EldarDeathspinner	afd6960f69e046f59a8c8159eb5ac5bb
DrukhariTurret_virgilCastle	6cfe8edc42a34e00a80270f9d35efa7f
DrukhariWarrior_Melee_Prison	9177910c1bbf4f6b84e9dbde22e04fed
DrukhariWrack_Liquifier_Ranged	7369934920dc472eb2fe45a09e89096f
DrukhariWrack_MeleeRanged_Lab01	2458f825d22642e3b55bb3fe47484c19
DrukhariWrack_MeleeRanged_Lab01_TiP	86b6522eb5904642b7d66c0706a7fb86
DrukhariWrack_MeleeRanged_Lab01_TiP_Dialogue00	1a158c4339e44bca806c56bca12c3d03
DrukhariWrack_MeleeRanged_Lab01_TiP_Dialogue01	58b2b6ed6b254ffdba877234bc9512c3
DrukhariWrack_MeleeRanged_Lab02	96a0f99c62cf47e2887e818512c3648f
DrukhariWrack_MeleeRanged_Lab02_TiP	4abeeb311bc14576b1c29d28fc5231b0
DrukhariWrack_MeleeRanged_Lab02_TiP_Dialogue02	cb9bb61777bd4ee5a13b48c5132fa150
DrukhariWrack_MeleeRanged_Lab02_TiP_Dialogue03	65296659ebef4f47b0c81d551e9fd894
DrukhariWrack_MeleeRanged_PainDisciple	8c0d6cb32ccd46e892f0912ae0dd28fe
DrukhariWych	94f3d93690fa4a92afcd6265ae2aa045
DrukhariWychGunslinger	60fd87a999a64269a9c1d11ee2554abc
DrukhariWychHeavyRange_GrandSpectacle_unit	cda65b3d3b0240bbbca199988b833e9f
DrukhariWychMelee_GrandSpectacle_unit	8fa02239cb094478ada9883f15c05869
DrukhariWychPrototype	05a09bb846b1442f86893294cb6081df
DrukhariWychRange1_ReavingTempestSpire_unit	b0de2d8a9f8d42689c42d75b2bdc1985
DrukhariWychRange2_ReavingTempestSpire_unit	831a9eb5e89340298d24987d0bf4619f
DrukhariWychRangeF_GrandSpectacle_unit	be29e264c89841c896a2ae7527fa51fd
DrukhariWychRangeM_GrandSpectacle_unit	fc1001dd7d6b4c7c9057a73067d640d2
DrukhariWych_BeastmasterBase	f46171d4dfbd48088e9b9aabeb206101
DrukhariWych_BeastmasterBaseSiege	e68d6db028a041a5baf78298ec596919
DrukhariWych_Dargonus_Hekatrix	1751ca73af7745b6bb10a02452001601
DrukhariWych_Dargonus_Melee	5f1d70b0ec474628b51a23fc2a7a0a33
DrukhariWych_Dargonus_Range	8a6ed4ebfee74d73a0b91a6e2a4474d9
DrukhariWych_Dargonus_Range_Cutscene	ecb5ba0909744661b3cfa0fbbfd47701
DrukhariWych_MeleeRanged_Anger	6a6ecaeadd62403b90b778e796390d3f
DrukhariWych_MeleeRanged_ArenaFiend	46f25b476dc443d7a9a259c632bcd504
DrukhariWych_ReavingTempestSpire_unit	aa8e2f0eb1eb49f28edcc92b7c88b442
DrukhariYremeriss_Grotesque_range_unit	d18d4fdf3aff4559bbda6db23700f145
DrukhariYremeriss_Grotesque_unit	828a79ce98734ccea8f03633e7862abe
DrukhariYremeriss_Incubus_unit	589ffea915f94a63b1eb63f7389b3e6e
DrukhariYremeriss_Slave_unit	7260e0b893e14698be7d9940567dfd86
DrukhariYremeriss_Thrallmaster_unit	93148b0f09b040e19a9ee0d5dd0d407f
DrukhariYremeriss_Turret	4f57e77491134eb8a5c11a52ae88bc71
Drukhari_Karael_Melee_MarazhaiQ2	b6e47c867e254c8b8a9191a8b2c2a837
Drukhari_Nazrakey_MeleeRanged_Boss_MarazhaiQ2	25b3b06c51584d76ada0a2497df08d93
Drukhari_Sinestoria_Melee_Boss_MarazhaiQ2	562cca3f2d074ecba86accf5e8f700bf
DrumEngineseer	2154d07c4b72480fb362ec9d267635df
Dummy9	d804f521f9f84c1e8c13fbc800c23bd5
Dummy99	ff5d25952743468bbc779e229ace6015
Dummy999	45af1d07515a4cb79307c282e194dd1f
DummyArmored	d1185029f3e94fa2b5576c5cf4ba1ec2
DummyDodgy	153dee1c729641be8b96a57ff8a00175
DummyTurret	2cdf44e85f76469d8d090d04a441ba9f
DummyUlfar	7126b4c3976c41b1b245bf3df1628037
DyingKabalite	f495b4163f3c485da0eb238d8cd9f5ca
EX_Chronomancer	86ede1523f32414fba59b662d81d5360
EX_Corsar	18001f312fe04734a25fbad5947c3225
EX_HoloTrazyn	db9532fa75d042929073474910864d40
EX_Trazyn	b21a44b899184bbcb1ad83525c5c6bc7
EldarCompanionNPC_Town	71b3ab6179ef44a5bf0d77f3bd0a7fb1
EldarCompanionNPC_TownBaked	86ddbdf40baa4fdcbcc2ea3989b68cb6
ElectroPriest_ArcheotechReactor_Melee	ef3a6e0349f140828e15c524b85706b8
ElectroPriest_ArcheotechReactor_Melee_BossFight	52db3203985f4191bc5d0543c06b3d3b
ElectroPriest_ArcheotechReactor_Melee_Follower	3e2843ada65b4d6689b2b01700354c3f
ElectroPriest_ArcheotechReactor_Melee_Peaceful	6e40a4f7da7d471bb7d7818580220c4d
ElectropriestNinja	157fe9535cb546af8d20227e40e023e8
ElectropriestPeaceful	ea3f3a4f80d14acda3cc1e4558319ca8
Enemy Character_MeleeWHTest	922393973f283de4aa5908fb84cfb2e8
Enemy Character_SniperWHTest	798c60992b0e8e74aa48ad81cd23ca6c
Enemy Character_smallWHTest	528ceb6c946a05e49a6db0817c4097b4
EnemyMelee_Reference	ac279ddc1882446896bd35ba44c76b99
EnemyRankAndFile_Reference	bc40036f44474b0abc652e208ea2bcfd
EnemySniper_Reference	b08f2fe6a8af4befb97a1bacf5fe2d99
EnforcerDetective1	8ad3418a58e842c198f4d9d0cd2d7775
EnforcerDetective2	ac0f16eb9e124a3ba6204f9bb5d04048
EnforcerDetective3	484bc754881d47898d3936892f33c77e
EnforcerNeofitCH04LT_Melee_Common	01ac228fdbfd43899206d01b932e643f
EnforcerNeofitCH04LT_Melee_Common_Uniq	092f53c575e2423bb58314e980c1a5dc
EnforcerPDChambers	60f6ed3eb4404d4897c2903b2dd92108
EnforcerPDChambersBefore	5e18416d8c2840839d74bc63d1998d95
Enforcer_Gandma	2a4a2d043b6d4055943559663e2d3208
Enforcer_KibellahQ2KTC	9e015fe4046e496d824a5e0c2cf5cbcc
Enforcer_Melee_Common	d4f30429724d4c67b3dee7d6a85888c0
Enforcer_Ranged_Common	64f0594a1d774e139a3e6f08b895bc8e
Enforcer_Ranged_VoidshipBridge	24bbf5b440294356a6286eb90c201c65
EnforcersFlamer_Ranged_VoidshipCrypt1	37882415d42945e1ac281964d8bed4c4
Enforcers_CutSc_Sniper_VoidshipCrypt	5b0ae8ba3edf48078a18cf1844066b29
Enforcers_Ghost_Bolter_VoidshipCrypt	d44cdca47d024e8cbf67ac1a3e472879
Enforcers_Ranged_Bolter_VoidshipCrypt	15c472e7c8cd454c868181eaec751ae3
Enforcers_Ranged_VoidshipCrypt	f9ebd61ac97e412ea3e57fd56014747e
Enforcers_Ranged_VoidshipCrypt1	51f4a48dd19b4cab85a3209e97a166d4
EngineMaster	dca63c6b2484487c88bdd97034378290
EngineMaster_MB	663e7a7362bb4b659b26d1ec42a2a650
EogannCompanion	2e5e746cc6d043ab8d395c67d07ac56b
EogannCompanion_MagnarailLance_Test	556df46db3624884a59b1664475b2736
EogannCompanion_TransonicCannon_Test	36e6721d84eb4d7d8a18ea8936554c7b
EogannMagnarail_Level39_ExportedPregen	218a6f29e5d646c1a4e1b50ca235116c
Eogann_45_Q2_ExportedPregen	08f1d68bcd4747b4a11b25f48aa19554
Eogann_50_HardlightLab_ExportedPregen	956085e0dac242219820712c985717fa
Eogann_Overseer_Augments_Level25_ExportedPregen	dd3ac2511ffd487687c74bcb2583dadc
EufratesCSM_HeavyBolter_unit	fab878295bd74399b3ae82975e2e85ec
EufratesCSM_HeavyFlamer_unit	66ad01d79d374959b72a1c9a9538c97c
EufratesCSM_Melee_unit	59ac930deede42109dba14184cf7f3a7
EufratesCSM_Uralon_CutcseneChaosSword	3cd09703b9204fb79cb8a988c6805859
EufratesCSM_Uralon_unit	a0ae747ee9584d05927a9d78344b8450
Eufrates_CorruptedTechPriestAxe_unit	e3f55192564d48048c9c3b53152dd1c5
Eufrates_HeraldOfTzeentch_unit	89f226e3f70a48a5a539f048c66e7b30
Eufrates_Kunrad_unit	d5e4e52cf2044528864c773948ca91d5
Eufrates_LoC_Horror_Blue_unit	a33937c2a9cd4e329f8c1310059a49d1
Eufrates_LoC_Horror_Pink_unit	81a087b50df44c058275193934d44631
Eufrates_LordOfChange_unit	fada7536cfcc4b7abd33e620871b31cb
EvilCodeGramofon	c38734e9723d4ce890cb9005d6345f31
EvilCodeGramofonVar1	fb0a9b4990604d44a64b8a4440f4b3ae
EvilCodeGramofonVar2	070bdc3226ce4858964e30403f93e58f
Exalt117	407a0c2731c4454dba322f44fc9a124d
Excurtionist	b0c642b8b2ba420dad29ee4d1e2656d6
Executioner_ForMarketing_Pregen_ExportedPregen	63e4b243e9864f81b6fdd1efe3a6076a
ExhibitionCollapsing_LemanRussTank_Player	a9a23f980ca64fb496f8387d4566fb40
Exhibition_ChaosCultist_Ritual	cdbcde3e14f34b8496c3b38663fc4498
Exhibition_ChaosCultist_Ritual1	20ad48e96a89488684ebb3eb31965240
Exhibition_ChaosCultist_Ritual2	bc39084dac564531b93830698500446b
Exhibition_ChaosCultist_Ritual3	f46138fea2cb430e82ae738946726549
Exhibition_ChaosSpacemarine_Melee	5a5f360c41b44f979899806180009416
Exhibition_ChaosSpacemarine_Melee1	5cc932978b4c47f69e4d8e5cf98d272c
Exhibition_ChaosSpacemarine_Ranged	8a2ea334e86342d49c6947f986abda00
Exhibition_ChaosSpacemarine_Ranged1	038fcb5cc8704d18a33af117ec13c46f
Exhibition_Chaos_Poxwalker	bca2c422dcdf415fa82912eb694caca1
Exhibition_Defiler_MeleeRanged	bef0077774f145f793fa43abb8c663ef
Exhibition_HelBrute	94f1c2b53a9e4900a1c1e307da6f026e
ExperimentalMutant	4ba155f84b9a41a684f92a2dba5899a5
FW_Bandit	52ea99c8324943e7b3a259efef682996
FW_BanditLeader	899dda3218b04aa48705e683797c1d26
FW_Blacksmith	46ff50f5a9bd4d60a62162e28adbd1d9
FW_Cogitator	7b26241495c9496bb0c06c7b1bd51f17
FW_Commoner	f4aa4f8e11c84a91b3ed20e341f65f92
FW_Commoner_Female	da4e70ece0f0473ba8ecaac51ed221a3
FW_Commoner_Trader	6be0e361b3eb48b38e1d771148007bbc
FW_CorruptedKnight _Melee_Common	beebdc612017491a99740950227263ee
FW_CorruptedNoble_Ranged_Swarm	ad24afff0650492cae6f21b6c6bf1971
FW_CrewMemberGuard	8dd444264f3140408d1aea1ba1349fe6
FW_CrystalGolem_MeleeRanged_Elite	2372ffd4bf2b4d61b1bac6a93ad1c25a
FW_Culprit	ba9103e50a0d4703ba0ca5281ae17ebf
FW_Culprit_Brigadier	7533f005fe904ec3839896836550091a
FW_Culprit_Enforcer	0d9b1f4788fc4a60a92fdc21af7c924d
FW_Culprit_Grenadier	285ce3863187484ca8a3b5647709e8db
FW_Culprit_Mad	2a7b665ee4504f8497201f8bceb558eb
FW_Culprit_Noble	20472130a28a4bc89ff502703849eaeb
FW_Culprit_Swordman	0a9464247f1b4b0ba3df276ec7707ca1
FW_Culprit_Woman	2bfe4cb439464ad194f98c5f07e4120c
FW_CulpritsBrazier	5b138e01235641a58a09f748e21bed1c
FW_Executioner_ Melee_Hard	f6d60982c6c040be95e90d31acf43321
FW_FakeGovernor	babfcd3ca4e545738ec5d8349d35394e
FW_FireDancer	4c573e8420894a90abcfe0071fbfae73
FW_GossipingCommoner1	703f51255be945ecafe55e27ca6609b9
FW_GossipingCommoner2	ec157de11efa40edb39bae0e6f05e30d
FW_GossipingCommoner3	730cfc7d91cf425eb675f39eec36faa9
FW_HideAndSeek1_FakeLady	8b93418a12c44db0abb6bdef27afc48a
FW_HideAndSeek2_FakeAvenger_Male	4973bf85e0ca4b5fb1332a9e2f89ccb2
FW_HideAndSeek2_TrueVictim_Male	558052fa69d64f19bfbbea91c332523b
FW_HideAndSeek3_FakePriest_Male	850663eb0bff4260afe08c79780b3039
FW_HideAndSeek3_TruePriest_Male	fd7991f12a284428b1f9a1e3dcb8fcbf
FW_HideAndSeek4_FakeNoble_Female	dcc79a44895644858ecfebad851eb80a
FW_HideAndSeek4_TrueNoble_Female	161e5cf6bb794021a75480159955d6c9
FW_HideAndSeek4_TrueNoble_Male	780aa97e31c643399a0a568b8165bb1e
FW_Hooded_One	5e92479da44b4db4874df843fc4c8819
FW_Horse	24a2bc898dd548c097342810d6689021
FW_Horse_Fake_Governor	967ce5c5ed09402dae7cb29fa325c6ba
FW_Horse_Guard	ee121eba0dd6438eac4980b316b2895f
FW_Horse_Hungry	abdf9ac27d9a45689f9c3b911c13df17
FW_Horse_Old	afd33e2507e94a5d863488c928c0241d
FW_Hungry_Horse_Old	079cf273febe47c9bd636fb2e315e31a
FW_IronSaint_Serf_Male	4102f5f554cd4994af3ff7d406efd1c5
FW_Knight	3a07ecc6300741109e257435bdd3f7fd
FW_KnightCaptain_ Melee_Hard	38d5f203ecbc44528cfc0b2305ad3d12
FW_KnightRider	446d1ff3dec74f6f9ad9bfb4f4d93ce2
FW_Knight_Moralite	ac7579bbd38146649fb4830ee1e4d8f8
FW_Lawman	d26f33d1ea864c0fab4ceab4ed84f9cb
FW_Lizzy	65a89ea68d1d4c168e0d88c580006d21
FW_Lizzy_Companion	17134d4540dd445c95b995a00fef52e3
FW_Lower_Commoner	56d843114aae495cb3db837b181596dc
FW_MutantNoEyes	18294cb6dcfe4373af275d6aa777c5d6
FW_Noble	ee80c8427c724baf9a8059ec4b794c6e
FW_Noble_1	88e6d28953574755b8eb960f646d6fd1
FW_Noble_2	1c351398e24b4aebb2778ccdc39a4eed
FW_Noble_Female	322b4cf853b24891abcc1dd518314acf
FW_OrchestraServitor_1	51f76630a92e4339885ed1d7cb44ae91
FW_OrchestraServitor_2	f8e31a38e9fb41178c108c0746b5fcc2
FW_OrchestraServitor_3	9a2e6408906140e8a676444e550d83ca
FW_OrchestraServitor_4	069793cb2a9e444b96fe44a96dbc0fa2
FW_OrchestraServitor_5	f841444c2da543829f6bcbbf31279c86
FW_Preacher	8055ada0751d4b7c8449abeebdd41fb2
FW_Preacher_No_Weapon	c6b6d9d953974b58a2ddc9adac45b35b
FW_Sculptor	cb4498711a0345bcaeaf4a550f7930ba
FW_SerfHungry	8b6b66875e3d4a45a9ceda962b2b11d9
FW_SerfPoor	334dbaff7f454166a49fbf9869b6937b
FW_Serfhog	107f661d63544d278d2659d8f0055bd7
FW_Servant	192196dde4634d828bbc7ba1b326e4f5
FW_Servant_Male	2d5768f7f9dd4872bc537d08edd69d4f
FW_StableGuard_Male	9b3f888ef2804878ae3e8db6615e971f
FW_TrueGovernor	8027582d345d4424b02002ccedeb54b3
FW_TrueGovernor_Buffoon	3d9ba9e266d444c7b71e2797ab0d5a66
FW_WineMan	5ff861acebec4773b886be99b7ea3704
Fabricator	63de72f07f31412d81e0a0675d1b7e4e
FabricatorsLeutenant1	73cbf1e734594b6a8c74df03ec0aabb1
FabricatorsLeutenant2	43cee85654d64685b82683e3b327e1bb
FabricatorsLeutenantTechPriest	db965c01bf4d47a892ce417ac635915d
FabricatorsLeutenantTechPriest_2	6f69b2cca18b4561929d8dfad3bd7867
FailedClone_MeleeRanged_TheDoor	5d7ef3556f064f6d96c696f6c18c06e1
FakeAbelard	b351235e5043431a8bd52687cc4e64df
FakeIdira	eb4019fc66fd443aae10abcd7b46bae4
FakeKunrad	86e2a37116c64614b101234d2cb335a9
FakeTeodora	2504fb3215cf40b6b61b98e06ac285ce
Falco	5ea226ac599e46299106bcf5519a5470
FalseAstropath_Annis	248a8d3d666f41c2ac998781f642ccdb
Felec	daafc7c6ad3244b8a8f1c14506b4f094
FeudalWorld_CyberAlpha_Lacerax_Unit	e446919e9df549b38709550264fa3b68
FeudalWorld_CyberLacerax_Melee_Unit	5eb421e1a824481ba5941c4a65a5f5fb
FeudalWorld_CyberLacerax_Strange	30cea528e3b844008a45e823755ba12f
FighterPsykerQA_AllDoTs	6e905ba8911f49af9599f916fe2591b0
FighterPsykerQA_lvl15	18369fc65433450e98f175c7dae89f5e
FighterPsykerQA_lvl4	41271447087444108c19b3cedd02948e
FighterPsyker_Test_Pregen	78e39ac2c17d47b18c9c7bf9d429937a
FootfallAlmostDeadChordaAgent	99cc3c8ef7004d71917aaec7db877332
FootfallAnverArsonistGrenade_Ranged_Common	5f12c3037d7a4b298ba5456dee8a75a8
FootfallAnverArsonistGrenade_Ranged_Swarm	d271f2edd754445990ecddcaff5b039e
FootfallAnverArsonistGrenade_Ranged_SwarmQS	a166e29822e244d7b60753621e8dd3ed
FootfallAnverAvangeMeLeader_Melee_Elite	9656dd2d816f48ad81c6e3238b1ed7de
FootfallAnverBodyguard_Ranged_Hard	99c69f2a7807409da5437a7af0ce855c
FootfallAnverBodyguard_Ranged_Swarm	44a5ac7f884547b9b1730a40c70f2a08
FootfallAnverChange_MeleeRanged_Common	6c31f35372084504a5d7dde81838d3ab
FootfallAnverChargerLeader_Melee_Elite	72f5a9bf277f4d80aa8be696ecbfafdf
FootfallAnverChargerLeutenant_Melee_Common	94bcd2fb78b340d98357d2df11a3b8f8
FootfallAnverCharger_Melee_Swarm	656ade72e8c848699387588d99bca562
FootfallAnverCommanderLeader_Melee_Elite	459af5762ce247d79ea90808809a6d13
FootfallAnverCommanderLeader_Melee_EliteQS	21ef499a5a814a98838bc2ba8866b999
FootfallAnverCutterFrenzy_Melee_Common	fc3554c1ebd94c37bc2f3fd799364762
FootfallAnverCutterNimble_Melee_Common	b1a6dda5bfb647699e6c8054a144151a
FootfallAnverDoubleTap_Ranged_Hard	17267a8199a842efab840cd422d11a3a
FootfallAnverFlamer_Ranged_Common	28e508ecd15049ba885ee7925aa8d1ba
FootfallAnverFlamer_Ranged_Swarm	ae181b8998fa4ffd8b9be6c247787efd
FootfallAnverFrenzy2_Melee_Common	d2e143890a014caab4fb97359f4ba2d5
FootfallAnverFrenzy_Melee_Common	b91bf72ef1064059b37707b45b9ab808
FootfallAnverFrenzy_Melee_Swarm	c23da4b89dc94104ac20aec10f543141
FootfallAnverGrenade_Ranged_Common	1da3d92fcdd84fddbf84e69b75bfb93c
FootfallAnverKnivesOutLeader_MeleeRanged_Elite	1ff4d703a37546cea819186b524b3254
FootfallAnverKnivesOutLeutenant_MeleeRanged_Common	c1b280146e674bbe81504c6a1b3ba044
FootfallAnverKnivesOutLeutenant_MeleeRanged_CommonQS	ceb3619f1a44469bb730d0b23a18f708
FootfallAnverSniper_Ranged_Elite	53281ae602a34756a47c3e23f66c06cd
FootfallAnverSniper_Ranged_Hard	25432786cfd04128b9f6312877a902ce
FootfallAnver_ArcrifleRanged_Common	c0548dd798cf4541a8607fcd63bedb38
FootfallAnver_MeleeRangedShockGrenade_Swarm	476668f9bd5f41a289a9e9ae74f54e90
FootfallAnver_MeleeRanged_Common	e9dda2e85dcd4c5981213fe878efe4a0
FootfallAnver_MeleeRanged_Swarm	5a7ec3f5545c4b13ae1bb0555b7923bc
FootfallAnver_MeleeRanged_SwarmQS	3d61c45b58f542f291456d311de46293
FootfallArmorer	6e6fbc1468e24f33a563e09d9b5724ea
FootfallBanditBloodbath	778d465c968f49008337d6821d54cc56
FootfallBanditBodyguard	3d73c7f40518412ba83a2aeb4b200e00
FootfallBanditHeavy	22abcda97c6644d797d0cc5978890f1e
FootfallBanditHeavyCharger_AnverLair_Melee	3fc2b3db89e947eeb7825d66e7410c09
FootfallBanditHeavySniperQS	c0ab6de0ac7849d4bfa927c6ef7e48b4
FootfallBanditHitman	5e26c97934e642afb54277c26773b16d
FootfallBanditInfected	afef361892f445f99f0b157e4eecde83
FootfallBanditInfectedRanged	aa98a39ae520440bb14d533382d3da52
FootfallBanditKnivesOut_AnverLair_Ranged	515f747e50a04783aa93cfeae7d52d5f
FootfallBanditPeacefull1	7c7cd5eb0f0c40fe88195402e16196db
FootfallBanditRingleader	ed81576d3f874fe283d7b74c2b2a5a79
FootfallBanditRingleaderPalace	4b7d68c387084acd8a798cc0670ea58b
FootfallBanditRingleaderSniper	c5830d1df49b4fa59f75527a7f209096
FootfallBanditRingleaderWarehouse	617c4afcbca54a77bee1ae302ceff21e
FootfallBanditSniper	24991153fd994300be236f1309706969
FootfallBanditSupport_AnverLair_LeaderHeavy	007f3c03c4b44645b66514ac097d5d82
FootfallBanditSwarm	d043485f551546418ad20fbb06ad9b56
FootfallBandit_Quicksilver	fd861238359d4f8a821e8fb41132318b
FootfallBandit_Quicksilver2	3954bd5ca78248319131df40fede59a6
FootfallCh04_Chorda	4af5bb1a79d142dba1ea9c125662e79d
FootfallCh04_Frosche	7b625c8a72d1473cb469c97e66d3b7d9
FootfallCh04_HangedAnver_F 1	4782c6c8435740778cc563187057c133
FootfallCh04_HangedAnver_F 2	d29abdb6c84748f48e415db61d865780
FootfallCh04_HangedAnver_F 3	a3d832142f6847bd8ec2082bcdcf0f0a
FootfallCh04_HangedAnver_M 1	2045e1334c2d4b58836f28dcc1521159
FootfallCh04_HangedAnver_M 2	97dd9265e06f4cf68c5e6b8277f62c9b
FootfallCh04_HangedAnver_M 3	f90918c54050436cb91beb2c14d381d3
FootfallCrewMemberGuard	d591e816ef9042f4a00ad666e2b11b16
FootfallDebtor	8d91d342789142cd9852eb8c57bf5c0b
FootfallDrusianAcolyte	78f25c29b2204085bfecf134e61fac1b
FootfallDrusianPreacher	5f4f31f9651a4a09b6ad73d273ea24e7
FootfallEnforcer_FreakshowScene	3293a12e31724dd0b88eaff8f20f0f06
FootfallHerald	9ed568e5e94a412eacbda6cbe90af5be
FootfallLiege	6f47d240ae65457892133c00bb8f49fd
FootfallPeacefullBandit	730ff9a24ae2431a829b22664f1fbd33
FootfallPirate	524402232e584e2a91de8ad829be43eb
FootfallPirateArcRifle	23e15c743cf24b16ae506b7695670e5b
FootfallPirateCapellan	3ace800e6d5e4df7b0272064d13326ed
FootfallPirateEnforcer	3ca0528a8f854bc9a8c221bb68d05f22
FootfallPirateMelee	9a12e4b32e114d49b2810b3241268353
FootfallPirateServitor	61fa3e7bf2c44545aaaa9899ae7d688a
FootfallPirateSniper	a4662a8b15ea4786b84b1afc44e2abef
FootfallPirateSwarm	7d20134cb7d9459e869668ea114ae0b3
FootfallPirateVendor_Rizza_Ch_4	cd6e6d9617144c9da5aa31b1dd0d9dc6
FootfallQuarantineSniper	89201ae4b88948309a11a7c7fd005aa4
FootfallSewersPatrol	a1c77c969ece4247bb5090ae981767aa
FootfallSewersPatrol1	9d5c4cfd2e36479ca12630e3d76ad2b8
FootfallSewers_BanditGrenade_Melee	0da6c61f46b2465e9d8b0361e71eac2b
FootfallSewers_Bandit_ArcRanged	3e4c912f8fa440ab90a399103db2d906
FootfallSewers_Bandit_Flamer	67213c2d0aa749f0999340295fd5b0db
FootfallSewers_Bandit_Melee	1f8359a548a04c00bf071c4850d9b538
FootfallSewers_Bandit_MeleeSwarm	226374cd65c348a78acec1548eaa0122
FootfallSewers_Bandit_Ranged	fa9b7e03228240558b2b362120b75503
FootfallSmugglerCompanionNPC	7d80f7204acc435aa661131f6ea9258b
FootfallSuspiciousType	e8f97aa2d76a42659dc2149cd44001ed
FootfallVendorServitor	6fe796a8829448a9ad21ce3d97fabda0
FootfallViceroy	f75145bac7094a0eb797ba481dcca078
FootfallZandorDrusian	a416b055535d43c598da4bca45466752
FootfallZandorDrusian_Hieronimus_Ch04	16a0b325c22340b7b89f7b51545b721e
Footfall_AngryCommoner	7d94598ac7fd4cb1b89683e7819a0f8e
Footfall_AngryCommonerAssassin	c82c3907f84747238863bf5c405e3b66
Footfall_AngryCommonerMelee	6c490c0252c343718abb30b64e82cc74
Footfall_BadTrader	9ba9c69e66774ada974fee1c03b9aa22
Footfall_Brainman	210dc47310cb4076a9231048a826f0f7
Footfall_Bureaucrat	2c74696e74fa4c35a394cf9dfb983b0e
Footfall_Bureaucrat_Uniq	a98ca227a3b644e3bc55f5bf21bf0870
Footfall_Bureaucrat_Uniq1	26d294f4b4ed4882a67ebaaebd8070ce
Footfall_Chaplain_Ch04	1e741285ec044e25836066daf2fa027e
Footfall_ChordaEnforcer	bb66cc962d7144b78a11a5e5218753f0
Footfall_ChordaEnforcer	53c496643e2f47859a599829a9879652
Footfall_ChordaEnforcer01	99e1f3059c22434a9772a27d0e7636bf
Footfall_ChordaEnforcer02	20972aac01c7433997cf81175f4dfded
Footfall_ChordaEnforcer02_Melee	6dba395bf9524b09b0456f3e6a857e52
Footfall_ChordaEnforcer03	baa8f71e3192468f8fc7bf2821e6e248
Footfall_ChordaEnforcer04	1a6833fa873945de86e3c9a2cedb924e
Footfall_ChordaEnforcer5	474263a4b28848e68b5aa912a4fbe9f7
Footfall_ChordaEnforcer_Melee	90eeaa6dd23d4b6e9847f8e43799a808
Footfall_ChordaGuard	c7688b94bbf7431ab6ee7300ffcffea5
Footfall_ColdTrader	53163903199f406690f6d82f40c52185
Footfall_Commoner	1e77591795b3444ba185a5b02885fe89
Footfall_Commoner1	144fab4882f040c3a890993d4dca1e7d
Footfall_Commoner2	5652649cd8ae45ac992fdef4c6694dc8
Footfall_CommonerFemale	490df80776ee4fa28b9dbca7e31cf9e1
Footfall_CommonerFemale1	aadad2e5964047478a2b49c35cb212f5
Footfall_CommonerFemaleFlamer	e3e1a91c60f646b083a0267abb765873
Footfall_CommonerFlamer	93f846dad311464f8706e7829825e78b
Footfall_Courier	a01e5b134819437fb86ed224e409d8de
Footfall_Delegate	196a5ef1a78b445bb31107fe01eea0e2
Footfall_Deraziter	d9f77d5a6b27430d91f4d51529b0507c
Footfall_DeraziterMain	c7d91b607de54412900f84a665a7d78a
Footfall_DocksExtractorServoSkull	45dc869441ea4f8981de32ba8d3b722f
Footfall_Enforcer	2def58bdea994f60b39f64c59c12b8eb
Footfall_EnforcerDelegation	d2be323b82b047a39f119c02537a1524
Footfall_EnforcerFemale	1036fa8f3168404ba4f70d9278d3122b
Footfall_Enforcer_cutscene	d4d6c6575aa84aa8ad3c407876e9814f
Footfall_Enginseer	89ad4f8695d04684bda5954a1fe3385e
Footfall_FreakshowFakeDrukhari	79b62845c3b54d34ba76170f02a712d0
Footfall_FreakshowFakeDrukhari02	00cfa92f77714ee59a2bfb46d5f1569b
Footfall_FreakshowFakeEldar	ec83bd5aba0549558218d4e4cdd90991
Footfall_FreakshowFakeEldar02	e748239cd5614131abb3e38ebcb56e36
Footfall_FreakshowMaster	073fa559757244e0b3c01447fe81b661
Footfall_FreakshowNonameMutant	c13cee1afe81443fa5e79e22de6a6e82
Footfall_FreakshowNonameMutant02	99eb0b27d0f14074893fc2d9ec10a5bc
Footfall_FreakshowVictim	5b680130eb8d445fa8fea254bc7906d5
Footfall_FreakshowVictim02	55cad45fe7a04ed7ae17d2b661946990
Footfall_GenericVendor	01ca1920ba114383b07bc29b4ff3476a
Footfall_GenericVendorFemale	aebedbb33251499897bd9a477a910399
Footfall_Generic_BanditHeavy	b2212886bc294d6fb5510cea581c5b47
Footfall_Generic_BanditHitman	9e58946ca51d408e9e81da7de41f143b
Footfall_Generic_BanditLeaderSniper	fd780476c2db4382a28a62ab5bb2fb95
Footfall_Generic_BanditSniper	267d362c1d304666a6a0cf834e732d70
Footfall_Generic_BanditThugHeavy	b684ebe25b384bc3be53ab974b1d6976
Footfall_Generic_Specialist	e019218361624ea783c0e7d0b5f8fc87
Footfall_Guide	d8802fbfb1ab436e8cc98ebe815b74c3
Footfall_HighEnginseerTrader_Opticon-22	a408822526b74651960ecc431d85bdb0
Footfall_Historian	4781c4872388443192702ea835e9b7fe
Footfall_Hobo	126a422803164d52a0b65e795b1e1a3c
Footfall_HoboDiogen	e6528ebd7dea47e3a3c930b0b4dbcac7
Footfall_HoboFemale	ed2b8aad4a3e49099f7d90e5ccd15b5a
Footfall_InquisitorAgent	49a7bedbe31f408f946a6016e19cd2f6
Footfall_InquisitorEnforcer	f62858504be54a7fa2112c33b9bb0abd
Footfall_InquisitorEnforcer_DoorGuard	40760e725ead45b78b5bd05afb43d84d
Footfall_JaeCanteenaSceneBandit1	951181e2deb24b90ad36dcc43e5c551f
Footfall_JaeCanteenaSceneBandit2	79f8e709bc14489db43e419786d58a63
Footfall_Noble	5ddceeaeb1db4b2589bc89fb8f250daa
Footfall_NobleFemale	e2db60548e444d54937690d1677ae511
Footfall_NobleGuard	abda798c71b740a7abea04c601999a6a
Footfall_Octaviana	e5b55ecd59794f5badf45a76b4117fcf
Footfall_Octaviana	ff7aed282b234d3587fe63e91197e9d8
Footfall_Octaviana_Ch04	638ec33644b64042bc064269f26538db
Footfall_Piligrim	966173d1e56646f8a9545669372288ce
Footfall_PiligrimFemale	826897ea83544a698210a0e03311cf43
Footfall_PiligrimPriest	6948cfcda9b441869479967f06d14bc5
Footfall_PirateVendor	e4c1811a4ecf4177af51031bdf1838fb
Footfall_Refugee	ecf38399a49343d19f5814885e019f8d
Footfall_RefugeeForgeWorld	5d6c118831a244a6bd8a8d85202ecf9e
Footfall_RefugeeForgeWorld_Dialog	288b13b03b3c455cb316dff9b450d6ec
Footfall_Resistance	2e9d185d3bc949d4957e2735ba49ba99
Footfall_RichCommoner	93e93e51e3b746d0be6eaf6d6679d82f
Footfall_RichCommonerFemale	6617bca032d34b0c82b7da3751d8bcab
Footfall_RiotGuard	8d0a31ca05094d8882608e3cf082e58e
Footfall_RiotPerson	7cc8b4925cbd44acbf43e24800d7a79f
Footfall_Servant	e9f479432c904637981172c997b82a46
Footfall_ShipCaptain	2b1e769048674948ae40ffb38a721d43
Footfall_ShipCrew	e2ea97af4e684ec6b008d15d3a7595ae
Footfall_SpaceVendor	b7040b3ebd60437dbdc522b94c973880
Footfall_SpaceVendor_Fake	046f593cd65e49708955bd4d873c0b8c
Footfall_Survivor	35c064fe96e141e7bc6b73822eda9c92
Footfall_TechPriest	7effee518fdb44d28c7001f5ecaf4507
Footfall_TestVendor	7ea7d5bf1f0d495daf3ccafee3e1c0eb
Footfall_TestVendor_ReputationTest	fb437c3f1027400bac45d57911672ea7
Footfall_ValadaimAgent	d65e3c301bce4d5da2f15fecd82b5b0a
Footfall_ValadaimAgent_Xenos_Weapon	b1cab2fc7c254466bd8744b97c7a12f6
Footfall_VladaymEnforcer	13bf5b3c6d1e44ceb491c911cdfd9b12
Footfall_VladaymEnforcerFemale	7228ba6977d242c38b85f1b55fc15c69
Footfall_Vladaym_Ch04	b161987347c1457ab30f3b402a3db18f
Footfall_Waiter	0afe643229294ac78bbc1effe8e97446
Footfall_Worker	03197fa2a7784835b0bb214fc6d693ab
Footfall_WorkerFeMale	da97052b120d4828a9c323740c653aaa
Footfall_Worker_DoorMan	b4803008defd4132ac7aa8cffb976f4d
ForgeFiendPrototype	9dea2d5f76974cedb4ed2843c912715c
ForgeWorld_Cultist_Melee	7f382da3137a416284affa44ef59d185
FriendlySpacewolfMarine	da643980de8846aa8bd354b5b6dc8884
FriendlySpacewolfMarine_Bolter	a8944783b2454bf0aac240ba3e4ef78d
FriendlySpacewolfMarine_Melta	eba48b02e6b342d9abd3d9e16f36ae7f
FriendlySpacewolfMarine_Pistol	b0d2345e5b9d47dc8f4ae72143f59365
GallenGaprak	ac977c0ec16b4e8eae8fe90369c279e6
Gaprak	fc3e4f4ca6ba49a796498c4f217284c8
GenestealerAberrantHypermorph_Melee_LowerTunnels	cb34336b86fd47b4893ca02f3e4da1e4
GenestealerAberrant_Melee_LowerTunnels	81ea10e5590a45608cca074828139443
GenestealerAberrant_Melee_VoidshipBridge	b780b86584a74daf94c6697f8616c89a
GenestealerAberrant_Melee_VoidshipCrypt	bff2a8d018b94b3d99cb748f5a6d993d
GenestealerAcidLair04	c3fe743dc36f4154a241078ee6529349
GenestealerAcolyteHybridChainsaw_Melee_LowerTunnels	e180a13e3d3c4558aa79c5e99a6d939d
GenestealerAcolyteHybridChainsaw_Melee_VoidshipBridge	995d2ee48e5841e0813a75fd0dad2bfb
GenestealerAcolyteHybridPowerPick_MeleeRanged_LowerTunnels	7930624806b24e1cb5b03a902d96f529
GenestealerAcolyteHybridPowerPick_MeleeRanged_VoidshipBridge	e9af5b5f3c794033898c9010c07daa7c
GenestealerAcolyteHybrid_CutSc_LowerTunnels	47331e4d800c42d88c8e93fdc0af4843
GenestealerAcolyteHybrid_MeleeRanged_LowerTunnels	d0bd6e21e33d4e65b2d78334e3a32941
GenestealerAcolyteHybrid_MeleeRanged_VoidshipBridge	617f1c44c2fa4a73a988c8ca5f4decec
GenestealerAutogun_Ghost_VoidshipCrypt	22ec6594995a48f881b3519d9a6fe4a8
GenestealerAutogun_Ranged_LowerTunnels	b0eb6b6665884314a5ffbe72a6ba015a
GenestealerAutogun_Ranged_VoidshipCrypt	7d43072c5bf14b8ca6e604c68effa3bb
GenestealerBase	4728a912c2804fa18fea5a0c29088e71
GenestealerBrute_Melee_PatriarchVisions	0a950eee20c34539b06cb91291d720eb
GenestealerBrute_Melee_VoidshipTempleAmbush_01	f000cd032233467b8c014ceab4682fd4
GenestealerBrute_Melee_VoidshipTempleAmbush_02	7ff1d7ba354c4a5384b4df5d92c02425
GenestealerBrute_Melee_VoidshipTempleAmbush_03	374f4a0033c2487e8a99471c66ed4522
GenestealerBunker_Ranged_VoidshipCrypt	0fb54c75a01443aabfa6dbea49966e37
GenestealerCH04LT_MeleePoisoner_Elite	d738dff05b9b48b79fed7d0ed98a027b
GenestealerDanrok_Melee_PatriarchVisions	f4d8ea97a45d4b8f86579873669e5d24
GenestealerGenestealer_Melee_VoidshipBridge	e9578fc500a54882b2aece0ee8a16c66
GenestealerGenestealer_Melee_VoidshipCrypt	41bf83bd3cce4d7ca41951133e384d2f
GenestealerInfused_Melee_PatriarchVisions	c0740c581f7a4172be4ec51340adeb4f
GenestealerLair04	58792e359c8f48049c6cc04bf49e51b5
GenestealerMagusBuffer_MeleeRanged_LowerTunnels	05cb592790a04b068fb152ddff4d172a
GenestealerMagusControl_MeleeRanged_LowerTunnels	3f890782a3894102baf5f4a032529518
GenestealerMagusDestruction_MeleeRanged_LowerTunnels	008638aa60ce4a9c8481e7561bb3219c
GenestealerMagus_MeleeRanged_LowerTunnels_SF_VIP	6fc803e077cc4751b4c7e1c3de60b012
GenestealerMagus_MeleeRanged_VoidshipCrypt	ef30cd2a010e4aeb9496af6029976b58
GenestealerMagus_MeleeRanged_VoidshipCrypt1	ba4839bbc3f8429cafd82cba15f60d37
GenestealerNeedlePistol_Ranged_VoidshipBridge	8d8aba26e7b844da862253d3674a84ee
GenestealerOracle_Melee_PatriarchVisions	a79b37e63cd447e49f8f159179f43243
GenestealerPatriarch_Melee_VoidshipBridge	76f726c9d955486789f1bfc5dbabd5b4
GenestealerPatriarch_Melee_VoidshipBridge_Cutscene	ad39bb3106d34fb695407581464456db
GenestealerPickPistol_MeleeRanged_VoidshipCrypt	d905ace31880401ba093d3fe835c33c0
GenestealerRanger_Ranged_PatriarchVisions_Common	a298d288bafb4fa89435135789319ced
GenestealerRanger_Ranged_PatriarchVisions_Hard	24d431cda421489e9aa24575d54cc0ac
GenestealerRanger_Ranged_PatriarchVisions_Swarm	5ae662a882304a198376150da79548d6
GenestealerSeneschal_Melee_PatriarchVisions	7448d0ef178d437d9c657eeb9b742d5d
GenestealerSniper_Ranged_LowerTunnels	7472e8c98cd24bfd9fc855ecc661203f
GenestealerSniper_Ranged_VoidshipCrypt	2a20c67444984747b351fb888032bf44
GenestealerSniper_Ranged_VoidshipTempleAmbush	72a85f59262346d1a66660942be6775f
GenestealerWebber_Ranged_LowerTunnels	383242566c344a62b7e8fb16557a1fe2
GenestealerWebber_Ranged_VoidshipCrypt	76f875cb450448238fe86fde69b3225c
GenestealerWebber_Ranged_VoidshipTempleAmbush	75202b09f23a41fba4833da57b2be9d1
GenestealerZealot_Melee_PatriarchVisions	c7604a3bd5da41a999e8a7df7241a686
Ghost	6e082e48981c4cfa809f89e79df01731
GhostServitor	9a1d950dc2fc4756ab4fd6ae0888d10e
GhostSpaceMarine_Bolter_Ranged_UlfarQ2	8ec72d9c0b3b44afb1b7dccef5d9736c
GhostSpaceMarine_ChainSword_Melee_UlfarQ2	ddadb9c79f184708ae8709433872ce72
Ghost_Melee_AstropathicchapelCH2	a97af5bdf77046d9a8492ee232c21e4e
Gladiator	aebace146dcd42d3871337fbdcba9f86
Gladiator	b1b77f2ea9d149258763dbb3557f1586
GladiatorLeader	4f41771c0bcd46439a476c87573f11c3
GladiatorWAxe	cee34f021f034c378eb6c11bddba2d2d
GladiatorWHammer	ddda96ba17074b8c84a2cac87061ed94
Glaito_Cybermastiff_NPC	c214ac93a3534a61bd1bd9505f4c525f
Glaito_Cybermastiff_PetUnit	c3128c02ae674a8cabe2dfff081449ad
GoldenServitorMeleeTough	d65f04f5eda444f0b4fd1cee54cc36db
Gouvernor	3053a5f8dc9a4e20a4944ac1e668ceb9
Governor	b3cd544dcbed4b56be4591cb465ad6a6
GovernorGuardCaptain	dcbbef44bf33f854490a4c9d3a94d65a
GovernorGuardPeaceful	88027f9efd489c745b1fcde73a9873ea
GovernorGuardPeacefulFemale	80a43fcb6dc34e828c7c99f9b769aad2
GovernorGuard_TrailerCinematicFlamer	6a98744c80874d9598c0d460dbc7050d
GovernorGuard_TrailerCinematicM40	a1e589af5fe943b18958fb4d34918397
GovernorSecretary	bb1e1c13dfc19c041817304925dd8a89
GovernorSecurityMeister	732d8b21f7584329a587bc047b3789e1
GrandSpecticle_Farseer	997d400ed01b420ca8f389347e434d26
GreaterDemonPlaceholder	fe7a8ad3f5e048b1a9b42b6500153932
Guard	f86e18cf1de14169b6ffeda146b4d73e
Guard	f76d4fff51324fdb93046f85d0d2f890
GuardLeader	e6a359c657df4f23b395e004fbfae257
Guard_Amalgama	d149f9c2d2104c56ac4ed67d6737ae05
Guard_CutsceneNeutral	730e6918d8f8447b96583ae1040f9167
Guard_Engineer_DargonusLoop	0bbdbfea081f452985baacd1962cdff3
Guard_Leader_Ranged_DargonusLoop	50bae6374fb9418ebe21d8c566bb01a3
Guard_Male	e4d4808bbd6a49dea7dad4ac847bdf70
Guard_Melee_DargonusLoop	c309d429ba7447839354161849367594
Guard_Ranged_DargonusLoop	8a853e484c3e47e79da98d33d1c1a601
Guard_Serjant_Male	64140ab047ed4371a9bf17a6e418d55e
GuardianCombatServitorColonization_unit	454847134b48402792be9798bf92b0ca
Gusev_Abelard_26lvl_ExportedPregen	3b87f4b64b0d464698b321a04ab06c93
Gusev_Cassia_26lvl_ExportedPregen	5be35de965664d0d8c461c6c66804264
Gusev_Idira_26lvl_ExportedPregen	2c2e85f3257747419c8f2f5c112a518b
Gusev_Jae_26lvl_ExportedPregen	6a1b152a7c094d5ab3a00b41ddec8bde
Gusev_RT_26lvl_ExportedPregen	fc780492797f46c38c6ba9a86dd72f15
Gusev_Yrliet_26lvl_ExportedPregen	6dc343ca59f24adab31b6f1d0ffc7f4f
GuttedMagos	f39f4f67ade2460392c7df49c108da86
GvedonYart	0c9def3d9921451584ba0cfe74772fc6
HL_KriegHorse	ec6396d67b0f44a6b3b8dedb54b1d5ce
Haemonculae	ff5b640a768e42c5b8ac4b62c63adaf0
Haemonculus	cc3417a47ea34f639198cf6b91905143
HaemonculusClone	c6b85d4bc57a4675b67e51b39a406395
HaemonculusClone	5e7a2c657f3f490688f27ee7d165e245
HaemonculusClone1	dfd6e3d807974551bdbedeb4b4c1ae37
HaemonculusClone2	3fed79261c9a4767bd8e9d3329ae3988
HaemonculusClone3	0d8f69e78eb14efb9cab54a08d042e9a
HaemonculusCloneWeak	3440e62d7e75417b9d14334f7b0e9bd6
HaemunculusClone_MeleeRanged_TheDoor	ff889cc9e7d04ffe9985837c51c9fb56
HalbrandtSpacewolfMarine	3fd86919340247f7a2d510b5d91f0258
HalbrandtSpacewolfMarine_WarCouncilKTC	cc0d41fd3f344157836093169ef58b35
Halbrandt_MeleeRanged_UlfarQuest	c392b277a30b48a8a52713a82c52acb6
HalfCrazyNavigator	59e9a2f3ca2850b45bad1fef132be338
HalfCrazyServiceman	60b3a2af3144b6b4487e7ff970fbed7d
HalfCrazyServicemanEnforcer	aefca1a8b6234901ba8979c2bc98b60f
HaloDevice_Noble	56711ea7370a4090b94a800bec6ce7a5
HarlequinZanni	ecf735f591d04747b0e26abacb73c616
HarlequinZanni_Companion	ea3a40dbd7d14de7a50c4466195daeff
HarlequinZanni_Summon	7a1815f59e884ab497155f883d2239ab
HeindrixDie	ebabe1a17f5749239c71f30854cc3000
Heinrix19Chapel_ExportedPregen	213a6ef6713845ba95695bb4a111834e
HeinrixCompanion	70e4973d9cef400da93e0b5672dcd014
HeinrixCompanionCh02End	b0c0f55cba4c45f7bf06ec802ce73682
HeinrixCompanionCh02Middle	c736598629f74e4eafa09418a349bc19
HeinrixCompanionCh02Start	41b44c0074f84f2da6925944c9421a81
HeinrixCompanionCopy	8cf26e3885db48cfbfe03510fef5f3cc
HeinrixCompanionNPC	341013a9629f4118b7c870b8ae1a20bd
HeinrixCompanion_35_DLC2_ExportedPregen	bcbda0b98e45413b94f7dde44a4ab79e
HeinrixCompanion_Ch02_Lategame	a3614a23bfde404294130aebcbdcca27
HeinrixCompanion_Ch02_TrueMid	6cf69e53e609439c90ec3ac3b314f21e
HeinrixCompanion_Ch02_TrueStart	8723ef73d6804606851be3a295e868c4
HeinrixCompanion_Ch03Start_NoWeapon	4b92868387584918805322fbe88a90f7
HeinrixCompanion_Ch03_Demo	845f21dfb1ee48a1a21a8b647cb70d17
HeinrixCompanion_Ch03_Fake	0d5e9062d05b453aa6e9ee4b2671f742
HeinrixCompanion_Ch03_TrueStart	3930a880dd49429e885b40aef5f7d88b
HeinrixCompanion_Ch04_Lvl40	b632c5748dba4896a569a306cb549b78
HeinrixCompanion_Ch04_Start	c29b6799802d4b8193c077df8f0bee52
HeinrixCompanion_Ch04_TrueStart	f1c6f52c0ff540b1aefef2511bb8ca0e
HeinrixCompanion_Ch05_Finale	1795f1fde7cd4386ba48afa4dfe0c758
HeinrixCompanion_Ch05_TrueStart	0a6fc0f537b04a869ff2bd1d6c2d62eb
HeinrixCompanion_Chapter1_Middle	d11ece19de324012948eeaf2ea628b32
HeinrixCompanion_Chapter1_Start	3e942945d44b40ef8e6ede812a33be97
HeinrixCompanion_Gamescom	371572db3a5d4fc1bac127740b77cc5d
HeinrixCompanion_Level19_HarmonParty_ExportedPregen	a61fc8b1eedd4107b2e8cb7f5073ca22
HeinrixCompanion_Level22_NeiliusParty_ExportedPregen	9a05394313434ea6b57857ae73145b61
HeinrixCompanion_Level25_TesseraParty_ExportedPregen	b244469c02fd473aa0dc1d01b5a9f9a9
HeinrixCompanion_Level27_CyrusParty_ExportedPregen	982d91fd40784e7babb3fe4a19210252
HeinrixCompanion_Level29_ExportedPregen	fe4e40b313cb44209be01d330fe1e7f6
HeinrixCompanion_Level31_TesseraParty_ExportedPregen_ExportedPregen	1ceda1a2eafd49b9b9dba440fec1a949
HeinrixCompanion_Level37_TesseraParty_ExportedPregen	26b4b9a3bb224e3087f662f4fbaf7ee6
HeinrixCompanion_Level37_ValladinParty_ExportedPregen	ba85b680d5e0457983da1eec5a14c167
HeinrixCompanion_Level42_OlegParty_ExportedPregen	10aded1bf50248d99e0aca6f7eb0cedc
HeinrixCompanion_Level47_ExportedPregen	dddb594ddd034189877e143cccbf4a13
HeinrixCompanion_level27_VasyaParty_ExportedPregen	f265c5088b7d48deb916f504b430ecd0
HeinrixTorturer	728df148201b4780be8140cbd357f29a
Heinrix_level47_Gamescom2024_ExportedPregen	6e0680a2fbfb4eb2b34113f305c70647
HelBruteLair01	25b8a0bbb9e0420d8e97a1ee78749bc2
Helbrute_MeleeRanged_UlfarQuest	56c0155a432f4e8593bd542ca92c860c
HellBrute_UlfarQuest	0c20b1b0fc8d4e62bc7603ad5c686141
Henrix35Yremeris_ExportedPregen	672527ded6de4eae972f9f22a7f4936c
Henrix_Bakula_46_ExportedPregen	31b1c333809640dfbbfaf7d3ef4158d2
Henrix_Bakula_level36_ExportedPregen	b891a09dbbb34a9fa6699e62be9a1a27
Herald	9992df9dd8394a1f8d6a66042bd24736
Herald1	456b92174135432395468db65ceb0dc0
Herald2	23f23a2da4274fefade8a7fb6c0b244c
Herald3	04254b711a9344f7ae5eca31cfbc57ad
Herald4	635279cfe14a40698c860cc6117022eb
HeraldOfTzeentch_ForgeHeart	cd95536d0a8d4d5da78741702fd11265
HeraldOfTzeentch_Prologue	7daba3f054a748e184c0ae94c13dffdb
HeraldOfTzeentch_Prototype	76c8dfbce4364d64bccefd1fbe38301b
HeraldOfTzeentch_RandomEncounter	e87643d7bf26431eb964f6ff7eb3e2e5
HeraldPrototype	83b73a1e89da4f12a9d093747b5ad22f
HeretekArtisan	906197899b9d40d8b1f0189a57fbd7b2
HeretekLogi	a7c723681bea42eaa2f8cc506ff3efb3
HeretekMagi	e8237ec331214eac8251661293e7796b
HeretekMagiUralonSidekick	25b730757e784d15b623bd71857477e7
HeretekMagiUralonSidekick2	94c2f921d1bb469e9388add69ae078c7
Herimon_AstropathicChapelCH2	7e62f5119ff24ffea423335b35507d41
HieronimusGuard	cc4dc39db0304efa87d0eb61e50723a5
HighFactotum	d24352b1ea1b455c99836be3d63c46c8
HighFactotum	00ac5fe6a92a434aa89518306180b30e
HighFactotum_IfDead	a357787b25ab46c49c4ed03b7e96570c
HighFactotum_MB	1770b1f4407c49e5a9663b0092f571b3
Hope_Chorda_Companion	cabf247f1fb3494289f48a48512132f3
HorrorOfTzeentchBlue02_RandomEncounter	6dcd198b2407462a9a8ca1d5e251def9
HorrorOfTzeentchBlue_AstropathicChapelCH2	3cb73687a3ad4265ba05b57f95df472d
HorrorOfTzeentchBlue_RandomEncounter	02587040f9464eb4bc7b585251e79bb4
HorrorOfTzeentchBlue_RandomEncounter_Uralon	ec4cd33c79db4d1bbba15c26afa818ff
HorrorOfTzeentchBlue_RizzaDemon	d47f77ac541045258ba516d43d9d78c7
HorrorOfTzeentchCh02_Pink_MeleeRanged	1cdab39e96a249da9375c876738410d3
HorrorOfTzeentchIdiraQ1_Blue_Melee	63dc3c72d3c9489484b583ac558e6839
HorrorOfTzeentchIdiraQ1_Blue_Melee1	33b3fceb8bc14be7b90331e0435ae27a
HorrorOfTzeentchPinkLongRange_AstropathicChapelCH2	86e68e7da6d242d2b191d15d4079a6a8
HorrorOfTzeentchPinkLongRange_RandomEncounter	fe12ce2755904efbb036f18a7032335a
HorrorOfTzeentchPink_RandomEncounter	87628995d4494b29b65d9b3a002126c7
HorrorOfTzeentch_Blue_MeleeRanged	b797c155e6dd4763a64c53a43fb23ea5
HorrorOfTzeentch_Pink_MeleeRanged	4a15cb4cbcd5429a985ce3618ee7c5c8
HostagesAbductor	1c57c63e4b3b4c52b4aef7ca039ea020
HostagesLeader	40dc388a34254387bac434f7036dabb5
HumanArchitect_Melee_SurvivorCamp_State2_Izdrig	9052fb97c0a44a869876b30390524e89
HumanArchitect_Melee_SurvivorCamp_State2_Kuravich	e03f7ad8ac8143d5929ab05f23282e48
HumanArchitect_Melee_SurvivorCamp_State2_Vedka	b069f31be4be43409d6de28c12ba5c2a
HumanBandit_MeleeRanged_VoidshipTempleAmbush_01	423fce771ddf4aefb5d9e1cf78c850c8
HumanBandit_MeleeRanged_VoidshipTempleAmbush_02	ba2f0ec9d3994171897772ff1c6c057e
HumanBridgeGuard_Ranged_Boarding	9c04acf5bf9343d4b92634b25774d56a
HumanCastellan_MeleeRanged_SurvivorCamp_State2_Dankosh	443e4c5865cf4459aee889453b0c32d0
HumanCastellan_MeleeRanged_SurvivorCamp_State2_Jovakha	4a43eddec64645df9c10ecd6e4d1720a
HumanCommissar_MeleeRanged_Prison_Fake	9e3d93b6f3b94377b7ef32728d1c0764
HumanCommissar_MeleeRanged_Prison_True	5990a9129d6648a68aa7b62ebe2cdc05
HumanDefender_MeleeRanged_SurvivorCamp_Flame	4f9ca120a0804e8a9b45f759b62a1986
HumanDefender_MeleeRanged_SurvivorCamp_Rifleman	30c452d110084b819d26cb22e1010938
HumanDefender_MeleeRanged_SurvivorCamp_Sgt	2a76df4f93f84804b32cf9431436db80
HumanDefender_MeleeRanged_SurvivorCamp_State2	882ca58975d840b9859d9aead9e251e9
HumanGladiator_Melee_Arena_01	a9b51ccf8dff47f6b2fd16fe3efc4a06
HumanGladiator_Melee_Arena_02	68b88ea6e0ae4d61bfafa48bff04463f
HumanGladiator_Ranged_Arena_01	072ed311f1ac41358dbd95c1c15fddb5
HumanGladiator_Ranged_Arena_02	250cef2bb3fd4211b9db476c47f86de2
HumanJanur_Ranged_SurvivorCamp_State2	736a55fa831e4c858eebe70f91675057
HumanMedic_Melee_SurvivorCamp_State2	85ed5d639caf4bb4aa6274f82f508702
HumanPreacher_Ranged_VoidshipTempleAmbush	790ba290fab948f8bb4c2d74becde002
HumanRavor_MeleeRanged_Boarding	684a45fba70846c0aba2734e8994defd
HumanRenegade_Melee_DeathCultTrials	7815ae1fd9964f4dae3e5f1c3ec64414
HumanResearcher_Ranged_SurvivorCamp_State2	3c6c0d69a6f64302b0792f61231a060d
HumanSlaveMeleeRandomEncounter	336770c2090a474ab42835e3da6960d0
HumanTraitor_Ranged_DeathCultTrials	194e50ea01954a77b29654749b509490
HumanTraitor_Ranged_DeathCultTrials_Female	84947b3b035842abb580b19e117c6a98
HumanTraitor_Ranged_DeathCultTrials_Male	659f4cbf08a04069b482dbdb52e996bd
HumanVeteran_Melee_SurvivorCamp_State2	dd7451fcc7484abcb44c73f29dc30490
HumanZeke_MeleeRanged_VoidshipTempleAmbush	fd346c7274224591b5af39e6b28fa214
IMFlamingHeart	115d147fe69b40119e7c9b82c372d634
Idira19Chapel_ExportedPregen	17015a678f3447c888086111a846c9b7
IdiraAlternative	e24cd7e6ee4144b8bfcede3f6f2e60c5
IdiraCompanion	948abdeffc744794589d6b3f59a1cd0f
IdiraCompanionCh02End	dcf2a9ab9bb647f1963e089b8fd53116
IdiraCompanionCh02Middle	5b1ecd36de7d4632a9b907186d26f499
IdiraCompanionCh02Start	d9202573fa5445c6b3e11aaea5bcd1b5
IdiraCompanion_2lvl	516ceceef3a54badba8671e038762746
IdiraCompanion_4lvl	baf01d4d8ed04241bc6f9e42a86d1c1c
IdiraCompanion_Ch02_Lategame	d5a600079be74defb172718c69c8677c
IdiraCompanion_Ch04_Lvl40	5efd3cd8f34f4aa6ab40a08efc191c1d
IdiraCompanion_Ch04_Presstour	21ed56365c4a49c8b3996e234c5c208c
IdiraCompanion_Ch04_Start	d8f9ccb7a2b347bd879266489f2a56e2
IdiraCompanion_Chapter1_Middle	4855276fcccf473184efe4c48d9a70d4
IdiraCompanion_Chapter1_Special	f08beefd33a541fcb6265c8a3aa55d36
IdiraCompanion_Chapter1_Start	468ada4f219a4d099876c1465c82fa7e
IdiraCompanion_Gamescom	8e2c797a14ec4caa82d4ab84cb3e4d0e
IdiraCompanion_Level15_ExportedPregen	2f5ecfac3e03451a8f7e1b71c063fb39
IdiraCompanion_Level19_HarmonParty_ExportedPregen	6f9b88c98fe34e0596f39a587d222ce9
IdiraCompanion_Level25_MikandraParty_ExportedPregen	1bde40331d2a4dc9becaa9ad3be4dc41
IdiraCompanion_Level39_PetRaven	4e54aeaaade84d94a26a90c23647ed27
IdiraCompanion_Level39_SolarParty_ExportedPregen	f68bebdd49474206a6db0040504a0a59
IdiraCompanion_Level7_EtelParty_ExportedPregen	3320c3fce55a4097a9f2e4bb812f74f6
IdiraCompanion_Level_27_Overseer	d33b2f7cf9694f1fb7f5e4ab09a9c46d
IdiraCompanion_TrailerCinematic	bc291fd6b0c741fe902635d6cdf8a5e7
IdiraCompanion_lvl38_treasureworld_ExportedPregen	8cacd4b8259843f0936890ca3a79f410
IdiraCompanion_lvl38_treasureworld_PetRaven_ExportedPregen	e9cd6d2e5a3e480997052afa454124d7
IdiraPsyker_Chaos_AstropathicChapelCH2	c52d421b2d1f4320b314ef883649e595
IdiraPsyker_Imperium_AstropathicChapelCH2	6221f830eb074ffc9d88a96bab5f0848
IdiraPsyker_Light_AstropathicChapelCH2	4117f7729de34cb3b1d3420bb722f9c2
ImmortalSkitariiAlpha_ArcShip	0901b2a14ee442a8a24c1428c5acda17
ImmortalSkitariiMelee_ArcShip	14c191894a4245149eebe8ac911d555c
ImmortalSkitariiRanged_ArcShip	84a354589be241598c28289bfcbd7c13
ImmortalSkitariiSupport_ArcShip	6a1aa4b560454e299df1a38ded3df782
ImperialMale_Gladiator	e6532d86eb2d4c0babcaf68cfd0c746c
ImperialMale_GladiatorMelee	8c5f785ca17440848c678c68e034b26d
ImperialMedic_Ranged_Prison	5337ae03d1a7483e802092717fe30be2
ImperialMisfit_MeleeRangedGrenade_Prison	1c3d5552d1f24ab6b28b898b7d71c31c
ImperialMisfit_MeleeRanged_Prison	48c7ce841c2a437b8c3b40b41ff0380a
ImperialSoldierFemale_Ranged_Prison	6f96a864aa8c41379de704a1e6a169d6
ImperialSoldier_ArcRanged_Prison	efd627f6e83d411b8d10793f0eadf873
ImperialSoldier_Ranged_Prison	8eb74d0111244b81af7c09004fbc354a
ImperialZealot_Melee_Prison	8ddfba97eada4d0abdca87ce75c52d85
InfectedMutantInfector_Ranged	f5df54a1fea04da6b39f9b2fc50308d8
InfectedMutantPsyker_Ranged	249aa9cfc95d4f19a82af6b053697049
InfectedMutant_Melee	9e0da9c893cb4580aac852cf85578a05
InfernusCH04LTState1_Melee_Swarm	84dec51a76be478db781dacbfa38d0d5
InfernusCH04LTState1_Ranged_Swarm	00139c8a9635489f8aa8a55cfea9bc58
InfernusCH04LTState2_Melee_Swarm	0b12fc24dea34088891319084bbb2387
InfernusCH04LTState2_Ranged_Swarm	42adfda7ca1842d4bd9d086cfb442d40
InfernusDaughter	c6fab802e53844a6b142877dc34f5b97
InfernusDaughter	5e90ac3e1a35475f8340f73cfa29ca42
InfernusMaster	78bc85f6b1ad4ccbba91e93583cf647c
InfernusMaster	6fbff06eb3124f8eb1be3565e2c821d8
InfernusMaster_invisibleKitten	cc3da967335d450cab4dd7b8d2d1303b
InfernusSister	8cb0333db2c940e7be3549788fafacf4
InfernusSister	252da95bf55444fc9cbdf650363bc86c
Infernus_Melee_VoidshipCrypt	51a5f36a2a4749e6bb490de74ba912b4
Infernus_Ranged_VoidshipCrypt	ba5e4c284a574c1380e6a9f902894d76
Initiation_Enforcers	13f42fe5e69d4f4298c24feab6b2b406
InquisitionMob	ea2f2bffe0bc4659bed5727937dc3675
InquisitionSolderCutscene	154a0afd70f3493391a08811438cc615
Inquisitor	a82e32bc8e6243babd52d913aa98b0f4
InquisitorAishara_MeleeRanged_Boarding	dd484b59ce92440d8a515d65c15eb468
InquisitorBrute_Melee_Boarding	d32a7071f3f540a5a2732ffe0b6c82d6
InquisitorCh5	aecd6bae537843c1aacfb8a1803a00d9
InquisitorFlamer_Ranged_Boarding	69446090c140476aace53fdda2e4f1c2
InquisitorGuard	9af5ab1e0a0d42e597db3787630f6b0a
InquisitorGuardGhostCutscene	f035efd38d1949b98f9fcf41764106dd
InquisitorGuardGhostCutsceneMelee	1efa825f729a4cda8a05259addcedeec
InquisitorGuardSargeant	b1f6e2b4865b49c2918c36977ba6c7cc
InquisitorMarksman_Ranged_Boarding	3a6b1402b6634864a23b014a6e3870df
InquisitorSniper_Ranged_Boarding	e5f719a8ad6949e782f23f62fb0e2606
InquisitorSoldier	e459b42d13054f04a3a65caffc382316
InquisitorSoldier_Boarding	cbe56cae51ad41d5820f0f707a2b807d
InquisitorSoldier_Melee_Boarding	2be30cbf53d741538152f7e93a65a241
Inquisitor_Aishara	ee99af4c3b9d4d1b8e618538e69a562a
InvisibleCat	e2d72d9f3fd8459da392b1ecfd5616bb
InvisibleKitten_Unit	29098ee678ed414399263e2b7a777e1e
Iremeris	1ddead8614c946e6965d2ecc3fe7506d
IronCultist_ArcheotechReactor_Melee	f4810fc1f26141699c7090e19e1b34ab
IronCultist_ArcheotechReactor_Range	8781b4bf0b0344e8b4cc30c028473a5a
IronWisper	a7f958c4d9054628bffd51f6addeef8b
ItsTime_Afterlight_Boss	359d23a580204e4488c4654341fa492b
ItsTime_Afterlight_BossSummon	5f6a8b455fd94289bcdd276a844d5736
ItsTime_Afterlight_Speaker	8999c2c4444e482a83f98d10d62f5a9e
ItsTime_CultistsSwarm	e02c6f815dac41c4b2eda1dff84f5b41
ItsTime_MarauderChief	78a63f767811472fb800d3ebbcf86d12
ItsTime_MarauderPlasma	6e9a4f1c32504d3ab466a24bdc8f8f47
ItsTime_MarauderSniper	6143b9b43426454e9c996aed97917cb3
ItsTime_TarantulTurret	6835513502034708a8a27ad1f7cb4059
IzhdrigBatoshskiColonel	1f19735893e4405da0c78c084a1722b9
IzhdrigBatoshskiColonel_Camp	e151f54a21544d2f8540883fca1753b5
IzhdrigBatoshskiColonel_Voidship	27079a16b3b740b7a58ff1e78ada7487
IzhdrigBatoshskiColonel_Warrant	21b540931f8841609d664a7febdb59fa
IzimondSauerback	8815c75cf89949538ef5c976dc4d82f5
JaeCompanion	768a816a8b734882af399f8258ffcada
JaeCompanionCh02End	12ccc50c34b84416b13188639eea58f5
JaeCompanionCh02Middle	9ee0b5c844664cb4a99b115221bcc703
JaeCompanionCh02Start	a8b09151f51342b19b9048ad815cf2b8
JaeCompanionCh03Middle	d177c2197f4f4431a2e8fa10ac07b959
JaeCompanion_Ch02_Lategame	90df3f7331924dbd9c72abe614b30c6c
JaeCompanion_Ch03Start_NoWeapon	3bafa3ea03a944929a8a6f3d06d6356a
JaeCompanion_Ch03_Fake	837763149a264ed394893fc80180bddf
JaeCompanion_Ch04_Lvl40	7bfd12d6f13a4753aa6915ae08eace43
JaeCompanion_Ch04_Presstour	4d348a6be31b4bf5aa8b8ddf62a80ea3
JaeCompanion_Ch04_Start	7fbead97e4b245428fa65420db79c4bf
JaeCompanion_Gamescom	2016268f86c941968692f55f40a36a32
JaeCompanion_Level22_ExportedPregen	bf365be2e284464c9597a8809d6ed442
JaeCompanion_Level39_SolarParty_ExportedPregen	1e8f2c6661604b188eb108e003dce80f
JaeCompanion_lvl38_treasureworld_ExportedPregen	d2e532734c07417da2cbd2fb764f9a82
JaeGuard	0b1c64dd28f04d4fae66a35870240979
JaeGuard_Kor	63929b67a59443448bd997992f77bf63
JaeGuard_Torra	9099a10faa054b40b8cd41ffce2bcdba
JaeGuy	f657b83caeef49b18d85a88632958421
JaeGuy2	3d1a6f4845be4189adbae526c78393dc
JaeGuy3	cad326f549204e57a8133eb91e9a14a2
JaeGuy4	cd9d70d6fc134c30963190f4b8358730
JaeGuy5	97ff21d01fc2489f97392a729d684fda
JaeInvKittenBarCutscene	9b2e2a9e45e7487f91ab4d4db5ac5881
JaeRomanceServitor	ea43f08addde4d909a84aa414c137dd6
JailPLanetoidServitorOff	bf76c204731e487caba046e465b21820
JailPlanetoidArturGuardF	549cad59038a42b7b6a9147ef004739f
JailPlanetoidArturGuardM	e907d221f28f49f897d6a9fceb8dbbd7
JailPlanetoidCorruptedPrisoner	9d727eaf15134db6bf861eb73adc8094
JailPlanetoidEnforcerBatton	427838c766c247cbbaf7295909d96914
JailPlanetoidEnforcerBurst	2c1e42b7a9744ae7a1afe3aea5ead987
JailPlanetoidEnforcerButcher	68d3b4d119fd4cddb7fcdadc850d267e
JailPlanetoidEnforcerGrenade	4e06cba5dd55407d89664b3f5ccccae2
JailPlanetoidEnforcerPistol	6909a084276c40c6be562fe29fa3a095
JailPlanetoidOverseer	7a05bc301b3a4b718cd8f586d3cf8efd
JailPlanetoidPirates	8287bcb69a04417ea44a9281d43f8f9f
JailPlanetoidPrisoner	fcda3c0e4a54446b95464eaaf839b358
JailPlanetoidPrisonerLeader	7b3e7f4f65894b968d1ea9b5e1e3704e
JailPlanetoidPrisonerSwarm	5adb1844a5014650886941a38e94f55b
JailPlanetoidPrisonerSwarm1	8d07be5bd9a6459b9b102dadd7a88981
JailPlanetoidPrisonerSwarmStub	d420adcffca144a68d6a461e6cae00f9
JailPlanetoidPrisonerTortured	6d201116de5e46db8afa9764bfa9c0bd
JailPlanetoid_Ewain	6f3ff574af4748afb397197408d96d4b
JailPlanetoid_Pilot	be319fe1568c4da4a6aebc2698ddc41a
JanurZarkovSergeant	e07782da610e4df782c87a46fffef34d
JanurZarkovSergeant_Camp	49f8c7708c6f4968ba8a1a9c4346e678
JarubVukchik	1bddc75f8328403e98c3a0d8bb9a58cd
JungleBeastAlpha	0015fa49d5f91114896ec429727fa9d6
JungleBeastAlphaHorse	a167cf675a714fc0b4267a6fc8b0d3c5
JungleBeastAlphaHorseOnly	97bb9263c5114dd99e81e4c2d5eece90
JungleBeastAlphaHorse_krieg	b4e8aeb4fcc843f98af9bfb82f61b6c5
JungleBeastAlpha_CoronationPeaceful	7f52198a46c549309e40edd9ec6a7fec
JungleBeastCommon	895284314fd738340a07c4b75cdc4f90
JungleBeastCommon	b54955b20a1d45c2a910a6c57a6ccc7c
JungleBeastPrototype	174f56ee6c5f4015995175953ca3e157
JungleBeastTheodorasPet	e7092fd546884a5cb140fcd1d8ac9d07
JungleBeast_FakeMutant	53662cdd7b3248a697c0434a5e7537a1
JungleBeast_Quetza-al_khet	41e5ad3e15b1418dad8ae83e293979b1
JungleWorldEldarCutscene	0a78ef1d4598483f9954a3201ab17c69
JungleWorldEldarMeleeUnit	f8ad859e843c2024daf03278797e0778
JungleWorldEldarSeer_Muaran	fb2d9bd5d36b4537b30e8800690a671c
JungleWorldEldarUnit	985246fb332a2f14491249ecd077a81b
JungleWorldEldarUnit_TrailerCinematic	8e7e615d0b1a4689a2102af31474d018
JungleWorldEldarUnit_TrailerCinematicMelee	b5b471498cdb4610b501565ceed2fa4c
JungleWorldRebel	56658ca3f888358498be961d1eda2e60
JungleWorldRebelArmoured	f6534e3f35264631a61f7a241c50ca72
JungleWorldRebelBlinder	65e9370241dc41489f37477dcbe53752
JungleWorldRebelEMPGrenede	45c907108a444303bcaa234623b15728
JungleWorldRebelElite	91a1777cfad54e95b311be7afb1d08c1
JungleWorldRebelHunter	51f45ae4478542239d2c21963a23f5fd
JungleWorldRebelLeader_Bogul	40aa93d6a7b65064cae7a8591cee9486
JungleWorldRebelLeutenant	adff476789f44b2fa2a238a36f4886a6
JungleWorldRebelMelee	71d0f52b28f44cbdb618308468625402
JungleWorldRebelMeleeCharge	10888c58c973456f958f5b0796d67d7c
JungleWorldRebelMeleeTough	1c7dbcf184f94dafa96d50fd844c288a
JungleWorldRebelMeleeToughArmoured	9377b7f1613144f6881807c9fe806d97
JungleWorldRebelSniper	9d114d1b7d7f6e2458e053decca163f1
JungleWorldRebelStunner	9d8ce5c4f93940fdaa623a6e6bc1fe9f
JungleWorldRebelWeak	5c697eebaa37452e87cfc56fe32c203d
JungleWorldRebelWeakGrenede	92344928af404c879c2b9cbe450c41aa
JuvennaFakeForVox	089a307658944f628493dd27cbc260a5
JuvennaVonValancius	3cc36cd443e24d7eb188cdd56bd31764
KamilleDrivestem	ef5add406b8a4a88884690e900233495
Karael	62b1e3e71b1b4758b0adff8e8615ff4a
Kassia_Bakula_level36_ExportedPregen	9441cab8372140709888260d74c41aab
KeeperOfPossibilities_NecronLordSkorpekhDestroyer	6d50bbb8f2f74a73a554951325fdb9fb
KelemorphAvenger_Ranged_Boss	088bf0d11c3d49fb8e370022f2af9910
KhorneBloodletter	c2ad5f227ce5444a928555ee738c618e
KhorneBloodletterBoss	c2e9f181afaa4faf85f471046415bd75
KhorneBloodletterRandomEncounter	3ff2769c18ae4e76a17e649c93419433
KhorneBloodletterSoulbindRandomEncounter	eb374e413c2e4f34a964d306e33d9448
KhorneBloodletter_Melee_Ch04	c1c30a355f2844a39465220b75ba228e
KhorneBloodletter_Melee_Perils	b2c3ef7e4c7d48628cefcb4555a214e9
KhorneBloodletter_Melee_UlfarQuest	da3f5c91c7d847679d6e42c21a9dd034
KhorneBloodletter_UralonSummon	0001faed92f34314acf2a5783692a796
KhorneSpecialBloodletterRandomEncounter	cc3a463039404eb8a17198233c11b30f
KhraveRuinsPuzzleDemon	4279e834a8b7425687811d5e37934ff7
KiavaRepresentative	6fa61b440c474edf9a2533932e9a3124
KiavaRepresentative_Leader	eef6c21894d74ffd8823ed26af1a0854
Kibellah12lvl_ExportedPregen	de17a97e25f04a1e90d6f58ffe16b1eb
Kibellah20lvl_ExportedPregen	bee90fa272574e3c806fec4f6b675e3f
Kibellah28lvl_ExportedPregen	6325f27405ed4b5abca21d38cf0222d7
Kibellah32lvl_ExportedPregen	99484640a37c44049aed13af83d27839
Kibellah35lvl_ExportedPregen	3ae92fa3cb52496d88b0690ccceede61
Kibellah40lvl_ExportedPregen	8e8fa1bcb6664271b5a0383cb353fac2
Kibellah45lvl_ExportedPregen	fd2dabc11b2044ab9c31180a9f0372c6
Kibellah50lvl_ExportedPregen	a1ba5af9a1a9443d8a1db60cf359b1ed
Kibellah6_ExportedPregen	79d597f048e94a23a090c9230df9261c
KibellahAugTestlvl_ExportedPregen	7713f37a6d4b4f80a893bd9a8f615220
KibellahCompanion	88d4190122cd4b6c9c91d7fef4066651
KibellahCompanion_Ch03_NPC	7c96112083af49e79a42d5fd747f0a50
KibellahCompanion_Ch03_NPC_Alienation	491a0b1911404565bc655ff951dba2ca
KibellahCompanion_Ch03_NPC_Cruelty	1259f9ad1631470eac7456a204f0e500
KibellahCompanion_Ch03_NPC_Despair	56bc5a4c14ae41bf90b85ee3b797b640
KibellahCompanion_Level25_MikandraParty_ExportedPregen	7fc8093dd36240baafec347fd635db74
KibellahCompanion_Level42_OlegParty_ExportedPregen	687765dfba464988af598aceb92f2250
Kibellah_level47_Gamescom2024_ExportedPregen	241f744eb7a44063b02e4567576454eb
KindEnforcer	4fe65082d8404d5e8a481b4645795f77
Kor	bfbb4f7da9984c01a43e3066561a00ba
KorneliusDrivesteam	fd69d9b3ecfc47fb962f49a9485a580d
Krieg_Commissar_MeleeRanged_Exhibition	6d16a5ba6da14494ac439068324b5b58
Krieg_Engineer_MeleeRanged_Exhibition	5fd444bee33c4f5ca4c72afab7702881
Krieg_Flamer_Ranged_Exhibition	381be604bc45493cb1cdb60e9eeccddf
Krieg_Grenadier_Ranged_Exhibition	c319adc93ded4fbfb6ef5369a904dea6
Krieg_Infantry_Ranged_Exhibition	89c64997da9242ff9e2fa0f18180e99c
Krieg_Quartermaster_Ranged_Exhibition	a6c8a7a9d24140e09a2de8a4b6b6c640
Krieg_Sniper_Ranged_Exhibition	396ab8425c1d416a9effb1551efdcb85
Krieg_TarantulaTurret_Ranged_Exhibition	c0377c16c5d4450bbe92400a670bb9a8
Krieg_Watchmaster_MeleeRanged_Exhibition	2fad2fe6af3a4b00861bffc3a3adcd78
Kunrad	a079ae5170d8485a8a2f3bf991a5c8d2
KunradFinal	4792739d1187458082e3db25248dfcb8
Kunrad_FH	3c1f4b6ae73c47799ede0f15e17d0615
LT_AngryEnforcer_Unique	4d84a08dc5004f188dd7a6edb6b8c2b3
LT_Beggar	8ae17d5725ac40c8ae88cd8f4b7f68c0
LT_BeggarHouse_Unique	1a8f7228c1344527949d964e61e12b3a
LT_Beggar_Female	5ea13ac437b744bbbed20db745827c64
LT_Beggar_Female_Uniq	fc3f394af00a47f7add5725cdd2b5c50
LT_Beggar_Follower	e971377e5ec546d7bc3620e62ba728f6
LT_Beggar_Guard	c9de439036b44096a46fe08a26e15d4f
LT_Beggar_Guard_Unique	a171328ca6fe4bcc9fd17af1bd0b2e43
LT_Beggar_Male	a5290aa628c046b38adfcdaf831ef324
LT_Beggar_Neutral_Encounter	ecd190403efe42d484ba6dde0bb21d79
LT_BlindMan	94c97dcbd1e7405d944307d4b654d5c3
LT_BurnedMan_Unique	2b031d809c1043c2931af0c8910f13d4
LT_Chaos_Beggar_Unique	59f1584f8bf24856a7c60e6c35f10fe4
LT_Chaos_Healer_Unique	e7516cec195449a8af19629dd5a0209f
LT_Chaos_Preacher_Unique	ae505609a163491cbafe9071cf664e87
LT_Clerk	0cfbef80c9b248958b0cbac76053574f
LT_Commoner	7fcadedf3ae648d7ac6a989e9dbfce38
LT_CommonerFemale	0434f8b8eba546d6a33cde4795157db6
LT_DeathCultist	4f94c18ce87648a5a627ad73605df3d3
LT_DeathCultist_Accident	fe0905c0e1a54bd39e3ddfb3671fe745
LT_DeathCultist_Accident_End	95140674e5654607a1d2f418e50e47c7
LT_DeathCultist_Female	6610e74f9d034f499cb041bf11b4b682
LT_EnforcerChief_Unique	51ed346ee4df4024aaf5066b80a5f79d
LT_EnforcerFlamer	c24cdeac6f8444c39118723542992bab
LT_EnforcerGuard	e928a986e391435896e355bed4414686
LT_EnforcerMed	49218e9889a1488f919a7f00f0f6eca2
LT_EnforcerOficer	51515117e5dc445bb99fdf31531f8f4c
LT_Fighter	cdad282f579941328b9cd35ef41ba6dc
LT_Fighter_Chaos	97c4f9bfc7784147af4a25796a8c7704
LT_Fighter_Faith	02a1dd2c64d548098a46067fa950c41e
LT_Foreman	06659b11f7b9474ba3d193c813ff11fc
LT_GenericVendor	ca2c2246cc37473f9ba973c85f5e5bd0
LT_GenericWorker	77beac5c33f24d5ebd661a1eb5581f56
LT_Grandpa_Unique	58f4a25ad701446c9c70f551a3c3d5d6
LT_Guests	2795b3d0b11e4ef1a0150d50103ce9f8
LT_Hucksters	95a9ef83a4e14461a83b7a7b9f48bc8a
LT_HumanNurgleFollowerExplosive_Melee_Common	6d733673552c44aa98056498c843c3ed
LT_HumanNurgleFollowerExplosive_Melee_Hard	66a4bc3d4ad84dfaa96e6eb3a6a0c23e
LT_ImpatientEnforcer	a413778a3e15435e9ea5e6db4e3f8595
LT_Intendant	a5701dc9694f43ad834d52142015dc56
LT_Leper	f799c4e4c47840fea38a3e23d3bb311e
LT_Operator	85db0bd742774eba8101dbfddf5787c9
LT_Oppressed_Unique	24ef253825b64f87ad11355686749612
LT_Pariah	753ca024b7484a0b84bb556404cebaaa
LT_Preacher	e6591d48a9f14f31823114d7ed501036
LT_SF_CutSc_CommonDefender_Lasgun	7d85f03e0e7e4df08f79cc9d17dd47c8
LT_SF_CutSc_Enforcers_Bolter	5fede9a0894b4791acc8fc70d4006e7b
LT_SF_CutSc_GenestealerAutogun	8b4bba7f36de4bf6b4e1233c4e0b3e8a
LT_SF_CutSc_GenestealerTier2_Autogun	36c951a6ef77486cb56a7b73f090b145
LT_SF_Enforcer_MeleeRanged_Common	ccf9df04af884387bce3ec81de1abd6d
LT_SF_Enforcer_MeleeRanged_CutSc	8bd108ac438d405cbdd26ed3d7686ccb
LT_SF_Enforcer_RangedBoltPistol_CutSc	fe6fd533e8294f84862f9ebb1ffe0d68
LT_SF_Enforcers_Sniper_CutSc	aed4fe11bb504d53991b5d9c1cecc462
LT_SF_NPC_CutSc_ClerkwithWeapon	93af3819844d442e94d36cd070e98d68
LT_SF_NPC_Enforcers	78d44054643a4ef58486923164445dfb
LT_SF_PrisonerHelp_Reactivity	49a6afdb46074e83ba11609d443532fd
LT_SF_PrisonerMain	d684b018dbcb4a458387603cef377ff9
LT_SF_Worker_bomb	26c67ea951aa4a2380cdef378df0dbc4
LT_SF_Worker_laspistol_CutSc	3183f792434d4f1bae09c08caf1ebbcf
LT_SF_Worker_pistol_CutSc	277da93b7b7e4cbd9eb46863bc60d2f8
LT_SecretaryServitor_Unique	12329932ab4243bc8c880d9388883028
LT_Servitor	5ae86d44ebd64edfb110d18fb0908e90
LT_Servitor_Faith_Unique	7b112ce0dead455fa627ba39028fa7d1
LT_Sharper	fac518e39d794f5797f1c21077453c5c
LT_SickEnforcer	e6ec2cda1f50411ca39865e67ec97a4c
LT_Technomat	32cf688ee8244fc3a0220673795faf86
LT_Toliman	6e7c733adae147b58180c08ef1342992
LT_Tolimans	64bff5fdf3744b21b1b4073bd64875d9
LT_Worker	330e3ff0b14544b0a8c9693ed9bf7743
LT_Worker1	bc8326b43e484960a98a76dd6f805654
LT_Worker_Male	4746d3cc73a740ec83e941813760c2ed
Lair3RebelArmoured	9b7056a3d62c44e08379364877f1a488
Lair3RebelEliteAssault	4f0a3bbd22694f9fb16748257114d6af
Lair3RebelFlamethrougher	939d136fbfa24b76a830df46cb0ed980
Lair3RebelLeader	41e46e64246b4ece873cb8335af2509c
Lair3RebelLeader1	f6e70455ae9f43a5ba26c4e59a485de2
Lair3RebelLeader2	9d1677222ad6415cbcf317b9b09b729c
Lair3RebelLeader3	5b5e6f828a724660b89917bad8c07c26
Lair3RebelMelee	18063969a8f344d493742bd59cdb9667
Lair3RebelMeleeAxe	165b14615bac4c5992b01a99db04c004
Lair3RebelMeleeKnife	6d227702de2e45f1bf6f16e7ee8210da
Lair3RebelMeleeSwarm	d5b74bd7bb48493e84d5928dc8eb05ef
Lair3RebelMeleeTough	fc03625487794c0d8ac22854804f201e
Lair3RebelRanged	ebc28988fe944240a7f83330e9876075
Lair3RebelRangedAutogun	cd317fe3d43747bba15c2b5773b3f8be
Lair3RebelRangedPistol	529b9da8060d4bc0ad1a65bd24505cd8
Lair3RebelRangedSwarm	57ddd6824a7846c19bb7b72805884598
Lair3RebelSniper	f0a1f1003e924431a29eebab5674cf23
Lair4EndlessCombat	3f33ce33c6f74cf385a61420ba79d9af
Lair4GenestealerCultGrenadier	e027eb8367bc407aacd7af82cc72d9f2
Lair4GenestealerCultHeavy	de0c90a471e045608677a74c6924f7fa
Lair4GenestealerCultSoldier	9c9e9015347645308a185ad46cb2057c
Lair4OurCrewCutSc	61b8c9ccf2cc4dd487d7c65c2666f12e
LargeIceDestroyable_Unit_1	cdae6599086e447a902c3405a7602600
LargeIceDestroyable_Unit_2	9ff6148193064d9ba493e09a13f99fad
LargeIceDestroyable_Unit_3	2fe8188179604241a1afce64e843b336
LargeIceDestroyable_Unit_4	aa4e9e7316024f699d822f6ac852b86d
LargeIceDestroyable_Unit_5	f65552dc413641c3936bcde5193fff55
LargeIceDestroyable_Unit_6	ab00e21311734686ba7dff12384f40db
LargeIceDestroyable_Unit_7	a840e37ecd0649a5832385b4372d8071
LargeIceDestroyable_Unit_8	f3b16b149f3a4a998ed298debf218ea1
LargeIceDestroyable_Unit_9	ecf0194372a94ea98fc07934f8dfd49b
LariaVoigtvir	01580f3ff9a6497daa5040d8fe7a0020
Latyshev_Abelard_Level25_Vanguard_ExportedPregen	6f58bbfb7bb6415a9a5c65e4db8f6160
Latyshev_Abelard_Vanguard_Augments_Level25_ExportedPregen	f7789dc23dfc4c92840596816282a2e2
Latyshev_Abelard_Vanguard_Level25_ExportedPregen	907f9aaf16f848fe84093e3174dbd841
Latyshev_Abelard_Vanguard_Level34_ExportedPregen	bcf43c8a8e914c1994c2e43536daf8c6
Latyshev_Argenta_Arch_Augments_Level25_ExportedPregen	59527f6c5ff94550ba2450b97a94f0a4
Latyshev_Argenta_Arch_Level25_ExportedPregen	13b0df5c193e4f8a9b8d636791211b98
Latyshev_Argenta_Arch_Level34_ExportedPregen	6cc0f5a1055f4bdea960894f75543d7f
Latyshev_Argenta_Level25_AM_ExportedPregen	a51ec24d89644f9abb78e2b3e9b692c9
Latyshev_Cassia_Level25_MT_ExportedPregen	2298af2dcc0a407d8c992cc9f521e69a
Latyshev_Cassia_MT_Augments_Level25_ExportedPregen	e217a9758b5d4e2d92efe37c9fa377ce
Latyshev_Cassia_MT_Level25_ExportedPregen	6aae413bc30c4826930ad9fd5f4eda63
Latyshev_Cassia_MT_Level34_ExportedPregen	b9e1fba172e547f794c47ce777644a85
Latyshev_Eogann_Level25_Overseer_ExportedPregen	b5e7edd1c8514b259f2f685f0ee7b991
Latyshev_Eogann_Level27_GS_ExportedPregen	4e8b8cb4a8d94d2eafbc0ad6110e3e88
Latyshev_Heinrix_Assassin_Augments_Level25_ExportedPregen	4a64bb8703374db39c38aabe53b0e53d
Latyshev_Heinrix_Assassin_Level25_ExportedPregen	dc6bc896a8074b048c308310db5b21b5
Latyshev_Heinrix_Assassin_Level34_ExportedPregen	13e8f9897afd4ce298ea6d53818e93a0
Latyshev_Heinrix_Level25_Assa_ExportedPregen	b639c96aebb44988a4d7ea9f350b32f2
Latyshev_Idira_Overseer_Augments_Level25_ExportedPregen	08c96f2ea8ed4f2787694f997191156a
Latyshev_Idira_Overseer_Level25_ExportedPregen	13e80229eb7744a2aeec97a071f855d9
Latyshev_Idira_Overseer_Level34_ExportedPregen	2efde75cd7af40c1a82e5cc9bd853313
Latyshev_Jae_GS_Level25_ExportedPregen	650cc599432f41929f62de7363ee8f7b
Latyshev_Jae_GS_Level34_ExportedPregen	eb62398cad1c42d7a363905d4b798b11
Latyshev_Kibellah_Exec_Augments_Level25_ExportedPregen	e68b893af29c48329e35d00b02d5a792
Latyshev_Kibellah_Exec_Level25_ExportedPregen	fd8bf2aeec9543758b3423cccabfbc67
Latyshev_Kibellah_Exec_Level34_ExportedPregen	8f03c7d428b74639a059276d991ad7f5
Latyshev_Level38_Abelard_Vanguard_ExportedPregen	abdab891e05f4f5b8010cf8c3d11d8c5
Latyshev_Level38_Cassia_MasterTactician_ExportedPregen	e4c0d88033fa4ffc8061e5ba1d74cdc0
Latyshev_Level38_Idira_Overseer_ExportedPregen	e366ca550caf4bd7ac212b83eac34255
Latyshev_Level38_Pasqal_BH_ExportedPregen	37a1cac3a6ee4e05920e6b804f4a9d60
Latyshev_Level38_Pregen_RT_SoldierArch_ExportedPregen	be7296dee0844d57a019d2b6c284520f
Latyshev_Level38_Solomorne_Overseer_ExportedPregen	e3c700f3283c44e19d2649e8c29a932e
Latyshev_Level45_Abelard_Vanguard_ExportedPregen	edb5f57636ab4776b4e2215c34772c10
Latyshev_Level45_Chaos_Abelard_Assassin_ExportedPregen	23ec46123f4647ff8dc6419a17727b8f
Latyshev_Level45_Chaos_Idira_BH_ExportedPregen	732df87f75cf40a8ab8189449527ed35
Latyshev_Level45_Chaos_Pasqal_Assassin_ExportedPregen	aaa95adfc2fb47e7917c0532b7e73daa
Latyshev_Level45_Chaos_RT_Operative_BH_Melee_ExportedPregen	a95d2f88a9e8464cb618bb5409e5583f
Latyshev_Level45_Chaos_Solomorne_ExportedPregen	b21645de28074e7bad6e510dfa56789a
Latyshev_Level45_Chaos_Uralon_ExportedPregen	1c2e65bde09d458fa27aa9ba77b6e4f4
Latyshev_Level45_Chaos_Winterscale_ExportedPregen	5f597c683c2048de9f0b6b2e45de3fb1
Latyshev_Level45_Heinrix_Assassin_ExportedPregen	208afe4e109a49a6bae4cce668f80223
Latyshev_Level45_RT_SoldierAM_ExportedPregen	8a387b69f0b0449784481ae72d95f689
Latyshev_Level45_Solomorne_ExportedPregen	d3af6989d4c94f5c8f682bd0ebf3e75e
Latyshev_Level45_Ulfar_ExportedPregen	28a2ebab74204123baa85d2054fc973f
Latyshev_Pasqal_BH_Augments_Level25_ExportedPregen	0af9f912a7b4483ebba44fcc222bc666
Latyshev_Pasqal_BH_Level25_ExportedPregen	405d15b662ef4a64a4abbfc03c518024
Latyshev_Pasqal_BH_Level34_ExportedPregen	a83521008d244113970e2f0b5e5041bd
Latyshev_Pasqal_Level25_BH_ExportedPregen	6de02414026e420493fe4f58b14304b6
Latyshev_RT_Level25_SoldierAM_ExportedPregen	5bf996f0a5694e1a9044d5cc67fb737c
Latyshev_RT_SoldierArch_Augments_Level25_ExportedPregen	891af6d95a27418fa8619c49d13a9b7e
Latyshev_RT_SoldierArch_Level25_ExportedPregen	2072496997bd42a19a87aaf1d2f60981
Latyshev_RT_SoldierArch_Level34_ExportedPregen	d82eb8adcb4542bea7c41261ce6fe1b4
Latyshev_Solomorne_Level34_ExportedPregen	dcb615690190457c90e2129646081a1a
Latyshev_Solomorne_Level38_ExportedPregen	6f9ec83a1f4644bea93316444f347238
Latyshev_Uralon_Level55_ExportedPregen	d1e582def46b422f9abb8dbc468949f0
Latyshev_Yrlier_BH_Level34_ExportedPregen	7167c07696324f759ed0736a40b8001e
Latyshev_Yrliet_BH_Level25_ExportedPregen	291826ed536f49a6a9d8a90fae8186fe
LeaderNavigatorOverseer_lvl15	ba23d404798644518954c4472dbf514a
LeaderNavigatorQA_lvl15	749fd865ed674249832aab3666a2cae2
LeaderNavigatorQA_lvl4	d1884957345e40d39bff0ba929655c00
LocigariusAndroveta	51ab09dce90449e48fbf55e403aa1680
Lorcanda	87aac331ec074c65945d18a2bffa26ce
LordOfChange_Prologue	ae9d416861ff4462add8e06d4f79f0fb
Lowlifer_MeleeGrenade_Swarm	123786b8b5144793aafd16e52d0fa709
MB_AltarTemplumPriest	dc08eee7669c46e48c1f52595f6d5920
MB_Augmented_Noble	07df097def384ae6bb863580f559173a
MB_Augmented_Serf	d4f914fc6d734d4b9bc5c8919db18525
MB_Doctor	dcfb29be49754573b0b964d56bdd5be4
MB_Enforcer	4bfbce93ac0b4ac582e95d8c899110f7
MB_Enforcer_Sniper	028525e7022c44cdb95dcd3d0752f39b
MB_FV_Avenger_Officer	e43e63896d4e409ab666a47e13c20961
MB_FV_Victim_Officer	abfe3e8057fc4d29b2905943065c4133
MB_Gene_Warden	44cb0326a75244708da7034ee046e28f
MB_Jokasta	d356f6474335449489b39c183a9cd11c
MB_Lowlife	af6f820f0014436295a03f5b20c9af51
MB_MotherOfOfficer	b7c0e57d05ad4a1987d8f49ee61affee
MB_Noble_Son	e296f59e7cd443f6bc931a789017d075
MB_Noble_Very_Augmented	a193088181fb4636b5e6087c57ba3049
MB_Old_Officer	9bb677a23bb549898410d24a3b02db15
MB_Old_Officer_Naked	a122e9453aa1498cb352d0c4f190a567
MB_Old_Officer_Son	5f13a7cd657240b595bb88bec5de6443
MB_Patient	0a2267c35c704966b2ab3bd9bd609285
MB_Patient_In_Clothes	af87d47f816741f89b67669a8ca0ff28
MB_Portrait	2a0847b0ddd3436ca4ad9b64ce61d3d8
MB_PriceOfLife_Patient_Priest	a921db8a80c44406adfc253fe8d8098d
MB_PriceOfLife_Patient_Soldier	541001528c7d488ca0e4ffea49377109
MB_PriceOfLife_Patient_Worker	70497a93b1b44af7a06cf1b37bab8a54
MB_Prisoner	ce99a17da2da469a845547bb69a7db72
MB_Serf_Speaker	7dd98f7673dc48679314ccf78f9fe710
MB_Serf_Speaker_2	e60cfb01204d445f8fcb73af08b7f44f
MB_TechPriest_ManipulusIntro	0d90821de74b4746b88c9402a64c4bec
MB_Technomat	644fca5187d74ec0b13df15e2228db50
MDLadyOfSteel	9c560a08bbf7466a8feea79fd506dd05
ML_Geomancer_fake	963f4976172c4a53964613e4414ec610
ML_NunciusReal	4987ddf0d37a44a4a82e6b1847e32611
ML_RealNuncius_fake	8fa2901571d94c198bc8a60f268a53c2
MacrocannonMutantMeleeGrenade_Common	2a41e012a5ca470ba1ab86f5565c11e2
MacrocannonMutantMelee_Common	c56962573711423982658c068f5c3cdc
MacrocannonMutantPsyker	929a8808af044749bf50a3f7c45e9512
MacrocannonPossessedGuard	ba77300cae234c7299cc43d02f07c107
MadServitor	380d1708805e51942a1ea8ad492038a8
MadServitor	68723f739f6541f1b4ea51a08491c8b6
MadServitor02	41bf5fae15db4db98cfddfbb59ea544b
MadTechPriestArcRiflePt2_Technomat	3edf7f2596f041b8bcf0ec24dff06ea7
MadTechPriestArcRifle_Technomat	95053f996fe041a0bb73d52efe4d483d
MadTechPriestLogi	93420269f45f4b45a8cb376ed01c298b
MadTechPriestStubcarbine_Technomat	0a7e17bde9c943a6a4db4362da861ee1
MadTechPriestStubcarbine_Technomat_Adept	178f8631426f4888b4a68cd01dec38ea
MadTechPriest_Final	02a58862b048439aabe00131b52396ad
MadTechPriest_FinalRoom	e5ebfc1954e24d3a946906538cb1f339
MadTechPriest_MutantCutscene	01ce582f7e9c4764b7e9830651c51ae2
MadTechPriest_Peaceful	d29eac81c7ebdd349aafb637a31ad73c
MadTechPriest_Technomat	d6ff78f5987d431c97d1cda4d3d43479
MadTechPriest_melee	1af28d03d2a048fd85ec9d74e2a1b047
MadTechnomat_Peaceful	ce226e8dba394ec994c25d199167acca
MainDrukhari	8a25c026f7ee47d2ac4085f5a7b26e63
Mandrake	ef62d423f75b47eebf43cc50bac89ab1
ManipulusNunciusSkull	725300e314d74125b85d76675937c457
MapObjectKitten	d0fee44fe0d4a864b819fc993dc68ba1
MapObjectKitten_CryptArena	6db1a543dd2440259670cd5213369ff7
Marazhai	1ff04376afef4c9e87f091029fe50f4a
Marazhai	8188975f6ba6475ab4b14e27f414ff3b
MarazhaiCompanion	d2b74abcac1d497992e4cacd2fae1467
MarazhaiCompanionNPC	dba6c408bc2a4d14b0df02b75fce4b5e
MarazhaiCompanionNPC_Ch02	33ae6b964c7b46e8873e2af4c07704d3
MarazhaiCompanion_Ch04_Lvl40	49caba4d2e4c47309fd42d67fe3f7f62
MarazhaiCompanion_Ch04_Presstour	cf5e1823633e4b42a22d8e9f9bd985f4
MarazhaiCompanion_Level39_SolarParty_ExportedPregen	4e213a51102c486185878ff0d9a799f4
MarazhaiNeutral	4483f1d0693e4d678023bd67dc7576af
Marazhay_Bakula_38LvL_ExportedPregen	15f3fd6caba448bd843b89b92844af03
Marked	dd3ebc4c9ff04d23b7630e2a1c90798a
MaskedMan_KibellahQ2KTC	d9d81ae082694455bbb945d96e7233ff
MasterCogitatorYota	fe8b406e696e4e21adf0d8a42909f28e
MasterGunner	90d3a1bba90943a18c7aa536525d0eb7
MasterInfernus	58f4220854434a7d9cc2d014dca1605d
MasterOfSeals	c2ec0ed968164861bf90334bf26e9338
MasterStarport_ArbitesCyberMastiff_PetUnit	c08544dae8f040298b1044140d855cf9
Master_ArbitesCyberMastiff_PetUnit	fffed8b281aa45fc9926d62d7aaf94c9
Master_CyberEagle_PetUnit	7a9448a35ad449bcbcb9af8bed810134
Master_ExperimentalServitor_PetUnit	df761ea549574f888876390dfd2292aa
Master_PsykerPsyberRaven_PetUnit	65636e47aafd47399c479ebf49153985
Master_ServoskullSwarm_PetUnit	dbdd1762ef204564b5255af113609602
MasterofDiscipline	c7b4b705f9cb40cfb47be939f78a469b
MasterofDiscipline_Medbay	d7d7ea6f882f4a3bb81a1d6ef2f6ab9d
MasterofDiscipline_Prologue	f6027e7c17b2468da8d708bbef43ad76
MechanicusMob	ddb53592cea949d98d85c738af61a3e1
MedCorruptedServitor	772b200213e4411bbea56a6c13251712
MedicaeMarius	bb0b76e1312e417b8c7fdd33aa8a9b24
Medusae_Drukhari	29b8de20ea0341b7a2e3a98b356b7af0
Medusae_Human	693c6b94b4c04ffdb4a2cace435c5390
Meduse	7dfc8b946f57436590825a53c2ab0991
MerValanciusSolder	d44d2b497bb147ad887135460d061a16
MerValanciusSolderNoArmor	e7889bbe9688414d91a77aaa866fb8d2
Mercy	7260e7e9d9064cec9146dadb35780bc2
MinistorumPriest_Test_ExportedPregen	e5d371196b99469fb77a285626c4a858
MonkPrior	977fadfc97584a66b7b80554453b2382
Mumbling madmen	0a695bb316334e61988ca4364d3480f9
Mumbling madmen (2)	0c5704ff2fe54957b6f69a9095b32613
Mumbling madmen (3)	56a7641eaed941f49d4583c4d82e94cb
Mummy	84d8ddf761474a25bde208991e3148b4
Musician	c76de7be7843452eb082bfa949924442
MutantAristocrate	b8df9f315da7bf941b54fde26205f3dd
MutantFastRandomEncounter	ba5b435f7f0e4fbba03981cc39909c0a
MutantPsyker02RandomEncounter	78bea0ca7571471895776b39e61f4195
MutantPsykerRandomEncounter	dbbdb303dfdc4d2c828254c5960182c8
MutantPsykerSoulbindRandomEncounter	1649a3f04d694c758b2169c11db38522
MutantPyromancerRandomEncounter	0536f7b0e91c43bc9409b5509cf19bc5
MutantSororitasQuest	fffb8ac222db424e8d6a377e1dad8a97
MutatedNobleMelee	9b3362b7b26e41e78df690af8117c58b
MutatedNobleMelee_Neutral	e97a00eca63242418d5016683717467e
MutatedNobleRanged	fa7c3d2ba6924827890071b30cd66792
NPC_ShipCrewKTC	e58f4601b2a64097ad3ce8282635d56f
Naij	9f85ef9069824d44b4658757c0764e7c
NaviLeader	4cf60d4c416d4ae7baeb955def2f6f4d
NaviRadicalBodyguard	c0b50091ff004dea907be61844fc798d
NaviRadicalBodyguardFemale	843c6704f241470f90fad2d9cab3d4aa
NaviRadicalLeader	a9a044b77769426cbdd0fdd5ff491f23
NaviRadicalLeaderServitor	20cca7385ca940b985fa1da486e57c03
NaviRepresentive	95b09c7f0e1047de90161e3ed1527d53
NaviRepresentiveFemale	0e29ae894bcd40119acf971aed70239c
NaviTraditionalistBodyguard	a2261c25e6954509824c67a4d173174e
NaviTraditionalistBodyguardFemale	1a24026cbd0f4de0b9b7ba48f60f4f61
Navigator	183a8bc8f77d4b8f96c54790909812f9
Navigator_Pregen_Test	5a3a17f652964e36b205cf83f6d3d755
NavisNobilite	42eba50398204ce184b956e11df33f6c
NavisNobiliteFemale	b7ab35db030547e1be7d568b259e17b3
NavisNobiliteLasgun_Guard	d579009206214520b044753a18c16e73
NavisNobiliteLasgun_GuardFemale	78300b0cea0e495995de2b792c41b215
NavisNobiliteServant	6d928913b917488295c4935551ba23a8
NavisNobiliteServantFemale	2cacf319908c41528bd4c5fdeb19cb8d
NavisNobiliteServantFemale_Mutant	36e53a48153d4fecbf0014c0e7219f06
NavisNobiliteServant_Mutant	9074eaa678654f0c9ece4a88158d1b9f
NavisNobiliteShotgun_Guard	c42ea0a06cca4670882f218424f5ceb3
NavisNobiliteShotgun_GuardFemale	482af90823074428982add8a5319af7e
NavisNobilite_CassiaRoom	a4eace85ad6e4687a45766868429cc82
NavisNobilite_CassiaRoomFemale	ddb05d3c2eac41a08785e48afc8d4c38
NavisNobilite_Commander	11fd1bfee7df4f15ae5ed45bbb1a3047
NavisNobilite_Commander_CassiaRoom	0a6ecb23680d49e496083e0a17bb1bef
NavisNobilite_Grenadir	9cdc429193e6448f888f31db3662f28a
NavisNobilite_Guard	27d5ecd70fdb44ffa5a1049610871df4
NavisNobilite_Laborant	306d88b8b14d4556b93db9aec6a55e8c
NavisNobilite_Medic	aacc4585c0354bb09815a178f8292f40
NavisNobilite_Medic_CassiaRoom	2d4eb0a2f4c8405f9300341404e3d0b8
NavisNobilite_Medic_Stage1	d30b92896bf148ab8c724617829244aa
NavisNobilite_MeleeRanged_MutantCommander	d2bc384a517c4b40b9cd9a26884d979a
NavisNobilite_Melee_Mutant	1eee7766f2a24c6bbb175c706ee031dd
NavisNobilite_Melee_Mutant1	37e7df23799649ffa410c2e69bc6b70f
NavisNobilite_MutantCommander	b5649dc190444301acffc2cf09611ea9
NavisNobilite_Ranged_AutopistolGuard	823f2761ae744e75a00176ac46909d6e
NavisNobilite_Ranged_LasgunGuard	89e72b4763584b20bba3eb274002e92a
NavisNobilite_Ranged_LasgunGuardFemale	6531e38b11e8460fa9b6db0c01689e42
NavisNobilite_Ranged_ShotgunZombie	50eeb22886c749b6b6ae0a6469c6776c
NavisNobilite_Ranged_ShotgunZombieFemale	f30eaf5d4e6b4162818bbb774b6eb3c9
NavisNobilite_Rifler	a7e0f0773c0641aba3da8d990f14382c
NavisNobilite_Sniper	64c3bdca5a07408cb0d87fb9aa935bfd
NavyBreacher	ed573bfdb043477d89fc819f49c10222
Nazrakey	7bfdd2436ee7497fa51ea996ccb248cd
NecronChronomancer_DLC3_Exhibition	bf27410a674644718322e8e6dacfdfa0
NecronChronomancer_MeleeRanged_FlayerTemple	3811de7c470145b6bbd1be0f7accf242
NecronDeathmarkDamaged_Ranged_ManipulusLaboratory	d9dcbab0200648ff91b0d8ad3c9d6145
NecronDeathmark_Prototype	ab200028e8a94ad4ba794c59a42c40ac
NecronDeathmark_Ranged_Epitaph	ffee85dc1bee4fe28691ec81ecd763ee
NecronDeathmark_Ranged_Lair3	ebee806ba71e41079814c35366adbbd5
NecronDeathmark_Ranged_ManipulusLaboratory	7a9e1775ec7b497191619a2a0e2b20aa
NecronDeathmark_Ranged_StryxShed	905e5ebd084a4366a2904da7fe030b6e
NecronDeathmark_Ranged_TechArcGrave	9bdf542b9a7945d7a5723ce175cff830
NecronFlayedOne_Melee_SurvivorCamp_Elite	fe60ba6c612847f6b628cf5e1a72cd13
NecronFlayedOne_Melee_SurvivorCamp_Hard	0d13bca42bdf45029723a606ef2c67d2
NecronImmortalGlacial_ManipulusLaboratory	f5028fc7eec248fc816fedec474f12ff
NecronImmortal_MeleeRanged_CrashedShip	e6f9542b5a8e4ccdbb5dcc86c88f9c5f
NecronImmortal_MeleeRanged_Epitaph	79dc03a02149429e8f8353b444ac1f22
NecronImmortal_MeleeRanged_StryxShed	8457c460d0324930a9b48ca47556c1c8
NecronImmortal_MeleeRanged_TechArcGrave	7218ca13e03e4c1fa661d6c8b2bb2e9e
NecronImmortal_PortalSummoned	5ec393bf176b447e837f1fdeceeb65ba
NecronImmortal_Prototype	a2495d7a3265462fb469d147d701a0d2
NecronLair3CanoptekScarabs	fef7d79bae924dfdb527e396153fbc79
NecronLair3NecronDeathmark_Ranged	a082ae96e0e149eabb80a913063b9720
NecronLair3NecronLokhustHeavyDestroyer	745084880a6d4f57a3994216956dddb2
NecronLair3NecronWarrior_MeleeRanged	ad716d4773f74979ac87581303448ae4
NecronLocustDestroyerDamaged_Ranged_ManipulusLaboratory 	3f57505b57e54d37bb459747d4406659
NecronLokhustHeavyDestroyer_Lair3	74e2c4f70f5b45879323d17533a39ce9
NecronLokhustHeavyDestroyer_Lair4	fef468782acc47cc8ae1c0dae3b8c1b1
NecronLokhustHeavyDestroyer_Prototype	e94f017c9887457d88966f259459eea4
NecronLokhustHeavyDestroyer_Ranged_Epitaph	098dab4e0a30439e97be92ebd3dcdc37
NecronLokhustHeavyDestroyer_Reaper	91b0871da82e43e8b10f71f697ab04aa
NecronObelisk_Chronomancer_FlayerTemple	29de1e3d9bc446e299fd569191a5bfd6
NecronSkorpekhLord_MeleeRanged_Epitaph	f2cf607c7c6a4859a0800eb352db00b3
NecronSkorpekhLord_Prototype	311c13f9e16b45419bcd58447e15695d
NecronSkorpekhLord_Prototype	d8de107bd4584e33aeb522bce78904b1
NecronWarrior	1774ba1c2dd740f4a36f9d206e0e51e7
NecronWarriorCommon_MeleeRanged_StryxShed	f87132eb59854cf8b8d1236820b3c0ff
NecronWarriorEpitaphGhostCutscene	371e45e022e94dc4ba502cc40c0aced5
NecronWarriorGlacial_Melee_ManipulusLaboratory	f7bf039a3c4c46d5ba15dce98ca2e6e3
NecronWarriorSwarm_MeleeRanged_StryxShed	8169b1c6f3804df4a629aad1ea82233d
NecronWarrior_DLC3_NoReanimation	5324e8249e0d497bb0f67b00dd66cebc
NecronWarrior_MeleeRanged_CrashedShip	72348c8d5bd84d44bee2833d92f905f2
NecronWarrior_MeleeRanged_Epitaph	d89e0e6e90374db3870446265d874107
NecronWarrior_MeleeRanged_Lair3	930f3f456b204a87a56a57f01fa4ef10
NecronWarrior_MeleeRanged_TechArcGrave	316fda5511fd4ca0bf63e67e87455f5b
NecronWarrior_Melee_ManipulusLaboratory	7c8312442ff24f38bdb136bbb01015a7
NecronWarrior_PortalSummoned	05bc58d25fd64db389c79efa3f3bcb4d
Necron_Deathmark_Exhibition_DLC3_NoReanimation	e31919870664443599e228448080315b
Necron_Deathmark_Trazyn_DLC3_NoReanimation	60e6ef21c5aa417fb145e5605314d6ae
Necron_Immortal_DLC3_NoReanimation	1fcdf64add76483b896c9c5740115c58
Necron_Immortal_Trazyn_DLC3_NoReanimation	4810e80459704965ae65ec689521d4bf
Neofit_Ranged_Common	407ad1e417ae4489abeae1a899e0f107
NewBlueprintUnit	8445f2a9079148a3850a1eaedc580165
NewCompanion_Pregen_Soldier	17ba428daeb340fe857e1c2144da2e81
NewMasterOfSeals	82ac1024f9fc448d8cefacceedfc1a1e
NewNavisValet	505f868bf36e4a1a98079b83d5cc6559
NewPirateVendor	6acf93b5fcce423cae9273b1fa8bf33f
Noble	19d54f6b07734ab5b3ba1e6e0dcd99e3
NobleFemale	4a70d33c41bf481e8a2fcc0e0572d0c0
NobleInPalace	8ad631927a48469ca92504f83d663927
NobleInPalaceFemale	3f26fb74490f4a24b79f4e10f53eff9b
NobleInPalaceWRifle	9322f04029fc4a7eaffa4349b0eed1d1
NobleInPalaceWithClue	b8e22839a1dd4e6582535504062342cf
NobleInPalace_Drivesteam_Female	c9a22caf818443e385f706ea55534961
NobleInPalace_Drivesteam_FemaleForDialog	ae279e8a9df148698dbdd81920535324
NobleInPalace_Drivesteam_Male	83636e89a68c4b3da1464f89d1f06e14
NobleInPalace_Female	40ecb27873b6491980857e04479b7d67
NobleInPalace_Female_Stryx	7dc2be320a07444cade35a3f1e915efc
NobleInPalace_Gaprak_Female	cbd519bd6e1942afb75f13f2d5d223a9
NobleInPalace_Gaprak_Male	04b2a8f3bf5a4a0d8c8b454a2f9d0fa2
NobleInPalace_Knife	025f34cfc51e49d78f48b18ea7065cd6
NobleInPalace_Stryx	e38f98ff9dde47218f41abff49223262
NobleInPalace_Verserian_Female	d528d4f6c24c490eb5d0cd804ef65f53
NobleInPalace_Verserian_Male	4412aa85b2124d1ab4ce72ccce4ff949
NobleInPalace_Zauerback_Female	6a0a9e2a13a143bdbd739c38448b6a4b
NobleInPalace_Zauerback_Male	001493476bf347ddbfdd8af057cf82a8
NomosDemonEngine	08946c3602fc4e38b45fa25b2e972085
NomosMalatek	0dbd2f82f2ce43a1813669c958821c42
NomosServitor_V1	dbdb6d717af64bdbb57614e542884a78
NomosServitor_V2	a7bcdd285da84794ac205f1009d184d0
NomosServitor_V3	b8030a79c04b4d84b2f7267d2394385f
NomosSpeaker_NoVisual	1b3b365496a04656802752562dfbf121
NomosSpeaker_Portrait	d90a653c96aa47c58cfe7778bbaa6672
Nomos_Techpriest_IH-630	0d06984d5d9c49ee97ba134fdbac43d0
NunciusBody_2	a6968c1269234359adb4fafa34825285
NunciusBody_3	b07c879532a44e8290c34451d706ae15
NurgleAmbushZombieChainsword_RandomEncounter	8b6a0cef0ef444c9b60540e38c6d39ea
NurgleAmbushZombieFlak_RandomEncounter	133cc4f270bd4a6a9909cde4bba9fa2b
NurgleAmbushZombie_RandomEncounter	65c4794b0a6b4c1d82973d5f0f898553
NurglePlaguebearer_MeleeRanged_Perils	0286efcc789042838222a3d1454e561c
NurgleZombieSwarm01_RandomEncounter	06de40c7003d4db79116ceea9cf3aedb
NurgleZombieSwarm02_RandomEncounter	c310e742e80344ab9c628ddafcdfa0d8
NurgleZombieSwarm03_RandomEncounter	96bb0ae6a5884d0a946fec121d97c02e
OP_Commoner	eacfbdc3460141ea990dc44d9c29c07f
OP_Dying_Technomat	4a70769a599549f2a1ae37caae367975
OP_Pirate_Captain	911827a988584e9aaf48191a8b9db164
OP_Pirate_Main_Worker	a4cbfd60d291413ebfddd099f03e3371
OP_Pirate_Melee	36aff4f41fb54549abfbcdfb47b513ed
OP_Pirate_Sniper	ac89b3a945be44bfab0ee64d50781e33
OP_Priest	d58f3b5d50e84131abc5bef6c52475ba
OP_Soldier	13053c65c66041018d653927b67225a5
OP_Technomat	0b17445f2cd74b12b22291cb293a8d06
OccludingSphereDraft	fc33672a4a0e4d7f8531c85101fa535f
OccludingSphere_Ranged_BlackShip	ed436bcb4d53491986e7d0cc890b0d68
OfficerDeckEnforcerOfficer	7cb75a4d12254fc99dcaa11fbd8b970b
OfficerDeckGuardBetterBrains	0bdf4930bca14529861286b4d821fba2
OfficerDeckGuest_Female	5ed5c99b24174147b4493d4a921062ef
OfficerDeckGuest_Male	0431c308a11743bfaaf62e71133b2e24
OfficerDeckInterrogationClerk	86219ab261194e43bbc6c5b4ce391269
OfficerDeckNavyCrewMember1	b695eac2a977469db876055e9c9d70e6
OfficerDeckNavyCrewMember2	1b274716701e472c995151d0ccc1c69e
OfficerDeckNavyPriestOfficer	51cb0bd22d3e44c18591c192ec0ec0f8
OfficerDeck_AngryDog	dd0b9f7139ab44b1a7abb4b8a6b897d2
OfficerDeck_WoundedCrewMember	fd13c7ff9a304cd6bf3f8aa9e5e40d96
OfficerGuardHollow	3ab1e8f1760e4c98a6b0c27d5d0efa89
OfficerInTerror	8e5bb7bd19744d2a8337f8212b9f710d
OfficerMeleeMutantRandomEncounter	1f934b02911f4ed899ec9ba2efaa85ee
OfficerRangedRandomEncounter	97473f2f07a54959940b306876194360
OfficersDeckCrew	4d6d87edc53647baa306db831012763f
OfficersDeckCrew2	a9b72a6ec62a40ca9a552ddc7ab0ed6e
OfficersDeckCrewChaosPrayer	fad2b15d939041ed950f57b832eabad7
OfficersDeckCrewFemale	8b995c360f874e5d91783ebaf19e3f1a
OfficersDeckCrewMale	41262baa325e4dac9177cb587795820b
OfficersDeckCrewTheodirasPetEncounter	71735da2df574131adb28a80baf95c8b
OfficersDeckCrewTheodirasPetEncounterFirstAttack	6baca5d057e94d38aad3320854ecc162
OfficersDeckCultistPirate	2b4e2e3df7394512bdcb5509dd93cb0d
OfficersDeckCultistPirate1	307808743e61423a8a3ad662b41fa4ec
OfficersDeckCultistPirateMeeleCutscene	f0b9e37511cf47209618a6e97ab7edb7
OfficersDeckCultistPirateMelee	6737164d023c4e2184edd9e22192532b
OfficersDeckCultistPirateMelee2H	bb199ffa1a674e888361cf2a9fc84a59
OfficersDeckCultistPirateMeleeStart	b7c393b2c5df4aa99b6ac0be09041ba6
OfficersDeckCultistPirateMeleeStart1	6ec5f2eed68642c1b1594ba1d6b8712b
OfficersDeckCultistPirate_MeleeSwarm	f8fd234418264667a44552574b1fa726
OfficersDeckCultistPirate_Shooter	4ee495a4d3cf4e5889e3b906764dc421
OfficersDeckGuard	1fb60c0ef5fe459980c34a271dfad088
OfficersDeckGuard2	563ec63f082f413db7618b2e95bc7f36
OfficersDeckGuard2_KibellahQ2KTC	ef18525e03ed4843bcaa74fc61714e40
OfficersDeckGuard3	2854b7c7c3ea40c2917c5678e7106cae
OfficersDeckGuardAstro	1df7ad7561ca47a08a2c2b0a8152871e
OfficersDeckGuardMeeleeCutscene	0abae138381842f4891e534ec540fdc8
OfficersDeckGuard_BathFemale	c914ec21b8c44685ad0c2dfe12f853ea
OfficersDeckGuard_BathMale	61761d2a2d1b47719d48e863c09dbd8d
OfficersDeckGuard_BathMale_NoHelmet	3c6396dded164ea8ab52f35998c7b1a5
OfficersDeckGuard_Baton	7fbab4211226436a91c04233734e5b25
OfficersDeckGuard_KibellahQ2KTC	4d1e95bcfc5049798ee3af28e4c3bbc2
OfficersDeckInfernusCommon	4d5ff02ddf93447994b244eb2d218937
OfficersDeckServant	83d733d3e4e8492e979f9ec40290315b
OfficersDeckTechnomat	07eff44589864af0a18ca575f05e2443
OfficersDeckTechpriest	a21c99571096411db69058d094ae97a1
OfficersDeckWorker	55abc67b9fdb4844b3a58c546d42b858
OfficersDeckWorkerCommon	b0c105bc081d4550892c8362a6312992
OfficersDeck_BathServant	ad2b922cd59843b4903e2a8544f8da99
OfficersDeck_NavyCrewMember_wrongForm	69c944a99172459c9a2c126909ed5af9
OldMan	ced727bc11ed4c489519ffbbc6c6b265
OldMasterofDiscipline	00d770d33dba46ea858d3ea3d7e8f71d
OldSacrifice	cf8bcdb8d582498f83cd06ee2e834f63
OperaServant	012519fc0dd64f508d8d13e168d7a4ca
Opticon22	69d40ecaf9354e758a312d9e3ed23c0d
Opticon22_TechPriest	f9de0ceff42349a2867936158a859390
Opticon22_WarCouncil	d9328fe40fda41d5906ed812134962fb
OurCrewGuard	f654b378f90548f2b0f0fb49b97f6c41
OurCrewPilot	1c32cdbf3d83415997ec944d53c6831c
OurCrewServitor	8488bd6e35214f2aa6d07cdc3f56375c
OurCrewTechPriest	eb782cef61ca413c8047a58ffe8e794d
OurShipCrew	9ce5812fce21411ea8eec34517c2f56c
OverchargedServitor	96448fb598d34aa38b0c38c556f767cf
PC_Human_ChordaCompanion_F_HM	c926edb9c8ba46ec81e62b39c441f645
PDSparkMan	4a189b497eb441e28e7193cf1a519b1c
PDSparkManBefore	c0eadf6e7fd742758984dcf8c40a659d
PDSparkWoman	e6901801948e4d6dadcb18748ea151cb
PDSparkWomanBefore	a8ff3a20841240cf98e5761f6d4e4c75
PainedFarseer	086a87568425489bbd807bae3dfb113e
ParadeAdministrator	17009451b8c2404281a1ec2e87f796c2
Pascal35Yremeris_ExportedPregen	f38567ee1f894e3ca376a3882ad16795
PascalCompanion	e1cfcddc1dc447278762a0725753c394
PascalCompanionCh02End	23adffdbbcfe4c20954e00b88e6bd450
PascalCompanionCh02Middle	cea51acf8cae4b15a7cd6c9799bccd0c
PascalCompanionCh02Start	f4813cd943794e16b75818e9b0dc70a1
PascalCompanionCh03Middle	fc81f71b2fb74dfab8871a854c1c4486
PascalCompanionCh03Start_NoWeapon	775f26cc64494ea7bdbbe241b1fd7cde
PascalCompanion_Ch02_Lategame	8fcb9c984f0b411ab3c1fefd4770abf7
PascalCompanion_Ch03_Demo	c7c11053dde74baab19b2e925f7e7de9
PascalCompanion_Ch03_Fake	e590aeb66af24ff2aa63041e9b3c424a
PascalCompanion_Ch04_Lvl40	7cc84610cc8643f49a1746ac231821ea
PascalCompanion_Ch04_Presstour	300620f89a6442c18ddac7f8a711f009
PascalCompanion_Ch04_Start	7af399d172044c75bb7b6e92b248a429
PascalCompanion_Chapter1_Middle	51647fb723174a6c9734b751fade1a49
PascalCompanion_Chapter1_Start	4dc5ab9004f043d3ace50fd90ff06714
PascalCompanion_Gamescom	23b2ac13ef97481193736af563ebc5b7
PascalCompanion_Level15_ExportedPregen	95b0c1f5ebf2408095bfa21f92fdf14d
PascalCompanion_Level19_HarmonParty_ExportedPregen	39ce13073adc4135a9efcd038169897e
PascalCompanion_Level25_TesseraParty_ExportedPregen	594fde56ffa94214bc6e8845dad65d8f
PascalCompanion_Level27_CyrusParty_ExportedPregen	10428e75eec04e8595941af7ff350005
PascalCompanion_Level37_TesseraParty_ExportedPregen	174b1c9d293d4eb58730f427cc42e2a8
PascalCompanion_Level37_ValladinParty_ExportedPregen	c7c09d5605fc4976a7418e38d341f95d
PascalCompanion_Level39_SolarParty_ExportedPregen	aa44875d67a44f89961a862e1189f5a4
PascalCompanion_Level47_ExportedPregen	81eff5831d5c4a9d848b9f9c883a041d
PascalCompanion_LvL40_Bakula_ExportedPregen	8fc4a3bad74b48bd9f2d65025c860793
PascalCompanion_StarportNPC	e6a25972f64d481babe0edb91198c9a6
PascalCompanion_TrailerCinematic	0297e832a75543df932eb2fe010f2e4f
PascalCompanion_level27_VasyaParty_ExportedPregen	4e3cfbcfd62f42d69df466733c6d9db0
Pascal_Level40_VasiliyPreset_ExportedPregen	2fa84f3b215d45b2bb5773519bfa89ed
Pasqal19Chapel_ExportedPregen	2144f485529a4048933f4eba9e4b38f1
PasqalCompanionOverseer_Level38	ec46180426ce4e59953ce734d22e4e15
PasqalCompanion_Level29_ExportedPregen	f7b277fed80a4727ae47e477181c4692
PasqalCompanion_Overseer_EaglePet_Level27_TesseraParty	c4d3f54f4c214dcca67494dadbc5ea1e
PasqalCompanion_lvl38_treasureworld_ExportedPregen	9ced4bcc9d33471b86f1dfb7566887fd
PasqalQuest_Dements	287d7a4d2bb146998dc450cb3eccee78
Pasqal_50_HardlightLab_ExportedPregen	e5375f82090b46cc9feb15853feee62f
PatchMonster	6f6efecb487d4056bd99daf798d5bbbf
PeacefulServitor	8d8753a935af45f79bb913ddf5801ca4
PeacefulServitor1	c7bd68eecb944f14980c426b8e04f821
PeacefulServitor2	180657e27d134d6894b65dc793356da9
PeacefulServitor3	265643871d524ac5a30b473eb3f452e7
PeacefulServitor4	f63a7719ae624d43b3b68b9028f32353
PeacefulServitor5	de52d7b473f349938165163c5eefc8ca
PeacefulServitorFemale1	5df055a2595540989189358ac606dcca
PeacefulServitorFemale2	da1ecd21f4324831ba4fbcca26d7e6e2
PeacefulServitorFemale3	997c606cba984d31b1ca7919d05f2c28
PeacefulServitorFemale4	690247ee506c463ca943836b83660d9d
PeacefulServitorFemale5	b153c5f2b2174a2d915c37eeb482e9cd
PeacefulServitorForStryx	d7388a0a384f4072b912f20189060d67
PeacefulServitor_Nomos	d3348bb60ec74f49a4a14094fb1931ce
PeacefulServitor_Starport	888ba55017c947cbb71dee9c7cab846f
PenalWorld_Arbites_NPC	c7b36a41e3564bf58d9504291fc760d4
PenalWorld_EX_Warden_NPC	0e6d0d6998be423aadd5951428b049a9
PenalWorld_Prisoner_Melee_NPC	a2c3a597bd504e96ba78bb51ce602818
PenalWorld_Prisoner_NPC	840575766c4145e4beafde84b4dc66d3
PenalWorld_WardenLeader_NPC	eea3e219079b40c1b34c292217088a86
PenalWorld_WardenMelee_NPC	3cd0b19fe65241e9b10ae05e0bf10931
PenalWorld_Warden_NPC	a3e53f3c71b14b9381fc26bee8033b86
PenalWorld_Warden_NPC1	b8610b986ad64a89a9f77bf67cab59f3
Pet_ArbitesCyberMastiff_TestExample	0fdbd88e9e984885805c24101298ad10
PirateSpaceCapitan	6c3a7633b65449eaa52bb664163e3874
PirateStationLeader_Fake	41c30bd2cf0d4d37b2b12c3d88ed6e5e
PiratesVsNavy_admiral_Fake	9416b808fdb34ae0853b89455652b712
PiratesVsNavy_princess_Fake	2866cfc88efe48bc84090d051b368c81
PlagueZombie	31ec8325b637477db829400215b76048
PlagueZombieFighter	41aa2243292f41e3ab1088ae41693535
PlagueZombie_BoardedShip_Bridge	4fe3ee61d69b44969fa9af8c3500224e
PlagueZombie_Melee_BlackShip	92b02a5945ee4613bcf98bf2b5ae4a81
PlagueZombie_Melee_BlackShip2	54e31b52b0d0479da3e5cfee5d0226d4
PlagueZombie_Melee_BlackShip_Sphere	5b5cff7d71b946a584865e2f05f46902
Plaguebearer	e89fa151e494400593770bcd29beb980
PlaguebearerLeader	6bbda555576e40b3b09ea62fdc68849f
PlaguebearerRandomEncounter	b5abfc4a40cd43e08dd6f53cf2375179
PlaguebearerRandomEncounter1	2012d901aa5546448b5763aebf0e83b6
PlaguebearerRangedRandomEncounter	11854f89a83c43ba8221e03990d32957
Plaguebearer_BlackShip_Ghost	380e1294ab494a1587404192818f5899
Plaguebearer_BoardedShip_Bridge	16505750df8840f4a08f5d97229aadee
Plaguebearer_MeleeRanged_BlackShip	9a2e5265911b4d129554c0b9e9303e42
Plaguebearer_MeleeRanged_BlackShip_Sphere	ff6dbf7097b74c8e9c6ec780e3e3cf71
Plaguebearer_MeleeRanged_Ch04	247fd6c99ddc419c9693259f6fd558f4
Plaguebearer_MeleeRanged_UlfarQuest	ec5fe9da33f141faa6b0ba77a89c336d
Plaguebearer_Uralon	cb11e6477daa42e8ad1b791bad1b6b3a
Player Character	d48e03729a253814ebb26d21b4e6a0b3
PlayerLedge_Test	b80eb8c43d404a108263d0c0461427fb
PlayerLedge_Test2	b2ee1379a97e4199943843313a459575
PlayerLedge_Test3	15823e16d86b4e4cbc3473e29575b142
PlayerLedge_Test4	d14204ef4b044b839397151030e298df
PlayerLedge_Test5	d16ade712a2542878fa4d3544a0aec82
PlayerLedge_Test6	c29071ee297d4e8093208ff9c1b6faa9
PlayerMercenary_Level42_OlegParty_ExportedPregen	0ccfe0aeaac44bfa92d5dc7ba9b47d10
PlayerRT - RND	f574566adf004321b482b7b9fdc73c04
PlayerRT19ChapelPsyker_ExportedPregen	5ec94f88e9484f41af066e4ce7afe3ac
PlayerRT19Chapel_ExportedPregen	b56279df24c94d2fb76a798ed24607c4
PlayerRTFighter	0c5ca73259a281b4ebb5a22075964f94
PlayerRTFighterStartGame	00c21eeb18a54a46aacc03ebd1809231
PlayerRTFighter_Ch03_Demo	3765fc366ca74764bedb5608b4a94f67
PlayerRTFighter_Ch04_Lvl40	557647fff84748eaab7f84cb3645184e
PlayerRTFighter_Ch04_Start	db8f97ef90a64d65a591ae386f2c1b87
PlayerRTFighter_Chapter1_Special	9f333c708a0e46f4b0c701b2ebdeba7f
PlayerRTFighter_Chapter1_Start	dfd1ece86b4b4112ba2e3f285d78c08c
PlayerRTFighter_SpaceHulkTrailerCinematic	7fc7568dff5b4b898ae659cf6f51dcbc
PlayerRTFighter_SpaceHulkTrailerCinematic_2	2d0caa7526a54344827f0a0ac0f1e95f
PlayerRTLeaderCh02End	b378c93a78f24ff9b641edf87307d23a
PlayerRTLeaderCh02Middle	a0a06b33de0f44618e35c35faa44d7b6
PlayerRTLeaderCh02Start	b07e431d33214ab0927b7e3b3af1a29d
PlayerRTLeaderCh03StartNoWeapon	392c796c012a47ebbbe11c00723a1d7e
PlayerRTLeader_1lvl	f5f1f7f71c1440abbbb55be5d1f29390
PlayerRTLeader_2lvl	2857e7170b4e4f1aa8cbe81808421050
PlayerRTLeader_4lvl	ebb2bfce0ef24a5881c703565876412b
PlayerRTLeader_Ch02_Lategame	306e15e7b7b741259dd07034b3775cfe
PlayerRTLeader_Ch03Middle	6b8ea925fd3145ca81d260cbac3b5c18
PlayerRTLeader_Ch03_Fake	3e13d2b20207492bae1e402f990c9c7f
PlayerRTLeader_Ch04_Lvl40	f1bcdabd283049ac965be7e6c1021146
PlayerRTLeader_Chapter1_MIddle	0b8c0cbb8ba0411991d30a9172e4061b
PlayerRTLeader_Chapter1_Start	400f0e18835742c29fbf1a086ff420d0
PlayerRTLeader_Female	2b50ecfd4dd4424e936b7e6a9c0ef4c8
PlayerRTLeader_Gamescom	048897b27a8643b59a79e217b73c161a
PlayerRTLeader_Level31_TesseraParty_ExportedPregen_ExportedPregen	5d55255232e447d3a9f11e2875236c3d
PlayerRTSoldierHunter_Ch02_TrueMid	f57ce758e8234619a6152f1e71c23992
PlayerRTSoldierHunter_Ch02_TrueStart	d9905744971f44f2bc462b882694605a
PlayerRTSoldierHunter_Ch03_TrueStart	bb45aec0fecc415e8dbba37c44c62c50
PlayerRTSoldierHunter_Ch04_Presstour	c97fc844209449f5b3055784c17413cf
PlayerRTSoldierHunter_Ch04_TrueStart	f008a45c68b54dd98bf7c9c45322fe06
PlayerRTSoldierHunter_Ch05_Finale	c563caa3013a4f1e8bd43681156ff8f3
PlayerRTSoldierHunter_Ch05_Finale_ChaosSoulmark	6ff8b9bffabb4f5282870a4a4bc3e968
PlayerRTSoldierHunter_Ch05_TrueStart	61775e9ead174f4795aecaf1d88e5d3f
PlayerRT_Chaos	c1491a0c8335480cb141a7f8b429db3c
PlayerRT_Faith	c1674776484044efab6065d8f6eac1d3
PlayerRT_Hope	9e2bef76fe9e4317ae40f44617a64d72
PlayerRT_Level15_BladeDancer_ExportedPregen	11cbd855084a4b5680b0af4209ccbb1d
PlayerRT_Level19_HarmonParty_ExportedPregen	421827f0a11f4abbaec12997334ef5ec
PlayerRT_Level22_NeiliusParty_ExportedPregen	7b0b21c0fb11481b8a2c85cd810357c0
PlayerRT_Level22_Pyromant_ExportedPregen	2398a844210d43a891d27fffb99c62e6
PlayerRT_Level25_MikandraParty_ExportedPregen	f7790ef70206482a8bbca10f5db3e469
PlayerRT_Level25_TesseraParty_ExportedPregen	cf87f9c86db849e180246c0950c551e6
PlayerRT_Level27_CyrusParty_ExportedPregen	27dfc7245d494b4784fae22449402224
PlayerRT_Level29_Commissar_ExportedPregen	829aa2bfee6c4190aac0d74d957b7129
PlayerRT_Level29_ExportedPregen	c86bebba1db54253abefa2bfbf01aa0f
PlayerRT_Level37_TesseraParty_ExportedPregen	a5f589d4d50e4a999b7a378da628a0a5
PlayerRT_Level37_ValladinParty_ExportedPregen	89037bdbf7cc4c308466acea1a5ff74d
PlayerRT_Level38_ArbitratorOfficer_AltTimer_Pregen	8e8c11d6268d4651b62ab9752ff440f7
PlayerRT_Level38_ArbitratorOfficer_ExportedPregen	42a1d2dd6b7a4bb9b60a679cb3c10914
PlayerRT_Level38_ArbitratorOfficer_ForTrailer	8c0f7dc44776435aafe6a0da48cad040
PlayerRT_Level38_OfficerOverseer_ExportedPregen	7b33a690ebf3408b98a5b12d75551d06
PlayerRT_Level38_OperativeOverseer_ExportedPregen	2e10cbe250144f16a1b73bfd3b117d30
PlayerRT_Level39_SolarParty_ExportedPregen	384c26141811462dae5bfb8e6e179993
PlayerRT_Level42_OlegParty_ExportedPregen	025220f8f8e04e589e615cda803cb2c3
PlayerRT_Level47_ExportedPregen	36ee6536defd46fcb5594d7823434414
PlayerRT_Level47_PetEagle_ExportedPregen	7509cc7b2b3a43cda1399df46965c5fc
PlayerRT_Level7_EtelParty_ExportedPregen	eaa25fb65f4448718c5a98e2dc2236a5
PlayerRT_level27_VasyaParty_ExportedPregen	b0bab146a7e64164afbb65f0c38c0406
PlayerRT_level47_Gamescom2024_ExportedPregen	72a9f340e2af425d8bdb5e8bace49819
PlayerTestLevel_Bard	a251579eef412214698134e4cab4e7b9
PolygonTest_Turret	6eeda0f05e314d09a8e2281b263ae27a
PolygonTest_TurretNoShoot	5868b31e15254ac182a1488dc5a1d35d
PolygonTest_TurretNoShoot1	941baea5432641acb0fa44b9d9d9626f
PossessedCogitator_OneStrong	bf98ebc33c2e4c138b5b5e7f6a9351df
PossessedCogitator_ThreeWeak	cec7c28a31af40e490ac32335f7b1d6d
PossessedEnginseer	87029d2a4fb5446793ed2a89a94cde4a
PossessedGuardLasgunRandomEncounter	92b4505206eb4960ba6137d8188389dd
PossessedGuardRandomEncounter	54930917f86340519047408ab789b9ca
PossessedOfficer	a45cfbdfbec841da8fef0a5786f3d2ab
PossessedPsyker	96c325159d4d41c3ad6d94e12b5a7b33
PossessedRabbleMelee02RandomEncounter	b6b81eea753f43e18dc5deab90d7a59e
PossessedRabbleMeleeRandomEncounter	e5da182d73e246c4a16d8776428a6a72
PossessedRabbleRangedRandomEncounter	e40f1a9a773c4da6bb45edc43f87d855
PossessedRabbleRangedSERandomEncounter	fb6fc76aaf3c423a93c52585473bfdf4
PossessedSniperRandomEncounter	6a06eb7343ea44268a819faed46f13a7
PossessedSodierFireGrenadeRandomEncounter	5bccd516a5e14dbc8b4c3cbaadf5a095
PossessedTechPriestBlindGrenadeRandomEncounter	15df00c9064c4cdcab322f706fc461ca
PossessedTechnomat	0a51a4a887db48a1bc66aa8b4d03e008
Priest	6bbbbd164a6e45f084888942e63bfca1
Priest	be46f9691cc7492db4b5052a9ff52579
Priest_Servant	c081094f4ca448e1a3039fef1cde97b2
Priest_Taddeus	9a51977294e74ff3965fc9d8f98293cf
Prisoner	56d955e5c8cc4a67b4180844e5732d72
PrologueChaosSpawn_unit	89b4bc6a273d490cbabd3ddfb30b1924
PrologueDamagedCombatServitorMultiMelta	2e88c95c59404773ac8f605cb7db9e13
PrologueMercenaryCaptain	422c84afa2804b63ad6c8807a707acaa
PsyDumper	6d4f27d00b304fd785e871c25f55cd07
PsykerAlphaShip	3fd89362d3e842688d0a337554ab4a3b
Psyker_Bakula_38LvL_ExportedPregen	e9939cbec2bb431fa36207ff0c35af6b
Q2_ElderBrother	e8df61101c444b42a0eef4cb3fe7f5c8
Q2_ElderBrotherBridge	9291795686454f31a04bbb2417b13320
Q2_ElderSister	c94944893e1e440a988f3ec9d95608f0
Q2_Father 	d45a17dbeec7408e8ae98685d31fcc0d
Q2_Mother	4db462b5e21c41cd96c67bb55b082378
Q2_YoungerBrother	71987eae71584c7daf746b626aa7c2a3
Q2_YoungerSister	5e671ba008eb4e42b5713283e963e3bb
QuarryWorld_Emelina	c0a161eedeeb4000b9e0591cc6a87de9
QuarryWorld_Guard	30aa74c86cff4ed39ae1f7398b12eb3d
QuarryWorld_Guard1	83404e8c1ff749058606636fd17895bb
QuarryWorld_Guard2	8873ddb975fd4f74a1ebf503a66b1bd8
QuarryWorld_GuardF	620449fda7e8446186aec7bb7f5ee377
QuarryWorld_Miner	3b2f85e78de0498d96d92a3474b1875e
QuarryWorld_Miner1	8095ec2e96384b4bac33ee0940571f93
QuarryWorld_Miner2	791b860725ed4c4d8c39a03e8cd14ae6
QuarryWorld_MinerNaked	a520f32c95da42d2af706c133177382a
Quetza-al_Archmilitant	23d1cd8e0f724b1e9a5676143be53ad8
Quetza-al_ArchmilitantDaemon	a37e14cb2ba046da8a454f4e9bd8fd96
Quetza-al_ArchmilitantOutpost	de242dc873374ead9ffaad368eaeca31
Quetza-al_ArchmilitantVillage	0b0a68ed66a94eb2b360f3f5bd215ce9
Quetza-al_CivilFeMale	ab85c00f5d6441bfa7f5b07d7351b5de
Quetza-al_CivilMale	588841c980cc42258f1c3ea019768945
Quetza-al_Dweller_Overlord	b84014bbd83e465f84236ae4457dadb6
Quetza-al_Navigator	f397bb34a196455bb01d5ea5917dcbfe
Quetza-al_NavigatorVillage	69f89fa606ae416d954fdff0c7b4f2dc
Quetza-al_Shaman	218a7a6c0caa41c2abdbfa9c87df8946
Quetza-al_ShamanVillage	24d1c14454c34f9cbf70161083024508
Quetza-al_Sslyth	9fb5406caffd4690b6c5ff093f1e9930
Quetza-al_SslythVillage	6b88236610cb4bc5b0ee2c0106b72ccc
Quetza-al_Techpriest	d8e940ea190a47d6b2d4e3ce9203f058
Quetza-al_TechpriestVillage	70ddb98874c74f9aaf8eceea6e8f87b0
Quetza-al_Turret_Friendly	b610b7b0efca4c5bbf5575f4087be612
Quetza-al_VillageOverlord	832a587d3c0d4d8995765528854ad705
Quetza-al_Winterscale	489162c6bc2a4dcfbd00d3e501a1253b
Quetza-al_WinterscaleVillage	e50e9d9e70664cc7a09c9a88c902e680
Quetza-al_WinterscaleVoxMaster	a450d4147b5d411697cdc1a5d5648a06
Quetza-al_Yrliet	587c005e0c704b24add2ec45b15088f9
QuetzaTarantul	c0c710cf3058436b8641a1a6f8a1bc24
Quetza_!EldarGuardianStrom_!Archive	bf324e726eb243cd9105fa49b6707e05
Quetza_!EldarRanger_!Archive	068660bd2dc140d6a3ca36eef70ba3c1
Quetza_EldarFarseer_Leader	f99c1f4fd27a450e99ad769b23ea67d0
Quetza_EldarGuardianDefender_Leader	10d4223a1dab4deeb8cc044203038023
Quetza_EldarRangerHard	aca1e823dbf64d6999d2132e3198dd5a
Quetza_EldarRangerNew	b48e9e7c37a5404986950c3922ca1197
Quetza_EldarStormGuardianMelee	32b0ca6bbd284e309f44aa1684c9d15d
Quetza_Fake_Archmilitant	ae6ea54613c14935b0c4826057908342
Quetza_Fake_Shaman	8ca95c0666144c2aa296dca5ba910019
Quetza_Fake_Winterscale	3b49e8173c3742afa9cfbbec18a4bfdb
Quetza_Harlequin	3fbe656b87fd489c8c61c186d9fb68ad
Quetza_HarlequinZanni	1974358f0c9346858d3bd6605fbd8b70
RE_BridgeUnique_ArmoredZombie	60aaace9d16f405aa9355ca5fa005735
RE_BridgeUnique_Crew	fbbd2bab9d1c409ab09a451a2a5fe9ce
RE_BridgeUnique_Guard	ae4d2ef5960d43eda91a9a855efc05e5
RE_BridgeUnique_Zombie	1f9e33af7b8b472fbf34bee5a4a6f32f
RE_DemonTransform_BlessedBloodletter	fa3af623d6f24237895aabde808640eb
RE_DemonTransform_BlessedDaemonette	e19dcfca7df340dd99be09be7efe7f08
RE_DemonTransform_BlessedHorror	fefa20ceac7d42b18a2c830044daa163
RE_DemonTransform_BlessedPlaguebearer	8a2a916dc95f4f4e9b1c1c8d70dcd9b3
RE_DemonTransform_Grunt	7c46cca87a26449f812ca55128a18722
RE_DemonTransform_Gunner	2778c2ba5f7c49b6b01cab0d187320d8
RE_DemonTransform_NurgleBuboe	19e459f959ac48e8928bf6d128845f9c
RE_DemonTransform_NurgleZombie	f0cab435df5f4fcf9020bf13c80e27fd
RE_DemonTransform_Possessed	7e069d37e4c84dda821d5e805ed7decc
RE_DemonTransform_Zealot	eb14a9dfa72d45fc8fc7e9cce5af85a6
RE_Hold_PinkHorror	5094bbb95a8045859f220e9f56db9574
RE_Hold_TzeenchScreamer	97a89660eb9a4e63950d38813edeb6be
RE_HorrorOfTzeentchPink_FromServitor	96750abf6ce748faa12e00742895fbef
RE_MadCombatServitor	03d80aa2d49843558ab724cbacdb7b25
RE_MadCombatServitor_Melee	1b6b3452105240b3bd89bd658e0bbca5
RE_MadCombatServitor_wBuff	33abf95b0c7649479f2f35109dee84a7
RE_MadServoSkull	95fcf80cf5114c8c9e494a72c348577d
RE_Plaguebearer_UniqueBridge	2935c34ac98245c5844bb9f77dd5bf39
RE_PossessedOfficer_Captain	37365c7f76d34007ab9f5014def0eed5
RE_PossessedOfficer_Flamer	5445d7ed0559462d8e19132c5ba84646
RE_PossessedOfficer_Gunner	8d653c79cdf948ae808225fa09dac956
RT10CSM_ExportedPregen	6d1af2eba54c43c8a4b3a06fe0686db1
RT35Yremerissss_ExportedPregen	06073d1426d240db921fed2c5f9eedc0
RTChaos	fc6d7875613c418490f88954ee2b9e55
RTChaosFemale	c158fdc9963848249901172d21bc2896
RTFaith	36e10a083f954e6a887a301f1de15476
RTFaithFemale	ff579f2605ab46c8951a2bc637de0715
RTHope	7ff7d839cd2045259d25e39ee5c099c2
RTHopeFemale	9cc710952b1b485dba37ecff6aa0d8b5
RTNeutral	0c3626316ad64d9985c71217c9f55584
RTNeutralFemale	e3951eac0ca24a88b28ec465a8523bc6
RTPalaceGuardPeaceful_Female	c0d32ff15d644326b66c31f51b9cbfcb
RTPalaceGuardPeaceful_FemaleCutsceneNeutral	3806cf8a69054b938da592e4f2f45f67
RTPalaceGuardPeaceful_Male	172c675f427748109f21d545a1b88234
RTPalaceGuardPeaceful_MaleCutsceneNeutral	3df98d0109634efaa31a0001be27c585
RTPalaceServant_Female	d7e7b77772384ed2ad286af961b63bdb
RTPalaceServant_Female2	dccbfb493bb1446e97f5644a411631c4
RTPalaceServant_Female3	02b725200cb84248a8b1354e51d87662
RTPalaceServant_Male	9f4e3bca4cc94ced8e4be679e3d79fa7
RTPalaceServant_Male2	ba7f9ec2745c4ef29c17b1aebcedeb85
RTPalaceServant_Male3	6811aca7afb74b83956f7cd821200765
RT_50_HardlightLab_ExportedPregen	2ed52344e7dc49bebd41ce23521551f1
RT_55_Overseer_Bakula_ExportedPregen	21e95a898be64620acc71787cf608f48
RT_Bakula_36_ExportedPregen	f2c49713324f454b99a85b7e0d4174f7
RT_Bakula_38LvL_ExportedPregen	f0e2d136fc3f464a81301d6be24cc7b9
RT_Bakula_46_ExportedPregen	1e183abc21ff4aeeb78f6d4b2ef3ec0f
RT_Copy	eb753272532f45a3ab681130efa3cc38
RT_FORTEASER_1_ExportedPregen	3dbdb03f3ada423abc8e834fdd4d9d6e
RT_FORTEASER_2_ExportedPregen	83f295bd8e0d4ee289442262eeb8f749
RT_Level40_VasiliyPreset_ExportedPregen	77df58345ce2463fb3da4d91f83161ae
RT_Lvl40_Bakula_ExportedPregen	c30c16d6690f44d38fdbdf173d872739
RT_lv38_chordafight_Psyker_ExportedPregen	157184e0c56d40cfa659fe9aa75b31cd
RT_lvl38_treasureworld_ExportedPregen	ebc12a460b2c4f8eb4b51aed3de71063
RabbleLeaderOld	a7c40e802cbe4e1ba578b6e7e9e15211
RabbleLeaderStrong	20edcfddd3e246cbb4019b60c9d96f86
RabbleLeaderWeak	7860c29336574f7e90dd1c3a7b410d55
RabbleMelee	3a48022d2d184216a725a4b62e363933
RabbleRange	3890f9198b9c40619fed4f5df3fe16db
RadicalBodyguard	8f4a5a87fdd74e21b9d9300708fc31e6
RadicalBodyguardFemale	f971a8c091bd40128fca91d4e0f9296f
RadicalBodyguardFighter	be197e2f36974021b7786fcd98873dad
RadicalFakeGuardFighter	f740a810a57e467390d4e3d688f72627
RaycadMinoris_Governor	2547289644244e1f85bd6c06a7ab84d2
RaycadMinoris_GovernorGuard	82870e226ce04d6eafd9c1c0339130dd
RaycadMinoris_Technician	fa69ec8f5dcf4241bc7c250cde9945fc
RaycadMinoris_TechnicianAdept	d7da3d70c0784361bdbb7a6757e71ff7
RaycadMinoris_TechnicianTrader	fe543f19e168427991f5638ff7581c93
Reaper_ForMarketing_Preset_ExportedPregen	8b7e7454166a4a188b0da81c55c6f4f7
RebelMutantMeleeCH02_Swarm	8506a49db37f461ca3800ad7cb4351f9
RebelMutantRangedCH02_Swarm	3e7b63167d7840afb46d2db71732fa9b
RebelServant	8970583a924e48d588de2cc26a73bcf5
ReginaZaurback	f17bb330da2242f1ace6e4e378f834cf
RegindSpacewolfMarine_Melee	e1b33ed2d2ca4962a9cac40f682b95ad
RegindSpacewolfMarine_Ranged	6aa650295bca4fa6b839bb6ba4a78270
RemainingRebel	3218cffc1abec364884ce75c5c177e98
ReportingOfficer	0335de8b16274ecb9e5275edcf37e75b
RoaringFemale_Gladiator	d3d457fcd5884882a52865c62188837c
RoaringMale_Gladiator	4cffd70af1534107b64ed9a7106736b8
RoaringMale_Gladiator2	fadc6732465242c5a673e09d13190830
RoaringMale_GladiatorMelee	66b20fc142cf4049a465ff16db240890
RoaringMale_GladiatorMelee2	8fb22c0f09a6439ca65ae37481fda1eb
RogueTraderGuardPeaceful	cda4f3e493b947abb8bdbe7bc8499da1
RogueTraderGuardPeacefulWMeleWeapon	a1480e42e51e4807bf95785577846bd7
RogueTraderGuardSergantPeaceful	060c515ae9e8438d91825d6f71dd768e
RogueTraderShipSoldier	bc41f742af7a43a597b606a6335e3978
RubanHroshavach	0efe429614de4c828183bca1a9110022
RunAwayPsyker	ccb33ac4f328426884831fa472fb4bb7
SC_DW_Beast_Tail_1	38ecb6a20ac94404a8e626217b968dad
SC_DW_Beast_Tail_2	ec79a2ed326243039d3ad8d9fab54b1e
SC_DW_Beast_Tail_3	f73015543f4a4f92937a6d8415a5f4e3
SC_DW_Beast_Tail_4	93238ea2364046998fbdde52ab2357a9
SC_DW_Beast_Vine	dd822095ce7843c2b550016ab8f28da6
SC_DW_Beast_Wart	05fb3e16ea894ab2bb7093add8f08e07
SOLOMORNE_FORTEASER_ExportedPregen	4a2c8a5012dc45429f51b78854a0a9f2
Sayonara_23_Abelard_ExportedPregen	80339d2104e3483ba0e5922ba9157083
Sayonara_23_Argenta_ExportedPregen	81a837734a174ae5b1330660e5c47d70
Sayonara_23_Cassia_ExportedPregen	d0bb3e5a51154bd593cd4f985dbd30bf
Sayonara_23_GG_ExportedPregen	93a3ba5c86d34a76b2cb69abdda18ddd
Sayonara_23_Idira_ExportedPregen	12c96fa5e9ff49ce9f4638427824a80b
Sayonara_39lvl_Abelard_ExportedPregen	7f118f059749468090bffebf318163a9
Sayonara_39lvl_Argenta_ExportedPregen	dac7fe58ea7e4e70a93fc0bfc4f3805c
Sayonara_39lvl_Cassia_ExportedPregen	6fb7b685d06c415582d10d2738d1c817
Sayonara_39lvl_Idira_ExportedPregen	ed30cb4cc6f142c2a9e4292a2bb5535a
Sayonara_39lvl_RT_ExportedPregen	55a8c018a16248b7bc25885cc7f7f0ee
Sayonara_39lvl_Ulfar_ExportedPregen	3ae6dca8059a4734b54c380930fba348
Sayonara_Abelar_23lvl_ExportedPregen	cf13f9a37cf24837a77177b9330e7c18
Sayonara_Argenta_23lvl_ExportedPregen	9ec7d20b7f6542d4b6cdb81f626b5c7c
Sayonara_Heinrix_23lvl_ExportedPregen	4d6aff45175c4f5da839c629fa12224b
Sayonara_Jae_23lvl_ExportedPregen	a554296e28264cabb975c9295b98a8b7
Sayonara_RT_23lvl_ExportedPregen	a43044dec6864fa9903b6ef888c3274f
Scavenger	b9456bf5a2bd4824b146e5a511288b7e
ScavengerCutter	1139005de66046d7b8afab205a862790
ScavengerLeader	9510ad5009b44744a55cebfad16bf776
Scout	11567b68d0a74b9892fc78c17753cc4d
Scout2	cefa03a5cab249fd9cc3b0821c91c36e
ScrappedTechpriest	e8dd6a6459cd40868e045af5526c0cb9
ScreamerDemonFootfallSlums	1c88397dedee413cb886359cb487379a
ScreamerDemonStarport	67fa5044c4fc49a6a2aa477eeaf95885
ScreamerOfTzeentchPrototype	434733b88bed42a88d55194647b7d62b
ScreamerOfTzeentchRandomEncounter	38944520ed454d539c0162de6a15f578
ScreamerOfTzeentch_KhraveRuinsPuzzle	7c113c0c37f0431fa3633085704d2a5b
SeberianVonValanciusForLastScene	ed1c11c384b94d90a10d5b0fe834231f
SeberianVonValanciusWithSword	f46b4cbce4ce4fd095daba803995289e
SecretaryServitor	936b7efe0dec489995ab31413369b315
Serf_Sevitsia	f35f42a0651748c09255be16568591f4
SergeantVigastis	da25257449584820a1aa6e22166a6277
Servant	6fd18ff55ea0a5e4f89ae8f3297770e8
Servant	46b65bb91077483f8db718e15316733c
ServantDoorGuard	3f20c57109e244c6a58f594f3897276a
ServantFemale	81bd5bc7af694cf8a36b8bed5f39e168
ServantFemale_Hollow	d7880edcc53f4d6493d934868b19929d
ServantSeekingRing	f441c5c9eb774ce68e0ae708e051fe97
ServantWithWeaponLas	314ddd01894c4f5798218fe09084e32e
ServantWithWeaponPistol	34395d876ab64522aeb48e53dc07f65c
ServantWithWeaponPistol_SpecialCutscene	1f7f6a1cfd254972a084364bedc1e727
Servant_Ghost	f682b349a7904603b92817bb16031801
Servitor	30ff1bd210ccd914886ec962206dafbc
ServitorChaos	d3472dce87e6453ab0740869938c3c7a
ServitorChaosCorrupted	c38eea0f1bdf438e91b51333e7480819
ServitorChaosSelfDestruct	9513a791d01446f996146b4235e95069
ServitorChaosSelfDestruct_ForgeHeart	511c60c0461345478cc11c347105da8c
ServitorFrozen	16203cb37fd14906a35a42d3237cc78c
ServitorMortus	79cfcaa967b64d6fab61e860883bdbc5
ServitorRandomEncounter	f069ae81d98f4ecba8a5bbc0b6121301
ServitorWarehouse	a54a2c1de6df498bb03bed50291ce1e0
ServitorWarehouseJaeQ1	08a712b256a04eb589a59e2644c98f9e
Servitor_Annis	546934cbda2c4ffdb2b0417476f28c65
Servitor_FWSH	eae6f73f18f34465a2321635238298af
Servitor_Melee_PasqualQuest	1745e14f6a0f45be9f4788d4512edf2f
ServoSkullNaviRadicalLeader	30ee51c4f8464e49a11975c04f08bae1
ServoSkullRogueTrader	87c82fd6571343ab8cf650b644d13d12
ServoSkullRogueTraderPalace	fc499acc4f904f2e95efa9e00e7eac4f
ServoSkullScrapCode	9cd810b2af7441daa79476cf3a375fc7
ServoSkullSiberian	a912f2102fbe47358cf31b2b5cc56470
ServoSkull_Patroling	ebc1b1789bf24c08986dac1859cb4a71
ServoSkull_PenalWorld_Speaker	3dfcfd2a550d4797a87bb167d9414352
ServoSkull_Warrant	851b56b43e374f39a18fb42e6b8c0a6b
SevitzaDD_Ranged_AstropathicChapelCH2	d3c2080eeb6b4c938b93864cdfaa0fca
ShieldForTest_Unit	31675c74ea0942db81d52b0ac46ed9de
ShipConfessorPeaceful	78c860108aae466a9210013e3b7b0e14
ShipServicemanMutant	75845a4ff9ff1ec4d9805cdd6c351aa4
ShipServicemanMutantAcid_Ranged_Common	29937ff39d684c2e97ee6b078c61593e
ShipServicemanMutantExplosive_Melee_Hard	2d505d7c71bf4bee9753749c2d7b4ffb
ShipServicemanMutantFast	15bceda3bb304005b91c14e8067861dd
ShipServicemanMutantFast_Melee_Common	e74ce0f2a5d246079358debabae334d6
ShipServicemanMutantGuard	17eb2289e3f24c85bc3a8cbe83cf57a3
ShipServicemanMutantPsyker	7a728f85977346bcae7e3ef2eb8ddee1
ShipServicemanMutantPyromancer	01078dcc62a044df9c0c8948f8b33034
ShipServicemanMutant_ForCoronation	797e4eb7873a45caa11f7a0893a71339
SicarianRuststalker	56818fd6032643a39666f8fdffa2e581
SicarianRuststalkerChaos	bab58378bf484a568a51cffd74d5526e
SicarianRuststalkerChaosItsTime	9bd88751633e4f7c91babfd97403d185
SicarianRuststalkerChaos_Grenade	499224768b1f4ca7acf27ca78bf31e50
SicarianRuststalkerChaos_Melee	9c409b4c473f454b91085d56264acb76
SicarianRuststalkerChaos_UlfarQuest	08993ef5eb354213b990781c4bf029ae
SideQuestChaplain	2baff2ab6c5a45a6887e73a506a9fb86
SideQuestFidelio_Servitor	514a18e3dd45458391e4f687f8100812
SideQuestFirstMate	859baf6b8d7c43af9edcf5ca33bd3ef5
SideQuestPirateScion	ca6b3d7122b043f38ed018629ffe2886
SideQuestPirate_Techpriest	5d7b454772704f8dbbff8c83fe1dcd32
SideQuestScionDaughter	2a9aca3b0d644d6588458e403ffe55c9
SideQuestSlyOfficial1	57ca5d1e35204a6b9118da16a98f32ad
SideQuestSlyOfficial2	721742fb58604b92ac68aab47325a343
SideQuestSlyOfficial3	a9e9cfc4dc874686ba03dd69aa786901
SideQuestSwindlerClerk1	e8842c4183214a89b4a1fea60be0b486
SideQuestSwindlerClerk2	c0a6a21771474d2ebeed87947a0177c6
Sinistroia	c864a87c6fb44b52b175dabc64c237cf
SisterOfBattleCutscene	e82a5796096c43a7873700e57e5493b6
SisterOfBattleCutsceneBolter	2c227a9a684a43208e21bfb75e625928
SisterOfBattleFakeForVox	af95d3812e9c44deb6e9708ff70bb260
SlaaneshDaemonette_Melee_Perils	59dc38621801499a96b2d324b07f50b9
Slave	30e720caa2c54a1ca602027cbcf338df
SlaveWithKnife	b2f620a7436e490b94c6e6d31fc34c05
SlumsMutantFast	7471e5bc0eeb46a1a4d5ae3b1a490abe
SlumsMutantFighter	e30ca433ef384afa8ee2804469b07459
SlumsMutantGuard	98de3b69e2d440eaa573476a56646f17
SlumsMutantLeader	16e91e2e4d9e4868923ca5a8ac1fcb18
SlumsMutantPsyker	451407222dde4b65958360256701af75
SlumsMutantPyromancer	5ad77da616be47e29797ae2cba2fb6d1
SmallIceDestroyable_Unit_1	d819f2330cd14bae94350636f1d89e55
SmallIceDestroyable_Unit_2	15f9d9c5d21143e5995212b444b34cb6
SmallIceDestroyable_Unit_3	165f701f11084f7d943a6401e521234d
SmallIceDestroyable_Unit_4	c71eb16f3e2a4b6d900b0345d7443d67
SmallIceDestroyable_Unit_5	f305dc42871e4b14abb86e0bc05a36f5
SmugglerCompanion_Bar	dd7389f0207e470ea6c24abc1a7ec966
SmugglerCompanion_JaeQ1	93c36ae94649458ea4e8f6411b88a2a8
Smugler	7f1d5a06cb9848f0984eb88d32c16832
Sniper_AstropathicChapelCH2	7a08650131004aa2868a249c0c75800a
SoldierQA_lvl15	2674d05c20834b6ea900eab38468cc88
SoldierQA_lvl4	24722803a28f4764a3efbd7b6d00d896
SolomoneCompanion	2b17257de5fa4a158cea7d22d0abeb65
SolomorneCompanion	a699795d21f74159abb00f9a217fa97d
SolomorneCompanion_15lvl_Test	f3d7dc026ac342f39f54623ef0512d8f
SolomorneCompanion_22lvl_Overseer	27209d93992a4ba1b1b33a002396a6f2
SolomorneCompanion_22lvl_OverseerNPC	5add786b1391471e9bea7d5795959236
SolomorneCompanion_22lvl_WithGlaito	99ccdded56f24a1ea87ae2ff7efc1e43
SolomorneCompanion_27lvl_Overseer	58418a6bb4b14eb98920bd747f97c311
SolomorneCompanion_38lvl_Overseer	f420268b54dd40b99f336b7f1f0d8b46
SolomorneCompanion_Level22_ExportedPregen	5548e87792aa4d9cbe0a4f9b56a7ddbe
SolomorneCompanion_NPC_Boarding	42292d2ad33a44a1bb8a162139f77a98
SolomorneCompanion_NPC_BoardingBolter	e19247fab5d3407ca436fd46052718f1
SolomorneCompanion_NPC_Ch01_CommandCenter	275beae9781c49d2851911b52b22d837
SolomorneCompanion_NPC_Ch01_StarPort_Combat	2e163eee0f6444aab5fea927fbf6a906
SolomorneCompanion_NPC_Ch01_TaintedStreets	fc93b0d1cd1340b6a5070d1ffac460f8
SolomorneCompanion_NPC_Ch04_PenalWorld	f76f1443283440789bd29ebf71ab9528
SolomorneCompanion_NPC_FootFall	d45d6a72f9ef4b04b2cdb14f5b903427
SolomorneCompanion_PetOwner_Eagle	d1fa378f2394461989e457547627ab2d
SolomorneCompanion_PetOwner_Mastiff	76a7887e95154e7ab7ac82b6febb32c8
SolomorneCompanion_PetOwner_Raven	d64b0ad5b8b8498aa136ed348ceaa3c4
SolomorneCompanion_PetOwner_Swarm	8442cc65d3ce422982636f8807f65fbe
SolomorneSquad_Bryce	c595eb79dc4444a59d3a7ac79c1909c2
SolomorneSquad_Bryce_Back	e9775d1c05634544b38031d481b0effa
SolomorneSquad_Clayton	bdd4fde643b24cb6aff6164029a704d3
SolomorneSquad_Clayton_Back	eb8ae7dc04024044a0edec2b6c2dc512
SolomorneSquad_Stein	9e92b0c7b4524ddd91ac77ce3983b1ae
SolomorneSquad_Stein_Back	b88027eabb8d4bd2a9916b21a48480c2
Solomorne_50_HardlightLab_ExportedPregen	f4a80033a5e947e3ae25cb8bc352d104
Solomorne_Bakula_38LvL_ExportedPregen	2e1366933b3642c7896c3cb48392cdb6
Solomorne_Bakula_46_ExportedPregen	6a1f8fc841394fe09182751d2dc22b2a
Solomorne_Bakula_level36_ExportedPregen	997550f3e4604f50ba9c81338dbf7c6e
Solomorne_LvL28_Varl1n_v2_ExportedPregen	4a3689779a1042ef96df66adc4436452
Solomorne_LvL28_Varl1n_v2_ExportedPregen_OLD	a988348b80ee42c2828616d5f8490744
Solomorne_LvL38_Varl1n_v2_ExportedPregen	9423251e46e248d08dfae6ec3ee41497
Solomorne_LvL38_Varl1n_v2_ExportedPregen_OLD	b149c20257664a0e9f913968cae49d9f
Solomorne_LvL40_Varl1n_v2_ExportedPregen	fa9127201a1e4518bd57e102b488ee63
Solomorne_LvL40_Varl1n_v2_ExportedPregen_OLD	365821dceb944dcb81cff7fd8807aecf
SoulMark_Chaos_Cultist_Male	a9705f7991ef42ce9be3a9e68cd5cb3b
SoulMark_Chaos_Overseer_Male	508d0a2e856c42a89289accf80d2a73f
SoulMark_Chaos_Slave_1	c972a9b4605d4c6baf7ec11bec2997a8
SoulMark_Chaos_Slave_2	e1511403a237469bbcf1c6781997ea69
SoulMark_Chaos_Slave_3	50fe36cd26624fbc95f0d741895a60d9
SoulMark_Chaos_Slave_4_Drukhari	5a3de9b439a24260b5bbc108bdf13164
SoulMark_Chaos_Worker_Male	e50d8485012847bea7cad4746c24be3f
SoulMark_Faith_Cardinal	694cb472658d4ce4ae292995949e5428
SoulMark_Faith_Missionary_Female	11c8f16cca8a42d686dcd48fc76dfe23
SoulMark_Faith_Missionary_Male	6a743c7859414827a7f249655808de06
SpaceHulk_MadLogos	d47c4c2c53d74c3cb9bbf080c9c69239
SpaceHulk_MadMagos	3c5c7c0e9c87489dafba65a45961a4db
Spacemarine_axe	4b81380dc07245849efcf0bc6572025e
Spacemarine_bolter	5270cd1e8a5642bdbb1cc648ace0ba32
Spacemarine_flamer	d3c68053ec2447ee8347d60f0ad4c86c
Spacemarine_melta	49c31d218b03419a83bd6b6efd733e04
Spacewolf_Ghost_Bolter	497eba49f78f4f8396b02daa6dcaf61a
SpecialGuard	25284858df394775bcf11361466a22b9
SpecialGuard	976fc5274b2a4616aad1f686cf6c3845
SrValancius_invisibleKitten	4dd7f3a406e4434a9b287c24264d31f1
StarPortGovernor	0cea9a31116b455390daa2156df3266b
StarPortJaspar	1f62c66a53d1419cbe1e628f91ea4939
StarPortPilot	5d37149b5cc74e46ab561e261889968d
StarPortSergeant	55897fb4454e4768a66cecaf17257b30
StarPortSolider	5d3c1bccdb974d5ea7f0645df3db6e91
StarPortSoliderLootless	ce543c6a527341bfa92262151843d410
StarPort_Noble	85e2de4e66174e12a05294097f26df93
StarPort_Noble	dbbf67db340b4bfb820d01b05514875a
StarPort_NobleFemale	3d2cf3276de44ffca2c24fb74d149bb6
StarPortsignalman	491835c92b654f8e973f9dc1f120417e
StarportBlindMadmanF	d9d81b7e88db41c39b391ab9b4a1d0cf
StarportBlindMadmanM	f6310cf417564de0a97e193775e5e77b
StarportRebelAgitator	646fe788c45a4c00bc004fa78038d9e2
StarportRebelLaspistol	62e5b8ad08ad48bc8ffd4ab2059500d3
StarportRebelLeaderSniper	c512be2168184e10bb8f582e636efb7b
StarportRebelLeaderSpecialist	ce35cf82d513499bbef7a8c6e4eb031f
StarportRebelMeleeBaton	27ab52a21aa246938e47dc2c734526f4
StarportRebelMeleeBully	290e98fe385b4e4eb2e2674aead3917d
StarportRebelMeleeBully1	62d05c71454d4e7fa7b3d7b4884e84bf
StarportRebelMeleeBullyWithGrenade	7f4418b7ac7848a2998fcf7d66087354
StarportRebelMeleeKnife	b23b2554fa5a43dd90b5a2ece17f00d7
StarportRebelMeleeSwarm	0694f7ac7aa6432da08aa65307e36ef5
StarportRebelNoMoveLaspistol	aceb6b5d0b2547998d577a5202fca5f6
StarportRebelRangeNoMoveSwarm	49ce1ecb71144885a4d81e6d01ac10bd
StarportRebelRangeSpecialist	8195bcef538a40e4a5670c7aeec5e5f0
StarportRebelRangeSwarm	c4c81a95b38246b59a3691e322cae684
StarportRebelRangeSwarm1	09a3e33f3d574d02b8f0a333b880d0ae
StarportRebelSniper	79fe9ab2f7bd4ea784c8a935ae2277c3
StarportRebelSniper_dlc	2bb106be72fd4fe8b8c4e68f145b913a
StarportRebelSpecialist	8e0e85fa1e8e4e369d0415d6b8ca96f3
Starport_Psyker	9a351e6271ef43a197bb9f7ad99f894e
StartGame_Player_Unit	3a849d3674644c0085d5099ccf6813df
StartGame_Pregen_Adept	2e0da150605f4772bff485952fec3319
StartGame_Pregen_Fighter	6176bbc9298646d9a371999be2f02e64
StartGame_Pregen_Leader	f9d594a1094247b69f711774dd4d954e
StartGame_Pregen_Psyker	89450677ca1d4b93a28c81f7afadf77c
StartGame_Pregen_Soldier	478bd2c6192d4867a3145e463bc363d6
StavrosPsyker_Support_AstropathicChapelCH2	dbfd92479a994181939338e2aff00a2a
Steward	84971ee0bab5455a8be887e15d9116ae
StewardNoCape	a75cc1d8d4f64bf6b2f3126677e149a3
StrangeCyberLacerax_Melee_Hard	be360b23fa30469cbeb0d47e79a1fac1
Stranger	d9feff7322bf484794ed74aed578d02c
SuicideVladaimAgent	7eed02ed7f464062acdf6b0384b24526
Summon01_Epitaph	03f4029c4e814309a7822b030366a0b4
Summon02_Epitaph	405980174a3a4a45aae4ba52ad5f3aa2
Summon03_Epitaph	8b8ce88c9c254586aa71b5d21a65e71f
Survivor	54abb583a57e41c2bd83ade83daaaf94
SurvivorCamp_Draft_Helper	6887e0cf433947d093f001b6ab085a52
SurvivorCamp_Draft_Plants	86139f11d5024a068b029059fa78784a
SurvivorCamp_NPC_Butcher	91bdc80ff2e14e269b1bc5abb8f4f045
SurvivorCamp_NPC_Common	e55cb46dc2c249e0ab235fafeb4ca4d2
SurvivorCamp_NPC_Common_Flamethrower	cb1bd53514cc48bf912b8b9036d8c4f1
SurvivorCamp_NPC_Common_Pistol	bdc730a3b4b14369b976933769691902
SurvivorCamp_NPC_Common_Rifle	2f24c51d58e44bfdb1856f93a69f6d35
SurvivorCamp_NPC_Cook	822e6199c4294e82973e8ca1d407eccb
SurvivorCamp_NPC_Dankosh	0577f93a391e49a08f4f200dd2488101
SurvivorCamp_NPC_Doc	9c90febd5f2842b29415406f449eb4dd
SurvivorCamp_NPC_DocMini	6d7e1bc149ad40e08a46d80b2f6f722e
SurvivorCamp_NPC_Female	d248cddcfb284827a85ed9b0ebe38aa2
SurvivorCamp_NPC_Female_Dialogue	abe6ed8f76c64843a6627bb86462e32d
SurvivorCamp_NPC_Injured	f338c9ede93547309f13d79ce6cd83b0
SurvivorCamp_NPC_Male_Dialogue	92270bb083804c40be07d2efa21965e3
SurvivorCamp_NPC_Priest	0089d1204b034d6a8f2fe2b595d88b87
SurvivorCamp_NPC_ShootingRange_Trainer	73782384a0fd49dcb8477c69627949ac
SurvivorCamp_NPC_Worker	ca58e2b9f6a346e8b135248fcd5eada9
SurvivorCamp_State2_NPC_CommonMan	54cc319b84574c12a78c9a0605ee20e3
SurvivorCamp_State2_NPC_CommonWoman	67fe9b72e63645278a0c4e1ddf3580bc
SurvivorCamp_State2_NPC_Cook	a8d04069433b4957aebc326069b36e39
SurvivorCamp_State2_NPC_Elevator	c11f6fb5834e466ea1a33d4db797ffea
SurvivorGuard	6bcf4dc494204c8d84b70cefc7faa902
SurvivorLeaderBoy	357bd14e2b944aaebbad3959467d3b81
SurvivorLeaderWoman	d0fc7d7f52324c37a70318bf7d5beafb
SurvivorScout	dc4d82017be14ae080a60abfb812af4a
TESTArgentaCompanion	4d9e9029fed24c2bb40fa172e5267e14
TESTCompanion10	7a1bfafd405d49249c59602c38993b96
TaddeusTank_Melee_AstropathicChapelCH2	6bc1026f51f249c4bb7c8713d22b951e
TaintedCultistPsykerMiniboss	190f90dabd5442bf8dcaa30cc60c99d0
TaintedStreetsBlindMadmanF	974009646a5c413f8fcebfdccadbc831
TaintedStreetsBlindMadmanM	0906bb5f77e04bf0bebc87ade9c79e7d
TaintedStreetsCultistFlamer	7662298726c44497a19ca73185ab638f
TaintedStreetsCultistLeader	fc9f3392f34d408aacc8e77babfa8d15
TaintedStreetsCultistLeader00	dc1f1bd19fef4fb88afd40260d3e568b
TaintedStreetsCultistLeader02	d57c421545964d5bb2e65df00553032f
TaintedStreetsCultistMelee	a4cc1b62fa9441cd8fc60ae6691ec3e3
TaintedStreetsCultistRangedHeavy	ac85618ee970497a8d937ce727680b68
TaintedStreetsHostagesF	f50e1f2865f24c37859df42f155d6745
TaintedStreetsHostagesM	0f1c9043dfa4435fae07b97279517283
TaintedStreetsRebel	aa6740315e9248cc805a7564c4386f68
TaintedStreetsRebel	f5dcf8499bb74b2ba1f7b7901d9c28d2
TaintedStreetsRebel02	f58e46f3e8b04a9dbbadbd5c7bf72570
TaintedStreetsRebelFlamer	b7234cedb0e74135acc4dd17844d1e1c
TaintedStreetsRebelMelee	ecd81f6a02ee4c69834543f6fe21b4bf
TaintedStreetsRebelRanged	70b41f06f7934a3c88568fad2360c290
TaintedStreetsRebelRangedHeavy	da04cd99c2ea4c17a267a44fee559212
TaintedStreetsRebelRangedLong	a6394a6311c244578b82fe96bca90ac0
TaintedStreetsRebelSniper	4e1094a5df4e4b608f868f2e6ab021e6
TaintedStreetsRebelSniper_withLoot	1f974af5b26246aabaabd368e8081929
TaintedStreetsTriumphCommonerF	7a9c297a583141a7a089dc44f397823f
TaintedStreetsTriumphCommonerF02	4bedb99eb2dd47f3a9d47b735fa9c831
TaintedStreetsTriumphCommonerM	462554dcfc3e4b11a7ab063d5c8fd7ca
TaintedStreetsTriumphCommonerM02	586a51efc7d945938a025fb4189b856b
TaintedStreetsTriumphGuardF	0bb2165e6a07476ba150541904262b06
TaintedStreetsTriumphGuardM	371b56ea16d24d52a840cbfe3560770b
TaintedStreets_ArbitesShield_NPC	7f41891fed624c5597a8f8c143112562
TaintedStreets_Arbites_CutSc_NPC	812b26b8135d441099be1fa267360ca4
TaintedStreets_Arbites_CutSc_ShieldFace_NPC	53d421b6746942ba89051421ef09ec9e
TaintedStreets_Arbites_CutSc_Shield_NPC	ebce2e0a5f0b40d4b1a232e07c5e368b
TaintedStreets_Arbites_NPC	f05087f95ea9408a87e5137631b57584
TaintedStreets_Arbites_SolomonSquad_V1	9bc515c1b1b84c3ab0f65544807e22ee
TaintedStreets_Arbites_SolomonSquad_V2	b05f652a45504cd3a990c304491ba5d9
TaintedStreets_Arbites_SolomonSquad_V3	ca20fbb722ce4db3bb183102208d8247
TaintedStreets_VIP_Combat_NPC_Cybermastiff	ed31a48e202844ebb9de5d017354f066
TaintedStreets_VIP_NPC_Cybermastiff	c1cd3ca2e2784982a1f8c82ce39972a3
TalkerPDChambers	fd719a0fa3cf424a82e67450a7890b35
TalkerPDChambersBefore	692d6d260293446797057e10ecd8bb87
TalosCTanPainEngine	4c2f5662b9af4c8f9ea006517b17a185
TalosPainEngine	6b08410adc154a97823a4f9dd06a5a8c
TalosPainEnginePrototype	61585f65831d4e40a8b53d2f5d3bba70
TalosPainEngine_StingerPod	0a4b82accdfb4e53aae77a06d7276a4a
TalosPainEngine_TwinLiquifierGun	6c1fb6d3024e4feda6a931fde83e295e
Tanakia	666a4d0cb1624afa882bcc25fa5f077f
TarantulWarWorldBunker	c93f642ec8a34494be48725379d29b2e
TarantulaTurret_Ranged_DargonusLoop	bc0cfef546bc460391cf912126035cd2
Tarzus	53e0815ea8eb4cd080efe8e4d2f84345
TarzusServitor_Melee	60f8f335ecd848e288821cf33ee8c370
TarzusSkitariiActual_Melee	e3aa501bf8e24a17b48fe06083bb3c66
TarzusTechPriestStubcarbine_Technomat_Adept	4eeb0a3e89fd47e59bae8759c530329d
TarzusTechPriestStubcarbine_Technomat_AdeptTactical	936fe46f77b44f30823220580fe6557d
TarzusTechPriestStubcarbine_Technomat_ArcAdept	058a224afeab4b818dc49c3991a7bb64
TarzusTechPriestStubcarbine_Technomat_Hunter	5b33071829b54e34b9958dfa3ffec52b
Tarzus_Skitarii_Melee	3b59e14549cf4cdeb75a20fad85a748c
Tarzus_Skitarii_Ranged	d6c51b2891764ae1b177d65623066f37
Tazarra	adc3eed9ecc14129ad03433fe92f14aa
TechPriest_RTPalace	eeaee064bfda4f1a822ce57bc8265412
TechShaman	84ac3a95f9cd49dcba26418c6f027fd7
Tech_BoardedShip_Bridge	b61c6d8574b34144963367e49ccde58d
Tech_BoardedShip_Bridge1	eac9f9b9a24e47278b406c44db914646
Tech_BoardedShip_Bridge2	91cfad98a5054b7db2ef36caf86843c0
Tech_BoardedShip_Bridge3	07f0b8c256df40b6807e339ae4fb60ca
Tech_BoardedShip_Bridge4	7d5504622abd43a79744cfbbe1427276
TechpriestLogos_ArcRanged_PasqualQuest	c3a0cb4b5fab4fa8b22a33444140efe5
TechpriestLogos_MeleeRanged_PasqualQuest	9b25e50d685f4ed693cc885911c1d5be
TechpriestMelee_TrailerCinematic	d87bdb89ba6a4a78a453216c534765ef
TechpriestRanged_TrailerCinematic	b388e23975694ac8941f3471af283fb3
Teodora	99ded1c8324b4027a9b74eac7e6c2f4d
TestAreaPC	68b67a7192d94f68a704b2702c59b359
TestAreaPC_Naked	338b636883974912837bcec1ec87dd8d
TestPregen_Arcanist	ce2ab8d4459782d41bc65dcd65f58853
TestPregen_Bloodrager	ae17793cfaaaebf43a33cb2d74e1fe1c
TestPregen_Oracle	286c30427fd7d80448974f03b76a5b87
TestPregen_Shaman	c1fe4067028b5204980a212831f467ab
TestUIPregen	dbf1dd8210444c0c881bad765ac876b7
TestUnit_Shield	189a997ee47b456e96276cc378f2e887
TestZombie_Female	214406d590f14421b94860305aa802ff
TheAlly_MeleeRanged_VoidshipTempleAmbush	057bbeb83a1c4578b911f726460d9ad4
TheDoorFarseer	a8c48b94bc154977ad380854ea582048
TheEmperor_MeleeRanged_CultFinalDuel	5c4d9279cb194f9b8150912183cf7c1b
TheMaster_Melee_CultFinalDuel	c6964a5edf264e5bb2bdd09f617116a6
TheoOrsellio	d6d042c4f07d48efb53d9e3ba42ad9d3
TheodoraUnit	6727085fc8e241108ba05355274127ca
ThiefBrute_Melee_LowerTunnels	a88d10738bf04585a03138370d859fdd
ThiefFighter_Melee_LowerTunnels	8c18f2c0edf84f209455ca75ac4bbc60
ThiefGunner_Ranged_LowerTunnels	7b12abdef2c7408cb13e12eb1bc55d45
ThiefLeader_Ranged_LowerTunnels	8e9e1e6e1c5143789b535f5c4e34a314
ThrallMeleeSwarm	f6b00ae7feb745a58cb38c63e8ce5a43
ThrallMelee_SuckedOut	362bb1ea52474a9e8798d0f858b06f0e
ThrallRangeSwarm	32b9cc6a7d464d6b9a84f848faab6d90
TopOfficersAssistant	a8c6d4fe0996470b81c6b38337d1f653
Torbald_WarCouncil	f679eb160a7144029a051d4277f5b3d2
ToriannaGaprak	0417c8fa7de5458c8d743f3c8d388c2b
Torra	11fc9ba9bf074ff7845920b5735ff11f
ToughCultistPsykerMiniboss	27c17aafc3d64d4e923a387d5cb36708
TradeAmbassador	92a9b0fb744d464c837785bef31e61d0
Tramp	4b8277e7aed04e2c9c993bddb239546f
Tramp2	2b2d3b8a3ecd45f88da5f9101cd8f6ea
TrampF	170983aa6d954658b3d11fb83045ee3a
TrampMain	0b2a5255e06d4d5997f1a078f71f6258
TrapActor_Lvl01	f588b2f9dd4b7274b95b78f8dd3c3d53
TrapActor_Lvl02	77e61da1e30c6394581dee2bad5573ff
TrapActor_Lvl03	bef5370a75984fe4daebfa563ccf3dd6
TrapActor_Lvl04	26f5fe3d70075284abd9a7854c92f70a
TrapActor_Lvl05	f57d9286d1594b644b940d5a67500125
TrapActor_Lvl06	62c80e2ed35434441a71a093a79eaf5b
TrapActor_Lvl07	d6b354448fef56549aed099d1df2b194
TrapActor_Lvl08	fb0e281967f04df4fab1154e2b3ccc1a
TrapActor_Lvl09	0c8749b1549b7bf4d9a16398d69bc6fb
TrapActor_Lvl10	e1eb99c043da79f43af2923985c0c35e
TrapActor_Lvl11	827bc94bbdbec48408f730e4bd5edef4
TrapActor_Lvl12	6d9327d83a3e49f41a1f62ca90342b24
TrapActor_Lvl13	9a4347f241b5d6f45b73126b3307f4b4
TrapActor_Lvl14	1d6ce1d727a3e104b826add53fac8254
TrapActor_Lvl15	48a78f83968b4c04484869aa19784af5
TrapActor_Lvl16	c80bce5a2219ac54dbe87f96b9b35cea
TrapActor_Lvl17	2e36ded047a971d4d884bb12c08b4750
TrapActor_Lvl18	72671ea79fc34ae45a73771fa07ca302
TrapActor_Lvl19	5de6ee8d44b6c384bbf606ca9653c919
TrapActor_Lvl20	decf8cfa2eaba6d4da5732414d865db5
TrapActor_Lvl21	91ddeae883e5c404084e934bfcbbe7fd
TrapActor_Lvl22	a6199b00b91dbb44bb329c7c2ff14610
TrapActor_Lvl23	e2e819ab5b4210941b61a666d74d4c3f
TrapActor_Lvl24	a7c4d4db7358be34da00eaf133e765d1
TrapActor_Lvl25	90aaf5dac9721c2488457ece75bf4f1d
TrapActor_Lvl26	d8ccf57846defe842938e3db168ea4ea
TrapActor_Lvl27	7747bda8a18425c45a84b292eb078df0
TrapActor_Lvl28	70fbe82d92220d84abe9f9932f42d7dd
TrapActor_Lvl29	b9780a5a6123c124e9b3311ece2bfc68
TrapActor_Lvl30	8bef8dd4419e857429706b24164a4c2b
Trazyn_Collector_Boss	17bffdb9792d4ec08658f1748ce51f8d
Trazyn_Collector_FirstVisit	1a2aa96decb34d65beae821c72f444c7
Trazyn_Collector_Projection	d2dca05f9ae14d47a8c58de1cfceafce
Trazyn_Collector_Projection_HL_out	2a9f46f7caea42398b7c28b6c4ad3751
Trazyn_Ctan_Support	29005db5e6d546239bde8d0e49d481eb
Trazyn_Eternal_Boss	f6f7f2730077416da418ad0fe3a91ed4
Trazyn_ForFinalTalk	80cee71ee82b4132bdb0cf83fde7bb54
Trazyn_Timelord_Boss	078e50dd590c4da193a16e6a5cac8b3b
TreasureWorld_Ambull	eae51f85845c442fa86d7beb85147f7e
TreasureWorld_AmbullMother	b8e80b7b2f7e4ceaaf8cb3b05497a578
TreasureWorld_AmbullMother_CutSc	5a84342a42454caaaf2947867a19bfe3
TreasureWorld_ArbitesCybermastiff	f2a12714afb3409aa9b0188fe174656e
TreasureWorld_Arbites_Leader	badc0f6a3c684fcda357e81841d5c1dc
TreasureWorld_Arbites_PetMaster	22729fca34c5490dbbee15930a285615
TreasureWorld_Arbites_ShieldNShotgun	4a02a1bee6f84892b3cb7a3f8c818c69
TreasureWorld_Arbites_Turret	17f76a154e764b7da6157c5429fb66ca
TreasureWorld_ContainerAnchorPoint	33ba7da6933742978efe5097ea830db6
TreasureWorld_ContainerAnchorPoint1	93a59ffffe8948eea31aa67bc0cbdbde
TreasureWorld_ContainerAnchorPoint2	34d7a00eff9d4d008353b69c56b81789
TreasureWorld_ContainerLarge	0b219f28f1bc4c58a46b6c7a296320d9
TreasureWorld_FeralGuard_Bomber	b941649dc33e45569621803ec01a9afc
TreasureWorld_FeralGuard_BomberAntitank	db4af318aa6a484bb0e0c69f5e051d40
TreasureWorld_FeralGuard_Commissar	177625c02c094c9c80ba8e8e5a00adcf
TreasureWorld_FeralGuard_Ranged	44c90f4236a6482790e149b02020ddb8
TreasureWorld_FeralGuard_Ranged_NoExp	05394cf139794e57b8fe15ef2483ab10
TreasureWorld_FeralGuard_Ranged_Weak	1f894768d0414fc68c983a97e78b6e50
TreasureWorld_LemanRussTank	c2c0e6ebff3849c0bffa4fd2540ccc4a
TreasureWorld_LemanRussTank_Player	cfd51b1f974a4ab78a0712b8f8294a90
TreasureWorld_VIP_MadClerk	283d3a222b704fbf98b0545c3202738f
TribeCommoner	be580fdaf53645b6ab5235c58c66f2d7
TribeCommonerFemale	11e7c34ed6944a2393715baaba1bfb35
TrueGvedon	bf80750677274e5f91348c17f8522c4c
TurretHeavyBolter	f72460d4a8c9489b8ee05fb3ecca6104
TurretHeavyBolterFoRCrypt	516ea3f32a4b434c9d7a187f6e589af2
TurretHeavyBolter_RTPalace_Siedge	279545eb536848d9865f52dfd3188115
TurretHeavyPrologue	2fecbc53b671412385e0ba873b1151cb
TurretRandomEncounter	f4a2fa29fae94aef92e56ccafffe5afd
TzeentchHorrorBlue_Melee_Perils	2765bc58fbe448a4bbd08004c8c1eb1c
TzeentchScreamer_Melee_Perils	838974c07f204909bd32adcb38283a09
UlfarCompanion	daaf3d6bae644af8a9128ea09044bb99
UlfarCompanion_Ch04_Start	c5d9fce74c1b40dcb19095d6dd0be36a
UlfarCompanion_Ch04_TrueStart	c2dc2d2fc06f4b7380e2576386aee006
UlfarCompanion_GrandSpecticleNPC	0c0bbf24238b4a719c3dbd55040e4f0d
UlfarCompanion_Level37_TesseraParty_ExportedPregen	be437506df714b16989ab85496c31d05
UlfarCompanion_Level37_ValladinParty_ExportedPregen	83e78961e15a4787bdc888f00fd59cd0
UlfarCompanion_Level38_ValladinParty_ExportedPregen	f5ac5a0aceb2462e8d585fa9c80c17ff
UlfarCompanion_Level47_ExportedPregen	16b23ddd74934b3088475ad4689b0263
UlfarCompanion_Lvl40_Bakula_ExportedPregen	c2a84f56cf5349b29b5c102e2aa73ace
UlfarInPrison	751042885a284bd8b676601f6b5fb025
UlfarNPC_ForgeHeart	898287a7d34742a18399afc774fd6adb
UlfarNPC_KTCQ1_NoArmor	10e98256943f43c3b94ed22c16b13325
UlfarNPC_Naked	7ad234204e3b44058962fc16e993756f
Ulfar_50_HardlightLab_ExportedPregen	cc9013afe15e4dbd9f3294a47fad3f80
Ulfar_Ch03End_Companion	6bdc6fa256934a5d90118ca5e150b388
Ulfar_Level40_VasiliyPreset_ExportedPregen	c9096c60d4c141be85be3c498d7bf90b
UnderhiveMelee	5e43bc768c59476591f19190e58ddb95
UnderhivePistol	aec8f30c124149ba8492b4c09dd5a159
Underhive_UniqueDemonVictim	409da5a0198a4259b5fc6434d465f758
Uralon41Abel_ExportedPregen	2259655380c54667b35dbe3395098827
Uralon41Argenta_ExportedPregen	d077ac79f54943e494d9555ea3915c29
Uralon41Cassia_ExportedPregen	687515ef73124a65b3bb7ce22296feb2
Uralon41Heinrix_ExportedPregen	a052bff1caa04a22b16cca66687f58db
Uralon41Pascal_ExportedPregen	561e16065b894ee9ac88169b9d85513e
Uralon41RT_ExportedPregen	f3feab6358c748b19cf70dec5d8cb852
Uralon_Companion	c222cb0668ea49f4a9ac04de2a3e25ba
VB_LizzyOnBoard	80106dbdfc804bc9a5b7cc8bfaa94a3d
VC2_ArbitresMarshal	d8247eb3b10c4061b39b14ee1f105772
VC2_Arbitres_Melee	30e6364a1d7a425b93d877122c6eed40
VC2_Arbitres_MeleeMaul	ae42841f785040469eee3ad919799df0
VC2_Arbitres_Melee_golem	879ddd836ff3443c8866230943d9bfd2
VC2_Arbitres_Ranged	d4986fff3ac5489fb07791d8d9690ca3
VC2_Astropath	bc5ca9badb2042b48afb13c1829619b3
VC2_Cardinal	6432d6b1b2004bf0b3a06baca558db8a
VC2_LadyMolles	01fd41f53a3d4ec098f948a50bab2a15
VC2_LordMolles	303d4552cecb4f8181cf93868606fd2d
VC2_LordSecond	b768dead1ded42ffb9410dc2c861f6e4
VC2_LordsChild	1f9048cf8005462e822005a3507e55fe
VC2_LordsDaughter	618ba39ba0fc480da380ad472cca70ba
VC2_Mercenary1Alpha	1e0ff56c0c124c3aaef0e6941b4c95fe
VC2_Mercenary2Beta	28cc3740c7e04f7da1c8b34c61065c40
VC2_Mercenary3Delta	0cd0aae977e249deb41cf5642d2ca882
VC2_Mercenary4Dzeta	2fd7f56b1bb74755997141911d40ff35
VC2_Mercenary5Epsilon	e95674bf2ca246659c14569d7f3b2438
VC2_Mercenary6Gamma	516affe61abf4142896902a300921ea1
VC2_Noble	d6602fe0cf6349a09d94fb34c783d7bb
VC2_Pirate	e1851480372148a98c63522e21b098cd
VC2_Prefect	d06f4190997047c39094a3db406f79ec
VC2_Procecutor	2b6d28ba53134c448835aa28e888e59b
VC2_ProcecutorCannon	3fcbdec54ff147f59c02deeafaaa3e38
VC2_Servant	fd5eeb01c6bf488f9b1a5860da74cf72
VC2_Zealot	7d9dd6c381bd41eeb1df862fb601de96
VC_Arbites	d1feee580b2044368b04f1a07e5fd6a2
VC_AstropathWitness_male	32785a2121504c45a4334d43335f3803
VC_CardinalWitness_male	e74f8ebb12e848b9a29e71acca4c2022
VC_Choirmaster	fe72f7e3b67347a7bab5af0d1d0389f0
VC_Clerk	d8d3b7e1c80c44ad86c3c9b5f856513c
VC_CourtHerald	90bf70c0ac6e48309961745d9032eabf
VC_CourtPriest	ea2bec0ceafa4d0c8c504831dc2cb0eb
VC_Guard	cae312f51ea4462f9a08159baecdeb23
VC_LadyMollesJr_female	6ec88efbad8e400b901e77291e7f9c3e
VC_LadyMolles_female	bf01516868de4a61ab650aa37d5dea83
VC_LordMollesJr_male	ed417e217fa44d56ac6a17466d1ced8b
VC_LordMolles_male	417af5e89977425e8729251a4829dda0
VC_LordSecond_male	98459c6097914bcc898a323cd005a0f7
VC_Mechanicus	0eef62b4cc164050954eaea5e7652fd9
VC_Noble	ca5305b54d164dee8fcc0a16cdf30f76
VC_NobleFemale	9f03958e616649d1a74f63dd488124bb
VC_Prefect	8fcdb970ffa2423793090ef80e4e17ac
VC_Prosecutor	a19df75e8d4449b5bde79510e222aa39
VC_ZealotWitness_female	ea74a746008a4bb29f54cf8fcebcd408
VP_Marshal	79f80ee055a9421c91146a1901d0637b
VP_Marshal_noHelmet	2480da43227d40dbb80c28ee66a8fd46
VP_Prefect	607633048c204abbbc99b497134297db
ValanciusEnforcer	1a4bc2b1d2ed4d1985c0f6af38ae5a10
ValanciusMedic	d6234a05f3094b1788b921305b1c5653
ValanciusOfficer	a37c9496dfdf4068a3dec31d87501542
ValanciusSolder	83e86f77a695423b9146f8c3dff226d1
ValanciusTechnomat	57710820275e4a3280839c1849272248
ValanciusWoundedOfficer	3d81122a6dcb414f996083e7c4f392fd
ValanciusWoundedSolder	b4121b0dc2d84b5aa2f28a9b6bded4c4
Valet	810abdf21de74eb99abc3b09388861fb
VasiliyAbelar_15LvL_ExportedPregen	8c77ed9ecfc647a4b6147bfe625994d9
VasiliyArgenta_15LvL_ExportedPregen	a9e7e8b1072b470b8ae591e7cc9a1679
VasiliyHeinrix_15LvL_ExportedPregen	0b402ce674494c609965f2170fa76352
VasiliyKassia_15LvL_ExportedPregen	5c047420ca7f46c5933efae16a0c4693
VasiliyPascal_15LvL_ExportedPregen	09eb6bdebe934a6fa6ee13c4be61d268
VasiliyRt_15LvL_ExportedPregen	6788f42c21ad40b6886d1b9ab1438cfa
VectThrone_Ahileas	33136b39e0a54d1b997be15d079eb4da
VectThrone_BridgeGuard	6bbc7602d6ae4fb4a9a011fdfa6f38a9
VectThrone_Court_Dream_Iremerris+Theodora	95174e14296d4f9a9b6a5d7fec4eef39
VectThrone_Court_Dream_Maraja+Heinrix	0f162ef508534be584f17a12ff03d06b
VectThrone_Court_Dream_Vect+Kalckasar	e7a2f2795a324b1eaefb96c9ca0adf55
VectThrone_Court_Real_Harlequin	a67080a825d24b688f876e9063509579
VectThrone_Court_Real_Iremerris	2c29365d978541b5ae86f3301a82f3d1
VectThrone_Court_Real_Marazhai	e532c7b5b20d41f9b56802e77b4e4604
VectThrone_Court_Real_Vect	9d3af82186f64e54a59211635fe2ed23
VectThrone_Inquisitor	b241d70acbac4e8a81fab8c5669e8689
VectThrone_InquisitorSoldier	47a61ee79dd04fd7ba30ef9c3f863df2
VectThrone_Vigdis	7dfc18ec4bb64fbfbce73af97544d7ef
Veteran	31b1436b4b574564b83f79e9fab8d1bc
VeteranAssassinTechpriest	02835d88d9a541ce8bcebf0683681e93
Vivisector	021dd97b536e4f9198958948bdca8297
Vivisector_Head_Implant	3256c4f8cdae495fa965829aaf3b3914
Vivisector_No_Hands	69a085c57823457a902fb0abb5d7204d
Vladaym_Final	1efb5eb061794dfa8dc563d8e241453c
VoidMaster	30855d3b9b424441ba8a071eb0c9df63
VoidshipGuardRandomEncounter	198fa29c73ba4c28b7a50186f581e630
VoidshipReactor_HeavyWorker	8658696cbad94e1081e5ddcd050e772a
VoidshipReactor_Infernus	cc1dd9e1ece64af8b740474e117545fd
VoidshipReactor_InfernusFireTeam	fd748432d60e46759c5ce81bf5b1929f
VoidshipReactor_Officer	05a25fe4441041179ac194d3a40fbc3f
VoidshipReactor_Worker	553a94ee7c0d4d22a12bda5314b029d5
VoxMaster	566598ba5d904d0fb8031908d2f538fb
WarpBeastScreamerTheodoraUnit	d8527767f9c145d081600727f34a6b7f
WarpBeastTheodoraUnit	8b26ddee0b1c46b8908bbbbd921b63fe
WeakZombie_Melee_BlackShip	1145523003574803b95d581ab17980e0
WeakZombie_Melee_BlackShip2	a27e0fcd4db542ba8b2a00f6d473495d
WeakZombie_Melee_BlackShip_Sphere	4ed68ab112564b83b4e66d694f54e953
WeissPsyker_miniboss_AstropathicChapelCH2	fd1f21fe7efc426b8fc4f5f729f7a1fe
WildCannibalHeatmaster	37a103514aba49e9b0bd2fcc57db93b5
WildCannibalLeader	a47ebfd9e53e41a6bb4802da2960e656
WildCannibalMelee	3c68ff812bd64883b924c4309defcfc4
WildCannibalMeleeSwarm	a7ac736d74d247c2a6ec99d462355ccf
WildCannibalRange	dd1d81520a7e47b2b6f4382d1673eef7
WildCannibalRangeSwarm	651eab55f0a14af093ee0406ebdf197c
WildCannibalRangeTwitching	a7b7d495776f43dea6a96abcecbe7dc6
WildCannibalTrapper	7b354c62ceb34a949baaddd24ac67db0
Winterscale	da7e83d7da6149e49109decbaac24bce
WinterscaleArchmillitant	7ba6ef57c4c340c2b3b78eb06d5b9204
Winterscale_Companion	73c59c9ec5bd4c929be80e15d7f88c73
WorkerCorridor	be1c1582b43148a1a572b723aeccea91
WorkerHope_KTC	5e9cc3ea84f443cb92bf1b3075ae9136
WorkerSector	8aafed95138b4f77b28db94c7c9aa10f
WrackLeader	be7fb5cf355d4fe599adaa87281395e7
WrackServant	1e41dc4677c54116bb1805da1dc0ff97
WrackServantNoName	0732b0bb09c64a708fd76019d8e74501
Yanus19Abel_ExportedPregen	f5a65e14fac24e15a3bd812b1952d849
Yanus19Cassia_ExportedPregen	f7694dd432ad40e78f288bd24cd6bc8d
Yanus19Hen_ExportedPregen	b201f392ac83455a866f89546e9bc91e
Yanus19Jae_ExportedPregen	bc0d574792cd4a63aee01d0a3982e71c
Yanus19Pascal_ExportedPregen	916368f780bb40e78cad8d541c34180d
Yanus19RTT_ExportedPregen	6c6199eef6614ae686fa1a7e9bb77a23
Yanus19RT_ExportedPregen	88674ac9c8bb4467af02bacc7061647c
YanusRepresentative	6d3438998aec4769b4f82a975601c9f3
YanusRepresentative_Leader	61a5300a98cb41e88c9cc67faded6d1b
YetAnotherEnforcer	97033bf675db4d6f832e27e1866ac5d5
YoungGaprak	41e8acdbfbe7470f84dee0f725d8253f
YoungGuard	3a08b156293f40ce9a07a33b23d92dbf
YoungGuard_impostor	90c920c3102847019b91104d0b7393fc
YoungSacrifice	641063dbd7544d6eace4138be461dffa
YoungZaurback	48f9825a072a4351a80d30833d7cfde1
Yremeriss_unit	30b5a7b364924b6a88ffe6408c19c189
YrlietAbductionMarazhai	8c3f9db096e947a29b2042178619c21c
YrlietCompanion	20c5ce9f1e2bcf9448a7a0fd0850f5d2
YrlietCompanionCh02End	2f112499077d40539955790364d9d165
YrlietCompanionCh02Middle	07681860145746beb9f60912df872487
YrlietCompanionCh02Start	cadbb04132e74250abbd8a138160ceab
YrlietCompanionCh03Middle	3c1a7e7611c2424eb924b17270015010
YrlietCompanionCh03Start_NoWeapon	2731296b172447338ccefb5db5b34935
YrlietCompanion_Ch02_TrueMid	5a3529e3962f4d508686ada8e8d1e246
YrlietCompanion_Ch03_Fake	d48c626ca35044ffb7744834e7885248
YrlietCompanion_Ch03_TrueStart	7628977a3ac64f80899d4e69e9e6359c
YrlietCompanion_Ch04_Lvl40	0da0b8513cf949c3ba0c528095128cc6
YrlietCompanion_Ch04_Start	a4f91a59eb80482d9566253b92ed8628
YrlietCompanion_Ch04_TrueStart	22b6165e95ec4d33afd525741b5a140d
YrlietCompanion_Ch05_Finale	7477dd098ad54f49acb14981d45a7583
YrlietCompanion_Ch05_TrueStart	c52e04b6296f40088d3d227d74218eb2
YrlietCompanion_Level22_NeiliusParty_ExportedPregen	3f116f71102444c2bb47ba28533254f2
YrlietCompanion_Level25_MikandraParty_ExportedPregen	6398f0a648504d27bdf90f23c6aeea51
YrlietCompanion_Level27_CyrusParty_ExportedPregen	56cbe4b7e11649d7beea25020b66dbff
YrlietCompanion_Level31_TesseraParty_ExportedPregen_ExportedPregen	796f4f9b3b134ea9b0da83662a4614f7
YrlietQ1_Farseer01	741416df69e6423cb622cd0b77a7621c
YrlietQ1_Farseer03	d2b4d086343e449487f0d0be2c6bda30
Yrliet_JungleWorldNPC	2a194859ef644514ba59098fcc4a61f2
Zanni	80670c5e93964d33a8483b6a62e048b1
ZanniIncognito	e4a0c8bc5e274211a9415e8d73383007
Zanni_GrandSpectacle	d2dd230b7eaf4a38a6ec2a5538e3e18f
Zaurback	575158ec84ed476cbc115c9ae8da6757
ZekePeacefulState	2266f604dd5c4af7bf2afa9c8867026e
ZombieFighterRandomEncounter	813b0ee3082342caaa7c315822dd6fb5
abelard_lv38_chordafight_ExportedPregen	b85b0ad7ce354d0cad725455baf1a932
idira_lv38_chordafight_ExportedPregen	c703bd772eec4b308d5d36f66ab39d2b
jae_lv38_chordafight_ExportedPregen	c66e0e606f3445f48739fca481d77a01
pasqual_lv38_chordafight_ExportedPregen	b2e9e302ca254ced897b2aea0fad9fa1
presset_RT_Eagle_ExportedPregen	eb3658cb38f6438c855b69ef9362e0c6
presset_RT_Mastiff_ExportedPregen	92fc46e25b2343888f850c3d2641cc2a
presset_RT_Raven_ExportedPregen	f3f1ea7b5d2f47a3a24a5c678692be2e
presset_RT_ServoSkull_ExportedPregen	8f852ad890c840ae9f83245b037361b4
zin_22_AbelardCompanion_ExportedPregen	eb6b73ae8a5248aaaa57e7721ad68c12
zin_22_ArgentaCompanion_ExportedPregen	2815c16cce5c463aa4f14ae54e24c163
zin_22_CassiaCompanion_ExportedPregen	c3a3786cd33443408c4210ca373e6316
zin_22_IdiraCompanion_ExportedPregen	eec4a3ee2992495e9080b6997a0d072d
zin_22_KibellahCompanion_ExportedPregen	f5781f4d0ad34e8eb03c4bb3268e8f71
zin_22_RT_Operative_ExportedPregen	b47977b686fc46ecae1614b199dea889
